usage_id,measure_word_id,usage_order,classifier_hanzi,classifier_pinyin_numeric,review_status,notes
measure_1_0003_爸爸-usage-01,measure_1_0003_爸爸,1,个,ge4,legacy_unreviewed,
measure_1_0003_爸爸-usage-02,measure_1_0003_爸爸,2,位,wei4,legacy_unreviewed,
measure_1_0005_白天-usage-01,measure_1_0005_白天,1,个,ge4,legacy_unreviewed,
measure_1_0008_包子-usage-01,measure_1_0008_包子,1,个,ge4,legacy_unreviewed,
measure_1_0009_杯子-usage-01,measure_1_0009_杯子,1,个,ge4,legacy_unreviewed,
measure_1_0009_杯子-usage-02,measure_1_0009_杯子,2,只,zhi1,legacy_unreviewed,
measure_1_0011_边-usage-01,measure_1_0011_边,1,个,ge4,legacy_unreviewed,
measure_1_0012_病-usage-01,measure_1_0012_病,1,场,chang2,legacy_unreviewed,
measure_1_0016_菜-usage-01,measure_1_0016_菜,1,棵,ke1,legacy_unreviewed,
measure_1_0016_菜-usage-02,measure_1_0016_菜,2,样,yang4,legacy_unreviewed,
measure_1_0016_菜-usage-03,measure_1_0016_菜,3,道,dao4,legacy_unreviewed,
measure_1_0016_菜-usage-04,measure_1_0016_菜,4,盘,pan2,legacy_unreviewed,
measure_1_0017_茶-usage-01,measure_1_0017_茶,1,杯,bei1,legacy_unreviewed,
measure_1_0017_茶-usage-02,measure_1_0017_茶,2,壶,hu2,legacy_unreviewed,
measure_1_0019_超市-usage-01,measure_1_0019_超市,1,家,jia1,legacy_unreviewed,
measure_1_0020_车-usage-01,measure_1_0020_车,1,辆,liang4,legacy_unreviewed,
measure_1_0027_大学-usage-01,measure_1_0027_大学,1,所,suo3,legacy_unreviewed,
measure_1_0032_弟弟-usage-01,measure_1_0032_弟弟,1,个,ge4,legacy_unreviewed,
measure_1_0032_弟弟-usage-02,measure_1_0032_弟弟,2,位,wei4,legacy_unreviewed,
measure_1_0034_店-usage-01,measure_1_0034_店,1,家,jia1,legacy_unreviewed,
measure_1_0035_电话-usage-01,measure_1_0035_电话,1,部,bu4,legacy_unreviewed,
measure_1_0035_电话-usage-02,measure_1_0035_电话,2,通,tong1,legacy_unreviewed,
measure_1_0036_电脑-usage-01,measure_1_0036_电脑,1,台,tai2,legacy_unreviewed,
measure_1_0037_电视-usage-01,measure_1_0037_电视,1,台,tai2,legacy_unreviewed,
measure_1_0037_电视-usage-02,measure_1_0037_电视,2,部,bu4,legacy_unreviewed,
measure_1_0038_电影-usage-01,measure_1_0038_电影,1,部,bu4,legacy_unreviewed,
measure_1_0038_电影-usage-02,measure_1_0038_电影,2,片,pian4,legacy_unreviewed,
measure_1_0038_电影-usage-03,measure_1_0038_电影,3,场,chang3,legacy_unreviewed,
measure_1_0039_电影院-usage-01,measure_1_0039_电影院,1,家,jia1,legacy_unreviewed,
measure_1_0039_电影院-usage-02,measure_1_0039_电影院,2,座,zuo4,legacy_unreviewed,
measure_1_0040_东西-usage-01,measure_1_0040_东西,1,个,ge4,legacy_unreviewed,
measure_1_0040_东西-usage-02,measure_1_0040_东西,2,件,jian4,legacy_unreviewed,
measure_1_0050_饭-usage-01,measure_1_0050_饭,1,碗,wan3,legacy_unreviewed,
measure_1_0050_饭-usage-02,measure_1_0050_饭,2,顿,dun4,legacy_unreviewed,
measure_1_0051_饭店-usage-01,measure_1_0051_饭店,1,家,jia1,legacy_unreviewed,
measure_1_0051_饭店-usage-02,measure_1_0051_饭店,2,个,ge4,legacy_unreviewed,
measure_1_0052_房间-usage-01,measure_1_0052_房间,1,间,jian1,legacy_unreviewed,
measure_1_0052_房间-usage-02,measure_1_0052_房间,2,个,ge4,legacy_unreviewed,
measure_1_0054_飞机-usage-01,measure_1_0054_飞机,1,架,jia4,legacy_unreviewed,
measure_1_0058_歌-usage-01,measure_1_0058_歌,1,首,shou3,legacy_unreviewed,
measure_1_0058_歌-usage-02,measure_1_0058_歌,2,支,zhi1,legacy_unreviewed,
measure_1_0059_哥哥-usage-01,measure_1_0059_哥哥,1,个,ge4,legacy_unreviewed,
measure_1_0059_哥哥-usage-02,measure_1_0059_哥哥,2,位,wei4,legacy_unreviewed,
measure_1_0062_公司-usage-01,measure_1_0062_公司,1,家,jia1,legacy_unreviewed,
measure_1_0063_工作-usage-01,measure_1_0063_工作,1,个,ge4,legacy_unreviewed,
measure_1_0063_工作-usage-02,measure_1_0063_工作,2,份,fen4,legacy_unreviewed,
measure_1_0063_工作-usage-03,measure_1_0063_工作,3,项,xiang4,legacy_unreviewed,
measure_1_0064_狗-usage-01,measure_1_0064_狗,1,只,zhi1,legacy_unreviewed,
measure_1_0064_狗-usage-02,measure_1_0064_狗,2,条,tiao2,legacy_unreviewed,
measure_1_0083_火车-usage-01,measure_1_0083_火车,1,列,lie4,legacy_unreviewed,
measure_1_0083_火车-usage-02,measure_1_0083_火车,2,节,jie2,legacy_unreviewed,
measure_1_0083_火车-usage-03,measure_1_0083_火车,3,班,ban1,legacy_unreviewed,
measure_1_0083_火车-usage-04,measure_1_0083_火车,4,趟,tang4,legacy_unreviewed,
measure_1_0084_鸡蛋-usage-01,measure_1_0084_鸡蛋,1,个,ge4,legacy_unreviewed,
measure_1_0084_鸡蛋-usage-02,measure_1_0084_鸡蛋,2,打,da2,legacy_unreviewed,
measure_1_0086_家-usage-01,measure_1_0086_家,1,个,ge4,legacy_unreviewed,
measure_1_0090_饺子-usage-01,measure_1_0090_饺子,1,个,ge4,legacy_unreviewed,
measure_1_0090_饺子-usage-02,measure_1_0090_饺子,2,只,zhi1,legacy_unreviewed,
measure_1_0092_姐姐-usage-01,measure_1_0092_姐姐,1,个,ge4,legacy_unreviewed,
measure_1_0103_课-usage-01,measure_1_0103_课,1,门,men2,legacy_unreviewed,
measure_1_0103_课-usage-02,measure_1_0103_课,2,堂,tang2,legacy_unreviewed,
measure_1_0103_课-usage-03,measure_1_0103_课,3,节,jie2,legacy_unreviewed,
measure_1_0107_老师-usage-01,measure_1_0107_老师,1,个,ge4,legacy_unreviewed,
measure_1_0107_老师-usage-02,measure_1_0107_老师,2,位,wei4,legacy_unreviewed,
measure_1_0114_妈妈-usage-01,measure_1_0114_妈妈,1,个,ge4,legacy_unreviewed,
measure_1_0114_妈妈-usage-02,measure_1_0114_妈妈,2,位,wei4,legacy_unreviewed,
measure_1_0119_猫-usage-01,measure_1_0119_猫,1,只,zhi1,legacy_unreviewed,
measure_1_0123_妹妹-usage-01,measure_1_0123_妹妹,1,个,ge4,legacy_unreviewed,
measure_1_0126_面包-usage-01,measure_1_0126_面包,1,片,pian4,legacy_unreviewed,
measure_1_0126_面包-usage-02,measure_1_0126_面包,2,块,kuai4,legacy_unreviewed,
measure_1_0130_名字-usage-01,measure_1_0130_名字,1,个,ge4,legacy_unreviewed,
measure_1_0149_年-usage-01,measure_1_0149_年,1,个,ge4,legacy_unreviewed,
measure_1_0151_牛奶-usage-01,measure_1_0151_牛奶,1,瓶,ping2,legacy_unreviewed,
measure_1_0151_牛奶-usage-02,measure_1_0151_牛奶,2,杯,bei1,legacy_unreviewed,
measure_1_0155_女士-usage-01,measure_1_0155_女士,1,个,ge4,legacy_unreviewed,
measure_1_0155_女士-usage-02,measure_1_0155_女士,2,位,wei4,legacy_unreviewed,
measure_1_0156_朋友-usage-01,measure_1_0156_朋友,1,个,ge4,legacy_unreviewed,
measure_1_0156_朋友-usage-02,measure_1_0156_朋友,2,位,wei4,legacy_unreviewed,
measure_1_0159_苹果-usage-01,measure_1_0159_苹果,1,个,ge4,legacy_unreviewed,
measure_1_0159_苹果-usage-02,measure_1_0159_苹果,2,颗,ke1,legacy_unreviewed,
measure_1_0164_钱-usage-01,measure_1_0164_钱,1,笔,bi3,legacy_unreviewed,
measure_1_0170_人-usage-01,measure_1_0170_人,1,个,ge4,legacy_unreviewed,
measure_1_0170_人-usage-02,measure_1_0170_人,2,位,wei4,legacy_unreviewed,
measure_1_0174_商店-usage-01,measure_1_0174_商店,1,家,jia1,legacy_unreviewed,
measure_1_0174_商店-usage-02,measure_1_0174_商店,2,个,ge4,legacy_unreviewed,
measure_1_0187_事-usage-01,measure_1_0187_事,1,件,jian4,legacy_unreviewed,
measure_1_0187_事-usage-02,measure_1_0187_事,2,桩,zhuang1,legacy_unreviewed,
measure_1_0187_事-usage-03,measure_1_0187_事,3,回,hui2,legacy_unreviewed,
measure_1_0189_手机-usage-01,measure_1_0189_手机,1,部,bu4,legacy_unreviewed,
measure_1_0189_手机-usage-02,measure_1_0189_手机,2,台,tai2,legacy_unreviewed,
measure_1_0190_书-usage-01,measure_1_0190_书,1,本,ben3,legacy_unreviewed,
measure_1_0190_书-usage-02,measure_1_0190_书,2,册,ce4,legacy_unreviewed,
measure_1_0190_书-usage-03,measure_1_0190_书,3,部,bu4,legacy_unreviewed,
measure_1_0191_书店-usage-01,measure_1_0191_书店,1,家,jia1,legacy_unreviewed,
measure_1_0193_水果-usage-01,measure_1_0193_水果,1,个,ge4,legacy_unreviewed,
measure_1_0211_同学-usage-01,measure_1_0211_同学,1,位,wei4,legacy_unreviewed,
measure_1_0211_同学-usage-02,measure_1_0211_同学,2,个,ge4,legacy_unreviewed,
measure_1_0216_晚饭-usage-01,measure_1_0216_晚饭,1,份,fen4,legacy_unreviewed,
measure_1_0216_晚饭-usage-02,measure_1_0216_晚饭,2,顿,dun4,legacy_unreviewed,
measure_1_0216_晚饭-usage-03,measure_1_0216_晚饭,3,次,ci4,legacy_unreviewed,
measure_1_0216_晚饭-usage-04,measure_1_0216_晚饭,4,餐,can1,legacy_unreviewed,
measure_1_0217_晚上-usage-01,measure_1_0217_晚上,1,个,ge4,legacy_unreviewed,
measure_1_0220_问题-usage-01,measure_1_0220_问题,1,个,ge4,legacy_unreviewed,
measure_1_0224_午饭-usage-01,measure_1_0224_午饭,1,份,fen4,legacy_unreviewed,
measure_1_0224_午饭-usage-02,measure_1_0224_午饭,2,顿,dun4,legacy_unreviewed,
measure_1_0224_午饭-usage-03,measure_1_0224_午饭,3,次,ci4,legacy_unreviewed,
measure_1_0224_午饭-usage-04,measure_1_0224_午饭,4,餐,can1,legacy_unreviewed,
measure_1_0230_下午-usage-01,measure_1_0230_下午,1,个,ge4,legacy_unreviewed,
measure_1_0231_先生-usage-01,measure_1_0231_先生,1,位,wei4,legacy_unreviewed,
measure_1_0235_小朋友-usage-01,measure_1_0235_小朋友,1,个,ge4,legacy_unreviewed,
measure_1_0236_小时-usage-01,measure_1_0236_小时,1,个,ge4,legacy_unreviewed,
measure_1_0238_小学生-usage-01,measure_1_0238_小学生,1,个,ge4,legacy_unreviewed,
measure_1_0238_小学生-usage-02,measure_1_0238_小学生,2,名,ming2,legacy_unreviewed,
measure_1_0243_星期-usage-01,measure_1_0243_星期,1,个,ge4,legacy_unreviewed,
measure_1_0250_学校-usage-01,measure_1_0250_学校,1,所,suo3,legacy_unreviewed,
measure_1_0251_雪-usage-01,measure_1_0251_雪,1,场,chang2,legacy_unreviewed,
measure_1_0255_衣服-usage-01,measure_1_0255_衣服,1,件,jian4,legacy_unreviewed,
measure_1_0255_衣服-usage-02,measure_1_0255_衣服,2,套,tao4,legacy_unreviewed,
measure_1_0256_医生-usage-01,measure_1_0256_医生,1,个,ge4,legacy_unreviewed,
measure_1_0256_医生-usage-02,measure_1_0256_医生,2,位,wei4,legacy_unreviewed,
measure_1_0256_医生-usage-03,measure_1_0256_医生,3,名,ming2,legacy_unreviewed,
measure_1_0257_医院-usage-01,measure_1_0257_医院,1,所,suo3,legacy_unreviewed,
measure_1_0257_医院-usage-02,measure_1_0257_医院,2,家,jia1,legacy_unreviewed,
measure_1_0257_医院-usage-03,measure_1_0257_医院,3,座,zuo4,legacy_unreviewed,
measure_1_0260_椅子-usage-01,measure_1_0260_椅子,1,把,ba3,legacy_unreviewed,
measure_1_0260_椅子-usage-02,measure_1_0260_椅子,2,张,zhang1,legacy_unreviewed,
measure_1_0267_雨-usage-01,measure_1_0267_雨,1,阵,zhen4,legacy_unreviewed,
measure_1_0267_雨-usage-02,measure_1_0267_雨,2,场,chang2,legacy_unreviewed,
measure_1_0269_月-usage-01,measure_1_0269_月,1,个,ge4,legacy_unreviewed,
measure_1_0269_月-usage-02,measure_1_0269_月,2,轮,lun2,legacy_unreviewed,
measure_1_0274_早饭-usage-01,measure_1_0274_早饭,1,份,fen4,legacy_unreviewed,
measure_1_0274_早饭-usage-02,measure_1_0274_早饭,2,顿,dun4,legacy_unreviewed,
measure_1_0274_早饭-usage-03,measure_1_0274_早饭,3,次,ci4,legacy_unreviewed,
measure_1_0274_早饭-usage-04,measure_1_0274_早饭,4,餐,can1,legacy_unreviewed,
measure_1_0291_中午-usage-01,measure_1_0291_中午,1,个,ge4,legacy_unreviewed,
measure_1_0295_桌子-usage-01,measure_1_0295_桌子,1,张,zhang1,legacy_unreviewed,
measure_1_0295_桌子-usage-02,measure_1_0295_桌子,2,套,tao4,legacy_unreviewed,
measure_1_0296_字-usage-01,measure_1_0296_字,1,个,ge4,legacy_unreviewed,
measure_2_0302_爱好-usage-01,measure_2_0302_爱好,1,个,ge4,legacy_unreviewed,
measure_2_0304_班-usage-01,measure_2_0304_班,1,个,ge4,legacy_unreviewed,
measure_2_0307_包-usage-01,measure_2_0307_包,1,个,ge4,legacy_unreviewed,
measure_2_0307_包-usage-02,measure_2_0307_包,2,只,zhi1,legacy_unreviewed,
measure_2_0308_本子-usage-01,measure_2_0308_本子,1,本,ben3,legacy_unreviewed,
measure_2_0310_笔-usage-01,measure_2_0310_笔,1,支,zhi1,legacy_unreviewed,
measure_2_0310_笔-usage-02,measure_2_0310_笔,2,枝,zhi1,legacy_unreviewed,
measure_2_0315_车站-usage-01,measure_2_0315_车站,1,处,chu4,legacy_unreviewed,
measure_2_0315_车站-usage-02,measure_2_0315_车站,2,个,ge4,legacy_unreviewed,
measure_2_0321_床-usage-01,measure_2_0321_床,1,张,zhang1,legacy_unreviewed,
measure_2_0322_词-usage-01,measure_2_0322_词,1,首,shou3,legacy_unreviewed,
measure_2_0339_饭馆-usage-01,measure_2_0339_饭馆,1,家,jia1,legacy_unreviewed,
measure_2_0346_公交车-usage-01,measure_2_0346_公交车,1,辆,liang4,legacy_unreviewed,
measure_2_0354_红茶-usage-01,measure_2_0354_红茶,1,杯,bei1,legacy_unreviewed,
measure_2_0354_红茶-usage-02,measure_2_0354_红茶,2,壶,hu2,legacy_unreviewed,
measure_2_0358_花-usage-01,measure_2_0358_花,1,朵,duo3,legacy_unreviewed,
measure_2_0358_花-usage-02,measure_2_0358_花,2,支,zhi1,legacy_unreviewed,
measure_2_0358_花-usage-03,measure_2_0358_花,3,束,shu4,legacy_unreviewed,
measure_2_0358_花-usage-04,measure_2_0358_花,4,把,ba3,legacy_unreviewed,
measure_2_0358_花-usage-05,measure_2_0358_花,5,盆,pen2,legacy_unreviewed,
measure_2_0358_花-usage-06,measure_2_0358_花,6,簇,cu4,legacy_unreviewed,
measure_2_0359_画-usage-01,measure_2_0359_画,1,幅,fu2,legacy_unreviewed,
measure_2_0359_画-usage-02,measure_2_0359_画,2,张,zhang1,legacy_unreviewed,
measure_2_0363_机场-usage-01,measure_2_0363_机场,1,家,jia1,legacy_unreviewed,
measure_2_0363_机场-usage-02,measure_2_0363_机场,2,处,chu4,legacy_unreviewed,
measure_2_0364_机票-usage-01,measure_2_0364_机票,1,张,zhang1,legacy_unreviewed,
measure_2_0368_教室-usage-01,measure_2_0368_教室,1,间,jian1,legacy_unreviewed,
measure_2_0377_咖啡-usage-01,measure_2_0377_咖啡,1,杯,bei1,legacy_unreviewed,
measure_2_0378_开始-usage-01,measure_2_0378_开始,1,个,ge4,legacy_unreviewed,
measure_2_0381_考试-usage-01,measure_2_0381_考试,1,次,ci4,legacy_unreviewed,
measure_2_0382_可能-usage-01,measure_2_0382_可能,1,个,ge4,legacy_unreviewed,
measure_2_0383_裤子-usage-01,measure_2_0383_裤子,1,条,tiao2,legacy_unreviewed,
measure_2_0387_篮球-usage-01,measure_2_0387_篮球,1,个,ge4,legacy_unreviewed,
measure_2_0387_篮球-usage-02,measure_2_0387_篮球,2,只,zhi1,legacy_unreviewed,
measure_2_0391_楼-usage-01,measure_2_0391_楼,1,层,ceng2,legacy_unreviewed,
measure_2_0391_楼-usage-02,measure_2_0391_楼,2,座,zuo4,legacy_unreviewed,
measure_2_0391_楼-usage-03,measure_2_0391_楼,3,栋,dong4,legacy_unreviewed,
measure_2_0392_路-usage-01,measure_2_0392_路,1,条,tiao2,legacy_unreviewed,
measure_2_0400_门-usage-01,measure_2_0400_门,1,扇,shan4,legacy_unreviewed,
measure_2_0400_门-usage-02,measure_2_0400_门,2,个,ge4,legacy_unreviewed,
measure_2_0401_门口-usage-01,measure_2_0401_门口,1,个,ge4,legacy_unreviewed,
measure_2_0409_奶奶-usage-01,measure_2_0409_奶奶,1,位,wei4,legacy_unreviewed,
measure_2_0411_鸟-usage-01,measure_2_0411_鸟,1,只,zhi1,legacy_unreviewed,
measure_2_0411_鸟-usage-02,measure_2_0411_鸟,2,群,qun2,legacy_unreviewed,
measure_2_0416_票-usage-01,measure_2_0416_票,1,张,zhang1,legacy_unreviewed,
measure_2_0421_球-usage-01,measure_2_0421_球,1,个,ge4,legacy_unreviewed,
measure_2_0421_球-usage-02,measure_2_0421_球,2,场,chang3,legacy_unreviewed,
measure_2_0424_商场-usage-01,measure_2_0424_商场,1,家,jia1,legacy_unreviewed,
measure_2_0430_生日-usage-01,measure_2_0430_生日,1,个,ge4,legacy_unreviewed,
measure_2_0432_事情-usage-01,measure_2_0432_事情,1,件,jian4,legacy_unreviewed,
measure_2_0432_事情-usage-02,measure_2_0432_事情,2,桩,zhuang1,legacy_unreviewed,
measure_2_0433_手-usage-01,measure_2_0433_手,1,双,shuang1,legacy_unreviewed,
measure_2_0433_手-usage-02,measure_2_0433_手,2,只,zhi1,legacy_unreviewed,
measure_2_0434_手表-usage-01,measure_2_0434_手表,1,块,kuai4,legacy_unreviewed,
measure_2_0434_手表-usage-02,measure_2_0434_手表,2,只,zhi1,legacy_unreviewed,
measure_2_0434_手表-usage-03,measure_2_0434_手表,3,个,ge4,legacy_unreviewed,
measure_2_0435_书包-usage-01,measure_2_0435_书包,1,个,ge4,legacy_unreviewed,
measure_2_0435_书包-usage-02,measure_2_0435_书包,2,只,zhi1,legacy_unreviewed,
measure_2_0442_题-usage-01,measure_2_0442_题,1,个,ge4,legacy_unreviewed,
measure_2_0442_题-usage-02,measure_2_0442_题,2,道,dao4,legacy_unreviewed,
measure_2_0445_头-usage-01,measure_2_0445_头,1,个,ge4,legacy_unreviewed,
measure_2_0455_希望-usage-01,measure_2_0455_希望,1,个,ge4,legacy_unreviewed,
measure_2_0467_眼睛-usage-01,measure_2_0467_眼睛,1,只,zhi1,legacy_unreviewed,
measure_2_0467_眼睛-usage-02,measure_2_0467_眼睛,2,双,shuang1,legacy_unreviewed,
measure_2_0468_药-usage-01,measure_2_0468_药,1,种,zhong3,legacy_unreviewed,
measure_2_0468_药-usage-02,measure_2_0468_药,2,服,fu4,legacy_unreviewed,
measure_2_0468_药-usage-03,measure_2_0468_药,3,味,wei4,legacy_unreviewed,
measure_2_0474_意思-usage-01,measure_2_0474_意思,1,个,ge4,legacy_unreviewed,
measure_2_0483_鱼-usage-01,measure_2_0483_鱼,1,条,tiao2,legacy_unreviewed,
measure_2_0483_鱼-usage-02,measure_2_0483_鱼,2,尾,wei3,legacy_unreviewed,
measure_2_0485_运动-usage-01,measure_2_0485_运动,1,场,chang3,legacy_unreviewed,
measure_2_0497_足球-usage-01,measure_2_0497_足球,1,个,ge4,legacy_unreviewed,
measure_3_0501_阿姨-usage-01,measure_3_0501_阿姨,1,个,ge4,legacy_unreviewed,
measure_3_0503_爱人-usage-01,measure_3_0503_爱人,1,个,ge4,legacy_unreviewed,
measure_3_0511_办法-usage-01,measure_3_0511_办法,1,条,tiao2,legacy_unreviewed,
measure_3_0511_办法-usage-02,measure_3_0511_办法,2,个,ge4,legacy_unreviewed,
measure_3_0513_半天-usage-01,measure_3_0513_半天,1,个,ge4,legacy_unreviewed,
measure_3_0516_报纸-usage-01,measure_3_0516_报纸,1,份,fen4,legacy_unreviewed,
measure_3_0516_报纸-usage-02,measure_3_0516_报纸,2,期,qi1,legacy_unreviewed,
measure_3_0516_报纸-usage-03,measure_3_0516_报纸,3,张,zhang1,legacy_unreviewed,
measure_3_0520_笔记-usage-01,measure_3_0520_笔记,1,本,ben3,legacy_unreviewed,
measure_3_0522_笔记本-usage-01,measure_3_0522_笔记本,1,本,ben3,legacy_unreviewed,
measure_3_0524_比赛-usage-01,measure_3_0524_比赛,1,场,chang3,legacy_unreviewed,
measure_3_0524_比赛-usage-02,measure_3_0524_比赛,2,次,ci4,legacy_unreviewed,
measure_3_0529_变化-usage-01,measure_3_0529_变化,1,个,ge4,legacy_unreviewed,
measure_3_0530_表演-usage-01,measure_3_0530_表演,1,场,chang3,legacy_unreviewed,
measure_3_0533_宾馆-usage-01,measure_3_0533_宾馆,1,个,ge4,legacy_unreviewed,
measure_3_0533_宾馆-usage-02,measure_3_0533_宾馆,2,家,jia1,legacy_unreviewed,
measure_3_0534_冰-usage-01,measure_3_0534_冰,1,块,kuai4,legacy_unreviewed,
measure_3_0537_病人-usage-01,measure_3_0537_病人,1,个,ge4,legacy_unreviewed,
measure_3_0545_菜单-usage-01,measure_3_0545_菜单,1,份,fen4,legacy_unreviewed,
measure_3_0545_菜单-usage-02,measure_3_0545_菜单,2,张,zhang1,legacy_unreviewed,
measure_3_0547_草-usage-01,measure_3_0547_草,1,棵,ke1,legacy_unreviewed,
measure_3_0547_草-usage-02,measure_3_0547_草,2,撮,zuo3,legacy_unreviewed,
measure_3_0547_草-usage-03,measure_3_0547_草,3,株,zhu1,legacy_unreviewed,
measure_3_0547_草-usage-04,measure_3_0547_草,4,根,gen1,legacy_unreviewed,
measure_3_0548_草地-usage-01,measure_3_0548_草地,1,片,pian4,legacy_unreviewed,
measure_3_0558_衬衫-usage-01,measure_3_0558_衬衫,1,件,jian4,legacy_unreviewed,
measure_3_0559_成绩-usage-01,measure_3_0559_成绩,1,项,xiang4,legacy_unreviewed,
measure_3_0559_成绩-usage-02,measure_3_0559_成绩,2,个,ge4,legacy_unreviewed,
measure_3_0560_城市-usage-01,measure_3_0560_城市,1,座,zuo4,legacy_unreviewed,
measure_3_0567_船-usage-01,measure_3_0567_船,1,条,tiao2,legacy_unreviewed,
measure_3_0567_船-usage-02,measure_3_0567_船,2,艘,sou1,legacy_unreviewed,
measure_3_0567_船-usage-03,measure_3_0567_船,3,只,zhi1,legacy_unreviewed,
measure_3_0568_春天-usage-01,measure_3_0568_春天,1,个,ge4,legacy_unreviewed,
measure_3_0569_词典-usage-01,measure_3_0569_词典,1,部,bu4,legacy_unreviewed,
measure_3_0569_词典-usage-02,measure_3_0569_词典,2,本,ben3,legacy_unreviewed,
measure_3_0572_打算-usage-01,measure_3_0572_打算,1,个,ge4,legacy_unreviewed,
measure_3_0577_大衣-usage-01,measure_3_0577_大衣,1,件,jian4,legacy_unreviewed,
measure_3_0578_带-usage-01,measure_3_0578_带,1,条,tiao2,legacy_unreviewed,
measure_3_0580_蛋糕-usage-01,measure_3_0580_蛋糕,1,块,kuai4,legacy_unreviewed,
measure_3_0580_蛋糕-usage-02,measure_3_0580_蛋糕,2,个,ge4,legacy_unreviewed,
measure_3_0588_灯-usage-01,measure_3_0588_灯,1,盏,zhan3,legacy_unreviewed,
measure_3_0589_地-usage-01,measure_3_0589_地,1,片,pian4,legacy_unreviewed,
measure_3_0590_地点-usage-01,measure_3_0590_地点,1,个,ge4,legacy_unreviewed,
measure_3_0591_地方-usage-01,measure_3_0591_地方,1,个,ge4,legacy_unreviewed,
measure_3_0591_地方-usage-02,measure_3_0591_地方,2,处,chu4,legacy_unreviewed,
measure_3_0592_地图-usage-01,measure_3_0592_地图,1,张,zhang1,legacy_unreviewed,
measure_3_0592_地图-usage-02,measure_3_0592_地图,2,本,ben3,legacy_unreviewed,
measure_3_0594_电梯-usage-01,measure_3_0594_电梯,1,台,tai2,legacy_unreviewed,
measure_3_0594_电梯-usage-02,measure_3_0594_电梯,2,部,bu4,legacy_unreviewed,
measure_3_0601_冬天-usage-01,measure_3_0601_冬天,1,个,ge4,legacy_unreviewed,
measure_3_0603_动物-usage-01,measure_3_0603_动物,1,只,zhi1,legacy_unreviewed,
measure_3_0603_动物-usage-02,measure_3_0603_动物,2,群,qun2,legacy_unreviewed,
measure_3_0603_动物-usage-03,measure_3_0603_动物,3,个,ge4,legacy_unreviewed,
measure_3_0604_动物园-usage-01,measure_3_0604_动物园,1,个,ge4,legacy_unreviewed,
measure_3_0612_耳朵-usage-01,measure_3_0612_耳朵,1,只,zhi1,legacy_unreviewed,
measure_3_0612_耳朵-usage-02,measure_3_0612_耳朵,2,个,ge4,legacy_unreviewed,
measure_3_0612_耳朵-usage-03,measure_3_0612_耳朵,3,对,dui4,legacy_unreviewed,
measure_3_0621_方法-usage-01,measure_3_0621_方法,1,个,ge4,legacy_unreviewed,
measure_3_0622_方向-usage-01,measure_3_0622_方向,1,个,ge4,legacy_unreviewed,
measure_3_0623_房子-usage-01,measure_3_0623_房子,1,栋,dong4,legacy_unreviewed,
measure_3_0623_房子-usage-02,measure_3_0623_房子,2,幢,zhuang4,legacy_unreviewed,
measure_3_0623_房子-usage-03,measure_3_0623_房子,3,座,zuo4,legacy_unreviewed,
measure_3_0623_房子-usage-04,measure_3_0623_房子,4,套,tao4,legacy_unreviewed,
measure_3_0623_房子-usage-05,measure_3_0623_房子,5,间,jian1,legacy_unreviewed,
measure_3_0629_风-usage-01,measure_3_0629_风,1,阵,zhen4,legacy_unreviewed,
measure_3_0629_风-usage-02,measure_3_0629_风,2,丝,si1,legacy_unreviewed,
measure_3_0632_服务-usage-01,measure_3_0632_服务,1,项,xiang4,legacy_unreviewed,
measure_3_0634_复习-usage-01,measure_3_0634_复习,1,次,ci4,legacy_unreviewed,
measure_3_0639_感冒-usage-01,measure_3_0639_感冒,1,场,chang2,legacy_unreviewed,
measure_3_0639_感冒-usage-02,measure_3_0639_感冒,2,次,ci4,legacy_unreviewed,
measure_3_0645_根据-usage-01,measure_3_0645_根据,1,个,ge4,legacy_unreviewed,
measure_3_0648_公园-usage-01,measure_3_0648_公园,1,座,zuo4,legacy_unreviewed,
measure_3_0654_关系-usage-01,measure_3_0654_关系,1,个,ge4,legacy_unreviewed,
measure_3_0658_国家-usage-01,measure_3_0658_国家,1,个,ge4,legacy_unreviewed,
measure_3_0661_海-usage-01,measure_3_0661_海,1,个,ge4,legacy_unreviewed,
measure_3_0661_海-usage-02,measure_3_0661_海,2,片,pian4,legacy_unreviewed,
measure_3_0666_号码-usage-01,measure_3_0666_号码,1,堆,dui1,legacy_unreviewed,
measure_3_0666_号码-usage-02,measure_3_0666_号码,2,个,ge4,legacy_unreviewed,
measure_3_0667_河-usage-01,measure_3_0667_河,1,条,tiao2,legacy_unreviewed,
measure_3_0667_河-usage-02,measure_3_0667_河,2,道,dao4,legacy_unreviewed,
measure_3_0669_黑板-usage-01,measure_3_0669_黑板,1,块,kuai4,legacy_unreviewed,
measure_3_0669_黑板-usage-02,measure_3_0669_黑板,2,个,ge4,legacy_unreviewed,
measure_3_0674_护照-usage-01,measure_3_0674_护照,1,本,ben3,legacy_unreviewed,
measure_3_0674_护照-usage-02,measure_3_0674_护照,2,个,ge4,legacy_unreviewed,
measure_3_0675_花园-usage-01,measure_3_0675_花园,1,座,zuo4,legacy_unreviewed,
measure_3_0676_画家-usage-01,measure_3_0676_画家,1,个,ge4,legacy_unreviewed,
measure_3_0679_环境-usage-01,measure_3_0679_环境,1,个,ge4,legacy_unreviewed,
measure_3_0684_会议-usage-01,measure_3_0684_会议,1,场,chang3,legacy_unreviewed,
measure_3_0684_会议-usage-02,measure_3_0684_会议,2,届,jie4,legacy_unreviewed,
measure_3_0687_鸡-usage-01,measure_3_0687_鸡,1,只,zhi1,legacy_unreviewed,
measure_3_0689_机会-usage-01,measure_3_0689_机会,1,个,ge4,legacy_unreviewed,
measure_3_0694_季节-usage-01,measure_3_0694_季节,1,个,ge4,legacy_unreviewed,
measure_3_0698_检查-usage-01,measure_3_0698_检查,1,次,ci4,legacy_unreviewed,
measure_3_0702_见面-usage-01,measure_3_0702_见面,1,次,ci4,legacy_unreviewed,
measure_3_0705_脚-usage-01,measure_3_0705_脚,1,双,shuang1,legacy_unreviewed,
measure_3_0705_脚-usage-02,measure_3_0705_脚,2,只,zhi1,legacy_unreviewed,
measure_3_0707_街-usage-01,measure_3_0707_街,1,条,tiao2,legacy_unreviewed,
measure_3_0710_节目-usage-01,measure_3_0710_节目,1,个,ge4,legacy_unreviewed,
measure_3_0710_节目-usage-02,measure_3_0710_节目,2,场,chang3,legacy_unreviewed,
measure_3_0710_节目-usage-03,measure_3_0710_节目,3,项,xiang4,legacy_unreviewed,
measure_3_0710_节目-usage-04,measure_3_0710_节目,4,台,tai2,legacy_unreviewed,
measure_3_0710_节目-usage-05,measure_3_0710_节目,5,套,tao4,legacy_unreviewed,
measure_3_0710_节目-usage-06,measure_3_0710_节目,6,档,dang4,legacy_unreviewed,
measure_3_0711_节日-usage-01,measure_3_0711_节日,1,个,ge4,legacy_unreviewed,
measure_3_0717_经过-usage-01,measure_3_0717_经过,1,个,ge4,legacy_unreviewed,
measure_3_0718_经理-usage-01,measure_3_0718_经理,1,个,ge4,legacy_unreviewed,
measure_3_0718_经理-usage-02,measure_3_0718_经理,2,位,wei4,legacy_unreviewed,
measure_3_0718_经理-usage-03,measure_3_0718_经理,3,名,ming2,legacy_unreviewed,
measure_3_0720_酒-usage-01,measure_3_0720_酒,1,杯,bei1,legacy_unreviewed,
measure_3_0720_酒-usage-02,measure_3_0720_酒,2,瓶,ping2,legacy_unreviewed,
measure_3_0720_酒-usage-03,measure_3_0720_酒,3,罐,guan4,legacy_unreviewed,
measure_3_0720_酒-usage-04,measure_3_0720_酒,4,桶,tong3,legacy_unreviewed,
measure_3_0720_酒-usage-05,measure_3_0720_酒,5,缸,gang1,legacy_unreviewed,
measure_3_0723_句子-usage-01,measure_3_0723_句子,1,个,ge4,legacy_unreviewed,
measure_3_0724_决定-usage-01,measure_3_0724_决定,1,个,ge4,legacy_unreviewed,
measure_3_0724_决定-usage-02,measure_3_0724_决定,2,项,xiang4,legacy_unreviewed,
measure_3_0725_卡-usage-01,measure_3_0725_卡,1,张,zhang1,legacy_unreviewed,
measure_3_0725_卡-usage-02,measure_3_0725_卡,2,片,pian4,legacy_unreviewed,
measure_3_0736_课本-usage-01,measure_3_0736_课本,1,本,ben3,legacy_unreviewed,
measure_3_0737_客人-usage-01,measure_3_0737_客人,1,位,wei4,legacy_unreviewed,
measure_3_0738_课文-usage-01,measure_3_0738_课文,1,篇,pian1,legacy_unreviewed,
measure_3_0739_空调-usage-01,measure_3_0739_空调,1,台,tai2,legacy_unreviewed,
measure_3_0741_筷子-usage-01,measure_3_0741_筷子,1,对,dui4,legacy_unreviewed,
measure_3_0741_筷子-usage-02,measure_3_0741_筷子,2,根,gen1,legacy_unreviewed,
measure_3_0741_筷子-usage-03,measure_3_0741_筷子,3,把,ba3,legacy_unreviewed,
measure_3_0741_筷子-usage-04,measure_3_0741_筷子,4,双,shuang1,legacy_unreviewed,
measure_3_0742_矿泉水-usage-01,measure_3_0742_矿泉水,1,瓶,ping2,legacy_unreviewed,
measure_3_0742_矿泉水-usage-02,measure_3_0742_矿泉水,2,杯,bei1,legacy_unreviewed,
measure_3_0748_礼物-usage-01,measure_3_0748_礼物,1,件,jian4,legacy_unreviewed,
measure_3_0748_礼物-usage-02,measure_3_0748_礼物,2,个,ge4,legacy_unreviewed,
measure_3_0748_礼物-usage-03,measure_3_0748_礼物,3,份,fen4,legacy_unreviewed,
measure_3_0749_历史-usage-01,measure_3_0749_历史,1,门,men2,legacy_unreviewed,
measure_3_0749_历史-usage-02,measure_3_0749_历史,2,段,duan4,legacy_unreviewed,
measure_3_0750_脸-usage-01,measure_3_0750_脸,1,张,zhang1,legacy_unreviewed,
measure_3_0750_脸-usage-02,measure_3_0750_脸,2,个,ge4,legacy_unreviewed,
measure_3_0752_练习-usage-01,measure_3_0752_练习,1,个,ge4,legacy_unreviewed,
measure_3_0758_邻居-usage-01,measure_3_0758_邻居,1,个,ge4,legacy_unreviewed,
measure_3_0761_楼梯-usage-01,measure_3_0761_楼梯,1,个,ge4,legacy_unreviewed,
measure_3_0764_马-usage-01,measure_3_0764_马,1,匹,pi3,legacy_unreviewed,
measure_3_0765_马路-usage-01,measure_3_0765_马路,1,条,tiao2,legacy_unreviewed,
measure_3_0779_男人-usage-01,measure_3_0779_男人,1,个,ge4,legacy_unreviewed,
measure_3_0783_年级-usage-01,measure_3_0783_年级,1,个,ge4,legacy_unreviewed,
measure_3_0785_牛-usage-01,measure_3_0785_牛,1,条,tiao2,legacy_unreviewed,
measure_3_0785_牛-usage-02,measure_3_0785_牛,2,头,tou2,legacy_unreviewed,
measure_3_0792_盘子-usage-01,measure_3_0792_盘子,1,个,ge4,legacy_unreviewed,
measure_3_0794_啤酒-usage-01,measure_3_0794_啤酒,1,杯,bei1,legacy_unreviewed,
measure_3_0794_啤酒-usage-02,measure_3_0794_啤酒,2,瓶,ping2,legacy_unreviewed,
measure_3_0794_啤酒-usage-03,measure_3_0794_啤酒,3,罐,guan4,legacy_unreviewed,
measure_3_0794_啤酒-usage-04,measure_3_0794_啤酒,4,桶,tong3,legacy_unreviewed,
measure_3_0794_啤酒-usage-05,measure_3_0794_啤酒,5,缸,gang1,legacy_unreviewed,
measure_3_0796_瓶子-usage-01,measure_3_0796_瓶子,1,个,ge4,legacy_unreviewed,
measure_3_0803_汽车-usage-01,measure_3_0803_汽车,1,辆,liang4,legacy_unreviewed,
measure_3_0804_铅笔-usage-01,measure_3_0804_铅笔,1,支,zhi1,legacy_unreviewed,
measure_3_0804_铅笔-usage-02,measure_3_0804_铅笔,2,枝,zhi1,legacy_unreviewed,
measure_3_0804_铅笔-usage-03,measure_3_0804_铅笔,3,杆,gan3,legacy_unreviewed,
measure_3_0810_秋天-usage-01,measure_3_0810_秋天,1,个,ge4,legacy_unreviewed,
measure_3_0811_球场-usage-01,measure_3_0811_球场,1,个,ge4,legacy_unreviewed,
measure_3_0811_球场-usage-02,measure_3_0811_球场,2,处,chu4,legacy_unreviewed,
measure_3_0812_裙子-usage-01,measure_3_0812_裙子,1,条,tiao2,legacy_unreviewed,
measure_3_0820_伞-usage-01,measure_3_0820_伞,1,把,ba3,legacy_unreviewed,
measure_3_0822_沙发-usage-01,measure_3_0822_沙发,1,条,tiao2,legacy_unreviewed,
measure_3_0822_沙发-usage-02,measure_3_0822_沙发,2,张,zhang1,legacy_unreviewed,
measure_3_0823_山-usage-01,measure_3_0823_山,1,座,zuo4,legacy_unreviewed,
measure_3_0824_上衣-usage-01,measure_3_0824_上衣,1,件,jian4,legacy_unreviewed,
measure_3_0825_勺子-usage-01,measure_3_0825_勺子,1,把,ba3,legacy_unreviewed,
measure_3_0831_声音-usage-01,measure_3_0831_声音,1,个,ge4,legacy_unreviewed,
measure_3_0835_世界-usage-01,measure_3_0835_世界,1,个,ge4,legacy_unreviewed,
measure_3_0842_树-usage-01,measure_3_0842_树,1,棵,ke1,legacy_unreviewed,
measure_3_0850_糖-usage-01,measure_3_0850_糖,1,颗,ke1,legacy_unreviewed,
measure_3_0850_糖-usage-02,measure_3_0850_糖,2,块,kuai4,legacy_unreviewed,
measure_3_0854_体育馆-usage-01,measure_3_0854_体育馆,1,个,ge4,legacy_unreviewed,
measure_3_0863_图书馆-usage-01,measure_3_0863_图书馆,1,家,jia1,legacy_unreviewed,
measure_3_0863_图书馆-usage-02,measure_3_0863_图书馆,2,个,ge4,legacy_unreviewed,
measure_3_0864_腿-usage-01,measure_3_0864_腿,1,条,tiao2,legacy_unreviewed,
measure_3_0867_外语-usage-01,measure_3_0867_外语,1,门,men2,legacy_unreviewed,
measure_3_0869_碗-usage-01,measure_3_0869_碗,1,只,zhi1,legacy_unreviewed,
measure_3_0869_碗-usage-02,measure_3_0869_碗,2,个,ge4,legacy_unreviewed,
measure_3_0871_晚会-usage-01,measure_3_0871_晚会,1,个,ge4,legacy_unreviewed,
measure_3_0872_网球-usage-01,measure_3_0872_网球,1,个,ge4,legacy_unreviewed,
measure_3_0877_卫生间-usage-01,measure_3_0877_卫生间,1,间,jian1,legacy_unreviewed,
measure_3_0878_文化-usage-01,measure_3_0878_文化,1,个,ge4,legacy_unreviewed,
measure_3_0878_文化-usage-02,measure_3_0878_文化,2,种,zhong3,legacy_unreviewed,
measure_3_0879_屋子-usage-01,measure_3_0879_屋子,1,间,jian1,legacy_unreviewed,
measure_3_0883_西瓜-usage-01,measure_3_0883_西瓜,1,颗,ke1,legacy_unreviewed,
measure_3_0883_西瓜-usage-02,measure_3_0883_西瓜,2,个,ge5,legacy_unreviewed,
measure_3_0885_习惯-usage-01,measure_3_0885_习惯,1,个,ge4,legacy_unreviewed,
measure_3_0887_洗衣机-usage-01,measure_3_0887_洗衣机,1,台,tai2,legacy_unreviewed,
measure_3_0889_夏天-usage-01,measure_3_0889_夏天,1,个,ge4,legacy_unreviewed,
measure_3_0891_香蕉-usage-01,measure_3_0891_香蕉,1,根,gen1,legacy_unreviewed,
measure_3_0891_香蕉-usage-02,measure_3_0891_香蕉,2,个,ge4,legacy_unreviewed,
measure_3_0891_香蕉-usage-03,measure_3_0891_香蕉,3,把,ba3,legacy_unreviewed,
measure_3_0893_箱子-usage-01,measure_3_0893_箱子,1,只,zhi1,legacy_unreviewed,
measure_3_0893_箱子-usage-02,measure_3_0893_箱子,2,个,ge4,legacy_unreviewed,
measure_3_0900_校长-usage-01,measure_3_0900_校长,1,个,ge4,legacy_unreviewed,
measure_3_0900_校长-usage-02,measure_3_0900_校长,2,位,wei4,legacy_unreviewed,
measure_3_0900_校长-usage-03,measure_3_0900_校长,3,名,ming2,legacy_unreviewed,
measure_3_0901_鞋-usage-01,measure_3_0901_鞋,1,双,shuang1,legacy_unreviewed,
measure_3_0901_鞋-usage-02,measure_3_0901_鞋,2,只,zhi1,legacy_unreviewed,
measure_3_0903_新年-usage-01,measure_3_0903_新年,1,个,ge4,legacy_unreviewed,
measure_3_0904_新闻-usage-01,measure_3_0904_新闻,1,条,tiao2,legacy_unreviewed,
measure_3_0904_新闻-usage-02,measure_3_0904_新闻,2,个,ge4,legacy_unreviewed,
measure_3_0906_信-usage-01,measure_3_0906_信,1,封,feng1,legacy_unreviewed,
measure_3_0909_行李-usage-01,measure_3_0909_行李,1,件,jian4,legacy_unreviewed,
measure_3_0910_兴趣-usage-01,measure_3_0910_兴趣,1,个,ge4,legacy_unreviewed,
measure_3_0915_学期-usage-01,measure_3_0915_学期,1,个,ge4,legacy_unreviewed,
measure_3_0916_牙-usage-01,measure_3_0916_牙,1,颗,ke1,legacy_unreviewed,
measure_3_0917_牙刷-usage-01,measure_3_0917_牙刷,1,把,ba3,legacy_unreviewed,
measure_3_0918_羊-usage-01,measure_3_0918_羊,1,头,tou2,legacy_unreviewed,
measure_3_0918_羊-usage-02,measure_3_0918_羊,2,只,zhi1,legacy_unreviewed,
measure_3_0920_要求-usage-01,measure_3_0920_要求,1,点,dian3,legacy_unreviewed,
measure_3_0935_音乐-usage-01,measure_3_0935_音乐,1,张,zhang1,legacy_unreviewed,
measure_3_0935_音乐-usage-02,measure_3_0935_音乐,2,曲,qu3,legacy_unreviewed,
measure_3_0935_音乐-usage-03,measure_3_0935_音乐,3,段,duan4,legacy_unreviewed,
measure_3_0936_银行-usage-01,measure_3_0936_银行,1,家,jia1,legacy_unreviewed,
measure_3_0936_银行-usage-02,measure_3_0936_银行,2,个,ge4,legacy_unreviewed,
measure_3_0940_影响-usage-01,measure_3_0940_影响,1,股,gu3,legacy_unreviewed,
measure_3_0944_游戏-usage-01,measure_3_0944_游戏,1,场,chang3,legacy_unreviewed,
measure_3_0951_语言-usage-01,measure_3_0951_语言,1,门,men2,legacy_unreviewed,
measure_3_0951_语言-usage-02,measure_3_0951_语言,2,种,zhong3,legacy_unreviewed,
measure_3_0952_雨衣-usage-01,measure_3_0952_雨衣,1,件,jian4,legacy_unreviewed,
measure_3_0960_运动会-usage-01,measure_3_0960_运动会,1,个,ge4,legacy_unreviewed,
measure_3_0961_运动员-usage-01,measure_3_0961_运动员,1,名,ming2,legacy_unreviewed,
measure_3_0961_运动员-usage-02,measure_3_0961_运动员,2,个,ge4,legacy_unreviewed,
measure_3_0972_照片-usage-01,measure_3_0972_照片,1,张,zhang1,legacy_unreviewed,
measure_3_0972_照片-usage-02,measure_3_0972_照片,2,套,tao4,legacy_unreviewed,
measure_3_0972_照片-usage-03,measure_3_0972_照片,3,幅,fu2,legacy_unreviewed,
measure_3_0976_纸-usage-01,measure_3_0976_纸,1,张,zhang1,legacy_unreviewed,
measure_3_0976_纸-usage-02,measure_3_0976_纸,2,沓,da2,legacy_unreviewed,
measure_3_0990_字典-usage-01,measure_3_0990_字典,1,本,ben3,legacy_unreviewed,
measure_3_0991_自行车-usage-01,measure_3_0991_自行车,1,辆,liang4,legacy_unreviewed,
measure_3_0995_嘴-usage-01,measure_3_0995_嘴,1,张,zhang1,legacy_unreviewed,
measure_3_0995_嘴-usage-02,measure_3_0995_嘴,2,个,ge4,legacy_unreviewed,
measure_3_1000_作业-usage-01,measure_3_1000_作业,1,个,ge4,legacy_unreviewed,
