grammar_element_id,grammar_point_id,element_order,element_kind,target_zh,learner_gloss_en,review_status,basis_source_id,content_origin,notes
gelement_b7265b28c7a144e9bab354737b6b130a,hsk26-g1-001,1,morphology,小—,"prefix forming a smaller, younger, or junior label",approved,hsk26-zh+hsk26-en,project_authored,
gelement_11f2932a68b542959aa47b381f73722c,hsk26-g1-001,2,morphology,第—,prefix placed before a number to form an ordinal,approved,hsk26-zh+hsk26-en,project_authored,
gelement_ec6cc25b0b79442e8d9d74398d1a25bb,hsk26-g1-002,1,morphology,—们,human plural suffix,approved,hsk26-zh+hsk26-en,project_authored,
gelement_b059836e59534709a8d930279ed5aa9f,hsk26-g1-002,2,morphology,—边,suffix forming a side or location word,approved,hsk26-zh+hsk26-en,project_authored,
gelement_dd36f653115140b8b5cbdeae4c7a48d7,hsk26-g1-003,1,inventory_member,上,on or above,approved,hsk26-zh+hsk26-en,project_authored,
gelement_3a89107ea0c9479fbba9eefa3ddb8e3b,hsk26-g1-003,2,inventory_member,下,under or below,approved,hsk26-zh+hsk26-en,project_authored,
gelement_8893c46c640c4e0f972964d90ebd7746,hsk26-g1-003,3,inventory_member,里,inside,approved,hsk26-zh+hsk26-en,project_authored,
gelement_8890d75b356e4f6d9aa73c4956850994,hsk26-g1-003,4,inventory_member,外,outside,approved,hsk26-zh+hsk26-en,project_authored,
gelement_9c669e02d275445aaaab5a1eb702b28d,hsk26-g1-003,5,inventory_member,前,in front of or before,approved,hsk26-zh+hsk26-en,project_authored,
gelement_7a6b73d3fadb4ff68215bac3c78e62c7,hsk26-g1-003,6,inventory_member,后,behind or after,approved,hsk26-zh+hsk26-en,project_authored,
gelement_8a66dc49c9064b849508e0d2bb882bca,hsk26-g1-004,1,function,会,know how to through learning,approved,hsk26-zh+hsk26-en,project_authored,
gelement_f9917ba47bb148e1a82b18665150de7b,hsk26-g1-004,2,function,能,be able to or have conditions that permit,approved,hsk26-zh+hsk26-en,project_authored,
gelement_473a08dc7c22489c91b55e1c91d7b2d0,hsk26-g1-005,1,function,想,would like or want to,approved,hsk26-zh+hsk26-en,project_authored,
gelement_d1973bcb87784417bbcf30b76daaf423,hsk26-g1-005,2,function,要,"want, need, or intend to more firmly",approved,hsk26-zh+hsk26-en,project_authored,
gelement_ec0fb2388c444048a275bd0b9e921736,hsk26-g1-006,1,function,可以,"may, can, or be allowed to",approved,hsk26-zh+hsk26-en,project_authored,
gelement_f6ef9004ee814a6f955a622e9f17a2ac,hsk26-g1-007,1,inventory_member,看病,see a doctor or receive medical care,approved,hsk26-zh+hsk26-en,project_authored,
gelement_1f932c3643834ff1b5f17478af6106dc,hsk26-g1-007,2,inventory_member,睡觉,sleep,approved,hsk26-zh+hsk26-en,project_authored,
gelement_2ef2ef38ea874b10bf3fe1ae14646015,hsk26-g1-007,3,inventory_member,说话,speak or talk,approved,hsk26-zh+hsk26-en,project_authored,
gelement_d8cb8d87f0a3453ba9c91b766ef8581e,hsk26-g1-007,4,inventory_member,上课,attend or teach class,approved,hsk26-zh+hsk26-en,project_authored,
gelement_56be7ae0c57b46fcba3965aa2ffb1f4a,hsk26-g1-007,5,inventory_member,下课,finish class,approved,hsk26-zh+hsk26-en,project_authored,
gelement_cc70eb067ec74defb87b1f910f6d08ae,hsk26-g1-007,6,inventory_member,上班,go to or be at work,approved,hsk26-zh+hsk26-en,project_authored,
gelement_6c8b1a69a18843429241619463b7012c,hsk26-g1-007,7,inventory_member,下班,finish work,approved,hsk26-zh+hsk26-en,project_authored,
gelement_df6521e1d5c542aaac9683b2b66b5962,hsk26-g1-007,8,inventory_member,生病,become or be ill,approved,hsk26-zh+hsk26-en,project_authored,
gelement_e1b5e1e7c67f47d0b664978a0b78a5e3,hsk26-g1-008,1,inventory_member,多,"how, to what degree, or how much",approved,hsk26-zh+hsk26-en,project_authored,
gelement_e2e6b0ad870c433f9b5aa7b28a292157,hsk26-g1-008,2,inventory_member,多少,how many or how much,approved,hsk26-zh+hsk26-en,project_authored,
gelement_c76105f99e524b96abc79b157e318b81,hsk26-g1-008,3,inventory_member,几,"how many, usually for a small expected number",approved,hsk26-zh+hsk26-en,project_authored,
gelement_8460ff6431a6487c879eed60b20ac484,hsk26-g1-008,4,inventory_member,哪,which before a classifier or noun,approved,hsk26-zh+hsk26-en,project_authored,
gelement_0d700183d2cd43f088f9cba3b3c9ec81,hsk26-g1-008,5,inventory_member,哪儿,where,approved,hsk26-zh+hsk26-en,project_authored,
gelement_225786b93017465da39a94ba6ab5a673,hsk26-g1-008,6,inventory_member,哪里,where,approved,hsk26-zh+hsk26-en,project_authored,
gelement_eaa3ae93dc6e4b3fa66e83335270f434,hsk26-g1-008,7,inventory_member,哪些,"which ones, plural",approved,hsk26-zh+hsk26-en,project_authored,
gelement_4d9f2e56c1ac41098e4bb04f6f66cbf0,hsk26-g1-008,8,inventory_member,什么,what,approved,hsk26-zh+hsk26-en,project_authored,
gelement_19fe732836d64198935d5d95e618f81f,hsk26-g1-008,9,inventory_member,谁,who,approved,hsk26-zh+hsk26-en,project_authored,
gelement_55bb61da524d4411ae242addc35c80d5,hsk26-g1-008,10,inventory_member,怎么,how or by what method,approved,hsk26-zh+hsk26-en,project_authored,
gelement_d956692593bf4ed8aabb6caf69c397ba,hsk26-g1-008,11,inventory_member,怎么样,how something is or what it is like,approved,hsk26-zh+hsk26-en,project_authored,
gelement_e760d8a11bfc4e19a79a1d5e83762d97,hsk26-g1-009,1,inventory_member,我,I or me,approved,hsk26-zh+hsk26-en,project_authored,
gelement_47434a2747b84952b404163ddba1fd4c,hsk26-g1-009,2,inventory_member,你,"you, singular",approved,hsk26-zh+hsk26-en,project_authored,
gelement_65278c4a546d4905bb4e6eb9747fd52b,hsk26-g1-009,3,inventory_member,您,"you, polite singular",approved,hsk26-zh+hsk26-en,project_authored,
gelement_5d912da613d7461fb832e68a6cd14d89,hsk26-g1-009,4,inventory_member,他,he or him,approved,hsk26-zh+hsk26-en,project_authored,
gelement_30da606e540d4b5b9a3b9aaa9661aac6,hsk26-g1-009,5,inventory_member,她,she or her,approved,hsk26-zh+hsk26-en,project_authored,
gelement_77bf8438063c4f66a664cafb4f357e86,hsk26-g1-009,6,inventory_member,我们,we or us,approved,hsk26-zh+hsk26-en,project_authored,
gelement_6f5698b717094411a2e11adcfed0aac7,hsk26-g1-009,7,inventory_member,你们,"you, plural",approved,hsk26-zh+hsk26-en,project_authored,
gelement_d1175907501349dfa1ac211916d6db92,hsk26-g1-009,8,inventory_member,他们,"they or them, people including a male",approved,hsk26-zh+hsk26-en,project_authored,
gelement_cb49c021e6e649c994f03bf1bc4a57f4,hsk26-g1-009,9,inventory_member,她们,"they or them, all female",approved,hsk26-zh+hsk26-en,project_authored,
gelement_032de32bb4f5456983082176672187c5,hsk26-g1-009,10,inventory_member,它,it,approved,hsk26-zh+hsk26-en,project_authored,
gelement_4a0bc997bdc942a595a3535d384db654,hsk26-g1-009,11,inventory_member,它们,"they or them, nonhuman",approved,hsk26-zh+hsk26-en,project_authored,
gelement_4b9a45689f094d7281c2e17545017953,hsk26-g1-009,12,inventory_member,大家,everyone or everybody present,approved,hsk26-zh+hsk26-en,project_authored,
gelement_4c697c49a513486686d167992a898d2a,hsk26-g1-010,1,inventory_member,这,"this or these, proximal base",approved,hsk26-zh+hsk26-en,project_authored,
gelement_d1cf631f50d94ac68ec3de34921213f4,hsk26-g1-010,2,inventory_member,那,"that or those, distal base",approved,hsk26-zh+hsk26-en,project_authored,
gelement_19169a81581b4ca08a89a3bfa470e771,hsk26-g1-010,3,inventory_member,这儿,here,approved,hsk26-zh+hsk26-en,project_authored,
gelement_8e720839e160476fb245530a46ef0741,hsk26-g1-010,4,inventory_member,那儿,there,approved,hsk26-zh+hsk26-en,project_authored,
gelement_a07fe4a27f204babac78b2d2c92b187e,hsk26-g1-010,5,inventory_member,这里,here,approved,hsk26-zh+hsk26-en,project_authored,
gelement_b7dfc09a2ed64e48b5cf679bd6617981,hsk26-g1-010,6,inventory_member,那里,there,approved,hsk26-zh+hsk26-en,project_authored,
gelement_cc1124189e214998956fa0111f72d8f5,hsk26-g1-010,7,inventory_member,这些,these,approved,hsk26-zh+hsk26-en,project_authored,
gelement_9f625c4306af4b39a5d9d8c7767907e6,hsk26-g1-010,8,inventory_member,那些,those,approved,hsk26-zh+hsk26-en,project_authored,
gelement_497dae9abc0a4e70b448de96ae7c082f,hsk26-g1-010,9,inventory_member,有的,some of them,approved,hsk26-zh+hsk26-en,project_authored,
gelement_be6b840d25d548cfa24ea974f4e6ed8c,hsk26-g1-010,10,inventory_member,这个,this one or this,approved,hsk26-zh+hsk26-en,project_authored,
gelement_eecf79d4fe9d431392dbcab62a22312d,hsk26-g1-010,11,inventory_member,那个,that one or that,approved,hsk26-zh+hsk26-en,project_authored,
gelement_e829b70e52294b1c89f12360531b5922,hsk26-g1-010,12,inventory_member,有些,some,approved,hsk26-zh+hsk26-en,project_authored,
gelement_bdcc1eb9b68642709fef038f9c56356d,hsk26-g1-011,1,inventory_member,一,one,approved,hsk26-zh+hsk26-en,project_authored,
gelement_e75afce261e84221ac67aa5deb20aa6e,hsk26-g1-011,2,inventory_member,二,two in counting and number sequences,approved,hsk26-zh+hsk26-en,project_authored,
gelement_665373a62d0645feb3adfdb5ad3ece47,hsk26-g1-011,3,inventory_member,两,two before most classifiers,approved,hsk26-zh+hsk26-en,project_authored,
gelement_70962b08c7dd41ccbc1be94196b01ba5,hsk26-g1-011,4,inventory_member,三,three,approved,hsk26-zh+hsk26-en,project_authored,
gelement_98f02d22278e40b49046a108c7d310d7,hsk26-g1-011,5,inventory_member,四,four,approved,hsk26-zh+hsk26-en,project_authored,
gelement_4eab0ee35d744fbf90c6ea487c1a4e05,hsk26-g1-011,6,inventory_member,五,five,approved,hsk26-zh+hsk26-en,project_authored,
gelement_a5965b5d9fb34358ab05157655564928,hsk26-g1-011,7,inventory_member,六,six,approved,hsk26-zh+hsk26-en,project_authored,
gelement_29037706df2a4903889a547f54515ca8,hsk26-g1-011,8,inventory_member,七,seven,approved,hsk26-zh+hsk26-en,project_authored,
gelement_52857fce7e244dab86941250a5f2ea4b,hsk26-g1-011,9,inventory_member,八,eight,approved,hsk26-zh+hsk26-en,project_authored,
gelement_0531444a711c43b4821ae70074474565,hsk26-g1-011,10,inventory_member,九,nine,approved,hsk26-zh+hsk26-en,project_authored,
gelement_159a59e980454a6c9a573b1b8a62306d,hsk26-g1-011,11,inventory_member,零,zero,approved,hsk26-zh+hsk26-en,project_authored,
gelement_53b2e31ee82e45f0a51fa55ca9149554,hsk26-g1-011,12,inventory_member,十,ten,approved,hsk26-zh+hsk26-en,project_authored,
gelement_3110f36b6db64b4793adad99f1b5fe09,hsk26-g1-011,13,inventory_member,百,hundred,approved,hsk26-zh+hsk26-en,project_authored,
gelement_102e52ec717e4c9b8d53fb91499f6028,hsk26-g1-011,14,inventory_member,半,half,approved,hsk26-zh+hsk26-en,project_authored,
gelement_81fc184517c148ffa339ab5a27d6e8c0,hsk26-g1-011,15,inventory_member,千,thousand,approved,hsk26-zh+hsk26-en,project_authored,
gelement_16ca3743bd1b4fdaace118a1c4ddf435,hsk26-g1-012,1,inventory_member,本,classifier for bound volumes such as books,approved,hsk26-zh+hsk26-en,project_authored,
gelement_e48385f7ba384459830b1584718c1f69,hsk26-g1-012,2,inventory_member,个,general classifier,approved,hsk26-zh+hsk26-en,project_authored,
gelement_1f8936dea6b644d6bf23abe173f744bf,hsk26-g1-012,3,inventory_member,家,classifier for establishments or households,approved,hsk26-zh+hsk26-en,project_authored,
gelement_c95ad02a7d2f44c280e582a561e6b1a5,hsk26-g1-012,4,inventory_member,口,classifier for family members,approved,hsk26-zh+hsk26-en,project_authored,
gelement_b10be416b307433a87390843e5a92c18,hsk26-g1-012,5,inventory_member,块,classifier for pieces or units of money,approved,hsk26-zh+hsk26-en,project_authored,
gelement_cf3258c0e7a34024a506ca7651c7f4b1,hsk26-g1-012,6,inventory_member,件,classifier for clothes and certain matters,approved,hsk26-zh+hsk26-en,project_authored,
gelement_d265a71d2bed49f481e63209583ad339,hsk26-g1-012,7,inventory_member,只,classifier for many animals and single members of pairs,approved,hsk26-zh+hsk26-en,project_authored,
gelement_f7ca75c0698545cf9117bfa3e5388814,hsk26-g1-012,8,inventory_member,元,standard unit of Chinese currency,approved,hsk26-zh+hsk26-en,project_authored,
gelement_cbf9606281d3493b8bbad441e6946592,hsk26-g1-013,1,inventory_member,杯,borrowed classifier for cupfuls or glassfuls,approved,hsk26-zh+hsk26-en,project_authored,
gelement_769a7798ae1a484f86bf20e35522ae8d,hsk26-g1-014,1,inventory_member,日,day of the month in formal dates,approved,hsk26-zh+hsk26-en,project_authored,
gelement_4ce8818bebbb46da991cae247bdc37b9,hsk26-g1-014,2,inventory_member,号,day of the month in ordinary speech,approved,hsk26-zh+hsk26-en,project_authored,
gelement_bce42ed3a863431e8ce38011cb40b803,hsk26-g1-014,3,inventory_member,岁,years of age,approved,hsk26-zh+hsk26-en,project_authored,
gelement_54383d00c9e040a18b0a8cc42d8f94ad,hsk26-g1-014,4,inventory_member,点,o'clock or hour point,approved,hsk26-zh+hsk26-en,project_authored,
gelement_faa0da1579d943abad220a0f61114147,hsk26-g1-014,5,inventory_member,分,minute,approved,hsk26-zh+hsk26-en,project_authored,
gelement_69c9b257acfc4f2f8d20a5181068aa5c,hsk26-g1-014,6,inventory_member,年,year,approved,hsk26-zh+hsk26-en,project_authored,
gelement_9178dcb4a70d491182a90ddbe7007557,hsk26-g1-014,7,inventory_member,天,day as a duration,approved,hsk26-zh+hsk26-en,project_authored,
gelement_141f9a2540d54bb992a3dd93b01779f5,hsk26-g1-015,1,inventory_member,非常,"very, strongly",approved,hsk26-zh+hsk26-en,project_authored,
gelement_eb0bf178e84f47e9ab0d0fbe7f2e47ee,hsk26-g1-015,2,inventory_member,很,very or neutral degree linker before an adjective,approved,hsk26-zh+hsk26-en,project_authored,
gelement_5d7de1cba7074c3fafc3146ad52142d8,hsk26-g1-015,3,inventory_member,太,"too or very, often with 了",approved,hsk26-zh+hsk26-en,project_authored,
gelement_f8845848e285413f8514f7b9dccb6429,hsk26-g1-015,4,inventory_member,真,"really, expressing the speaker's assessment",approved,hsk26-zh+hsk26-en,project_authored,
gelement_6130f48ca8e442a7bca55ec058976199,hsk26-g1-015,5,inventory_member,有（一）点儿,"a little, often for an undesirable degree",approved,hsk26-zh+hsk26-en,project_authored,
gelement_9e115b6cf8c14f5681980d7a833bd59a,hsk26-g1-016,1,function,都,"all or both, distributing the predicate over a set",approved,hsk26-zh+hsk26-en,project_authored,
gelement_79d5cb73c61e4f7a8d326c75ad3ab198,hsk26-g1-017,1,function,在,be in the process of,approved,hsk26-zh+hsk26-en,project_authored,
gelement_311e553831a34543813310c7c33904aa,hsk26-g1-017,2,function,正在,be right in the process of,approved,hsk26-zh+hsk26-en,project_authored,
gelement_b8665d534c154fe5b4bde3595424c9a0,hsk26-g1-018,1,function,再,"again, for a subsequent repetition",approved,hsk26-zh+hsk26-en,project_authored,
gelement_e8bc3d2e18334230a6acce1a31620d92,hsk26-g1-019,1,function,还,"also or in addition, adding another item",approved,hsk26-zh+hsk26-en,project_authored,
gelement_3fb8042e1ebb4a9dae3481700ac10540,hsk26-g1-019,2,function,也,"also or too, matching prior information",approved,hsk26-zh+hsk26-en,project_authored,
gelement_a60d56763edd4758adf9fc03bb12fd01,hsk26-g1-020,1,function,不,"not, for habits, states, choices, and intentions",approved,hsk26-zh+hsk26-en,project_authored,
gelement_ae55dd6f23c64d229debda563a429198,hsk26-g1-020,2,function,没（有）,"did not, has not, or does not have",approved,hsk26-zh+hsk26-en,project_authored,
gelement_0848f17eaaf44eb793d8cad80c47e684,hsk26-g1-020,3,function,不要,"do not, prohibiting an action",approved,hsk26-zh+hsk26-en,project_authored,
gelement_4de22919d2d44c9a8077d864b648637a,hsk26-g1-021,1,function,在,"at, in, or on, introducing a time or place setting",approved,hsk26-zh+hsk26-en,project_authored,
gelement_231cf6fc070548549013b3c5e8778a5c,hsk26-g1-022,1,function,和,"with, introducing a companion",approved,hsk26-zh+hsk26-en,project_authored,
gelement_eb332a8ff1534de5822d30ceb310e18d,hsk26-g1-022,2,function,对,"toward or to, introducing a target",approved,hsk26-zh+hsk26-en,project_authored,
gelement_e498f91673f64226b98be2a9dac0b18d,hsk26-g1-023,1,function,和,"and, joining words or phrases",approved,hsk26-zh+hsk26-en,project_authored,
gelement_9b24ead5baa4441dba26d9a9e642cda1,hsk26-g1-024,1,function,的,structural particle linking an attributive modifier to its noun,approved,hsk26-zh+hsk26-en,project_authored,
gelement_0e26489ecb7740a6a836ea4537dfb860,hsk26-g1-025,1,function,了,aspect particle presenting a bounded event as realized,approved,hsk26-zh+hsk26-en,project_authored,
gelement_ff8baf3e9fd2418481a45fac68dcc311,hsk26-g1-026,1,function,吧,softens a suggestion or command,approved,hsk26-zh+hsk26-en,project_authored,
gelement_8eaaf40fdfd046da939058da7452f7d3,hsk26-g1-026,2,function,了,marks a new situation or change of state,approved,hsk26-zh+hsk26-en,project_authored,
gelement_d1427939ada44d56b07a9d2be2d63987,hsk26-g1-026,3,function,吗,marks a neutral yes-no question,approved,hsk26-zh+hsk26-en,project_authored,
gelement_6d8fc2d31338471b85e14bd32c5395e6,hsk26-g1-026,4,function,呢,adds a natural questioning tone to a non-yes-no information question,approved,hsk26-zh+hsk26-en,project_authored,
gelement_05f2c1c21f5f413c84ff097ec9e5a5ed,hsk26-g1-026,5,function,呢,forms an elliptical follow-up question from the current topic,approved,hsk26-zh+hsk26-en,project_authored,
gelement_6e1a60abc4d14070a7ce18433cdb9382,hsk26-g1-026,6,function,呢,highlights that an action or situation is ongoing,approved,hsk26-zh+hsk26-en,project_authored,
gelement_1c6820a111df4063b7e43bbc9d54015f,hsk26-g1-027,1,function,喂,hello on the phone or hey to get attention,approved,hsk26-zh+hsk26-en,project_authored,
gelement_d3b7e732c22149f8a878c62c7e02922d,hsk26-g1-028,1,category,,phrase made from two or more parallel constituents,approved,hsk26-zh+hsk26-en,project_authored,
gelement_6568409fcccf4305be5dc259f7dc5734,hsk26-g1-029,1,category,,phrase in which a preposed modifier narrows or describes a head,approved,hsk26-zh+hsk26-en,project_authored,
gelement_32a436e8e63a4a8287c1a424f9759738,hsk26-g1-030,1,category,,phrase consisting of a verb followed by its object,approved,hsk26-zh+hsk26-en,project_authored,
gelement_1ccf20e7a20744f08a1bf3be2c6f6b58,hsk26-g1-031,1,category,,phrase containing an internal subject followed by its predicate,approved,hsk26-zh+hsk26-en,project_authored,
gelement_39be1f69e9334636950e34f51d80623f,hsk26-g1-032,1,construction,数词 + 量词,quantity phrase formed from a numeral and measure word,approved,hsk26-zh+hsk26-en,project_authored,
gelement_9c4a48936289472d87c9f7ac4ece82a7,hsk26-g1-033,1,construction,介词 + 宾语,phrase consisting of a preposition and its object,approved,hsk26-zh+hsk26-en,project_authored,
gelement_ba781e25e5c9448e8a46f90acd57e89d,hsk26-g1-034,1,construction,处所/物体 + 方位名词,relative-location phrase headed by a final location noun,approved,hsk26-zh+hsk26-en,project_authored,
gelement_336155e1e97e47d4867aef6ae177cdba,hsk26-g1-035,1,inventory_member,名词作主语,noun functioning as subject,approved,hsk26-zh+hsk26-en,project_authored,
gelement_13bcd1222d2b4141a300a9f0644af2d1,hsk26-g1-035,2,inventory_member,代词作主语,pronoun functioning as subject,approved,hsk26-zh+hsk26-en,project_authored,
gelement_0a67f613d91347dcbc76bce790ee760e,hsk26-g1-035,3,inventory_member,名词性短语作主语,nominal phrase functioning as subject,approved,hsk26-zh+hsk26-en,project_authored,
gelement_0060b621bc9c4bea8558ca495dcda8da,hsk26-g1-036,1,inventory_member,名词作谓语,noun functioning directly as predicate,approved,hsk26-zh+hsk26-en,project_authored,
gelement_3771007315904e76bc120a3ca4b75b2f,hsk26-g1-036,2,inventory_member,代词作谓语,pronoun functioning directly as predicate,approved,hsk26-zh+hsk26-en,project_authored,
gelement_f23390ccfceb4bc6b2018dce2553b9d5,hsk26-g1-036,3,inventory_member,数词作谓语,numeral functioning directly as predicate,approved,hsk26-zh+hsk26-en,project_authored,
gelement_ba76d5fd71884925a41142508a990c4d,hsk26-g1-036,4,inventory_member,数量短语作谓语,numeral-measure phrase functioning directly as predicate,approved,hsk26-zh+hsk26-en,project_authored,
gelement_1ec032ecc39a46b7baab34a526b7921d,hsk26-g1-037,1,inventory_member,动词或动词性短语作谓语,verb or verbal phrase functioning as predicate,approved,hsk26-zh+hsk26-en,project_authored,
gelement_12de4653eab84bb09a0697cd0d70ab85,hsk26-g1-037,2,inventory_member,形容词或形容词性短语作谓语,adjective or adjectival phrase functioning as predicate,approved,hsk26-zh+hsk26-en,project_authored,
gelement_71447aceffe74483856fd2df975de125,hsk26-g1-038,1,inventory_member,名词作宾语,noun functioning as object,approved,hsk26-zh+hsk26-en,project_authored,
gelement_028e92c3d3984fe690904f3f06fef5c8,hsk26-g1-038,2,inventory_member,代词作宾语,pronoun functioning as object,approved,hsk26-zh+hsk26-en,project_authored,
gelement_a753bb69506343c3a185837985a8a6e7,hsk26-g1-038,3,inventory_member,名词性短语作宾语,nominal phrase functioning as object,approved,hsk26-zh+hsk26-en,project_authored,
gelement_7ad4332f431347d39f8637ab247b62cd,hsk26-g1-039,1,inventory_member,名词性词语作定语,nominal expression functioning as attributive,approved,hsk26-zh+hsk26-en,project_authored,
gelement_6792a39db526460a9147472507d83723,hsk26-g1-039,2,inventory_member,形容词性短语作定语,adjectival phrase functioning as attributive,approved,hsk26-zh+hsk26-en,project_authored,
gelement_3cd62e2fb8f3470aad5da162e60036f5,hsk26-g1-039,3,inventory_member,数量短语作定语,numeral-measure phrase functioning as attributive,approved,hsk26-zh+hsk26-en,project_authored,
gelement_b5c61d54bdd047e983d3cb755804aae3,hsk26-g1-040,1,inventory_member,副词作状语,adverb functioning as adverbial,approved,hsk26-zh+hsk26-en,project_authored,
gelement_202ba6d8af424058a3e64f24eeda3d44,hsk26-g1-040,2,inventory_member,形容词作状语,adjective functioning adverbially,approved,hsk26-zh+hsk26-en,project_authored,
gelement_f09db3f2b04749cdba41b20a14ef6b06,hsk26-g1-040,3,inventory_member,时间词语作状语,time expression functioning as adverbial,approved,hsk26-zh+hsk26-en,project_authored,
gelement_d902d09928274808a7f57c2e14ce2f9e,hsk26-g1-040,4,inventory_member,处所词语作状语,place expression functioning as adverbial,approved,hsk26-zh+hsk26-en,project_authored,
gelement_61264ae401b145d2ac3a8e04f1c02f24,hsk26-g1-041,1,construction,动词 + 一下,verb followed by a one-time or brief-action complement,approved,hsk26-zh+hsk26-en,project_authored,
gelement_570bb8aec88b41a6aab59d9a131b0fb9,hsk26-g1-042,1,category,主谓句1：动词谓语句,subject-predicate sentence whose predicate is verbal,approved,hsk26-zh+hsk26-en,project_authored,
gelement_c17b2d9dae914028a5bd078908796f16,hsk26-g1-043,1,category,主谓句2：形容词谓语句,subject-predicate sentence whose predicate is adjectival,approved,hsk26-zh+hsk26-en,project_authored,
gelement_a9f5915116a0451ca6f4efbe49775f93,hsk26-g1-044,1,category,主谓句3：名词谓语句,subject-predicate sentence whose predicate is nominal,approved,hsk26-zh+hsk26-en,project_authored,
gelement_15fa1378a7a04f42a245629ed08fc3fc,hsk26-g1-045,1,category,,complete sentence not organized as an explicit subject followed by predicate,approved,hsk26-zh+hsk26-en,project_authored,
gelement_6fe0423659034c669ce944fba716458e,hsk26-g1-046,1,category,,sentence used to state information,approved,hsk26-zh+hsk26-en,project_authored,
gelement_bcb67b35e0e4417c96a4a39017eaeb16,hsk26-g1-047,1,construction,是非问句,question asking whether a complete proposition is true,approved,hsk26-zh+hsk26-en,project_authored,
gelement_91beea8e98ad4cc8875f7b61e310cf2c,hsk26-g1-048,1,construction,特指问句,question containing a word that identifies the requested information type,approved,hsk26-zh+hsk26-en,project_authored,
gelement_fba6462ed09d4e75b8d24bb09ba5007d,hsk26-g1-049,1,construction,正反问句,question formed by juxtaposing affirmative and negative predicate choices,approved,hsk26-zh+hsk26-en,project_authored,
gelement_8eb42fd503b6433b863ac05e64156496,hsk26-g1-050,1,category,,sentence used to request or direct an action,approved,hsk26-zh+hsk26-en,project_authored,
gelement_5f9017ec1902408f928a526ac09af488,hsk26-g1-051,1,category,,sentence presenting information with strong expressive force,approved,hsk26-zh+hsk26-en,project_authored,
gelement_023ddbdfaa5547ac8c084c7fdc8071bf,hsk26-g1-052,1,function,是,"copular verb marking identity, equivalence, or class membership",approved,hsk26-zh+hsk26-en,project_authored,
gelement_8d6da5f855fe4532a122111f858f9181,hsk26-g1-053,1,function,有,have or possess,approved,hsk26-zh+hsk26-en,project_authored,
gelement_b109789a94154c708fb7bb28b66ee4ea,hsk26-g1-054,1,construction,处所 + 是 + 名词,location-first identification of what is at that place,approved,hsk26-zh+hsk26-en,project_authored,
gelement_10a03f265ed34b6e96bdbb01028a8b03,hsk26-g1-055,1,construction,处所 + 有 + 数量短语 + 名词,location-first existential construction with 有,approved,hsk26-zh+hsk26-en,project_authored,
gelement_3f37492906d7467a8a4459e59bbc39a9,hsk26-g1-056,1,construction,动词短语1 + 动词短语2,serial-verb sequence whose second action is the purpose of the first,approved,hsk26-zh+hsk26-en,project_authored,
gelement_806720070f57489c8a0cfe99adc46a81,hsk26-g1-057,1,construction,动词短语1 + 动词短语2,serial-verb sequence whose first action is the manner of the second,approved,hsk26-zh+hsk26-en,project_authored,
gelement_ae30c784dfa743119e671d5c142bb21e,hsk26-g1-058,1,construction,主语 + 动词 + 宾语1 + 宾语2,verb followed by a recipient-like first object and thing-like second object,approved,hsk26-zh+hsk26-en,project_authored,
gelement_d0fb623a01fe4919b7218b33479ffb36,hsk26-g1-059,1,category,,multi-clause sentence whose relationship is inferred without a correlative linker,approved,hsk26-zh+hsk26-en,project_authored,
gelement_1d5f4d30470d479e87840416aa71bc0a,hsk26-g1-060,1,construction,……，也……,coordinate complex sentence adding a parallel fact with 也,approved,hsk26-zh+hsk26-en,project_authored,
gelement_5833ff2afdad4c84a88126ed6029713e,hsk26-g1-061,1,construction,……，还……,coordinate complex sentence adding another fact with 还,approved,hsk26-zh+hsk26-en,project_authored,
gelement_fab30cfa711444f3a7513679777f3819,hsk26-g1-062,1,function,了,dynamic particle marking completed or bounded aspect,approved,hsk26-zh+hsk26-en,project_authored,
gelement_592dd1d340a64895812be9c974a28f55,hsk26-g1-063,1,function,了,sentence-final particle marking a new situation or change of state,approved,hsk26-zh+hsk26-en,project_authored,
gelement_f609c5b1b9874977ac1a4f5dd6f47604,hsk26-g1-064,1,construction,在 + 动词,basic progressive construction with 在,approved,hsk26-zh+hsk26-en,project_authored,
gelement_e5d6d033fb554376aaac73acde128aec,hsk26-g1-064,2,construction,正在 + 动词,focused progressive construction with 正在,approved,hsk26-zh+hsk26-en,project_authored,
gelement_e77a0788e3884ec8b812ca8fc3c85510,hsk26-g1-065,1,construction,在 + 动词 + 呢,ongoing-action frame with 在 and final 呢,approved,hsk26-zh+hsk26-en,project_authored,
gelement_644bcc35b2964dc99edefc3f5e98b45c,hsk26-g1-065,2,construction,正在 + 动词 + 呢,focused ongoing-action frame with 正在 and final 呢,approved,hsk26-zh+hsk26-en,project_authored,
gelement_afad040d164d45c7a3e67745ca67dc73,hsk26-g1-066,1,construction,动词短语 + 呢,contextual ongoing-action construction marked by final 呢,approved,hsk26-zh+hsk26-en,project_authored,
gelement_0d3fcae3cb80440a8a9caad8e6978186,hsk26-g1-067,1,inventory_member,元,standard yuan unit in a money amount,approved,hsk26-zh+hsk26-en,project_authored,
gelement_df7899e2d9ad4822bcb639977f92eae1,hsk26-g1-067,2,inventory_member,块,colloquial yuan unit in a money amount,approved,hsk26-zh+hsk26-en,project_authored,
gelement_38c782143598477ab4c6a0e0b1551e7b,hsk26-g1-068,1,morphology,第 + 数词,ordinal expression formed with prefix 第,approved,hsk26-zh+hsk26-en,project_authored,
gelement_97427567402341af8f99d0bf2119abe1,hsk26-g1-069,1,inventory_member,数词 + 年,calendar-year expression,approved,hsk26-zh+hsk26-en,project_authored,
gelement_4ff9028033424c48bce1b9628fcf5149,hsk26-g1-069,2,inventory_member,数词 + 月,calendar-month expression,approved,hsk26-zh+hsk26-en,project_authored,
gelement_b72213f8f5c0451dadb05fe672debcd7,hsk26-g1-069,3,inventory_member,数词 + 日/号,day-of-month expression,approved,hsk26-zh+hsk26-en,project_authored,
gelement_0e7a9058985b4097a51b36b3d35d693a,hsk26-g1-069,4,inventory_member,星期 + 数词/日/天,weekday expression,approved,hsk26-zh+hsk26-en,project_authored,
gelement_eb726b3d10d44245adabbb19d5e63b7c,hsk26-g1-070,1,inventory_member,数词 + 点,clock-hour expression,approved,hsk26-zh+hsk26-en,project_authored,
gelement_cf53be8b4bbb49b7b22becff4733ae70,hsk26-g1-070,2,inventory_member,数词 + 点 + 半,half-past clock expression,approved,hsk26-zh+hsk26-en,project_authored,
gelement_526a60a779d94a7caa5757078fdc2417,hsk26-g1-070,3,inventory_member,数词 + 点 + 数词 + 分,hour-and-minute clock expression,approved,hsk26-zh+hsk26-en,project_authored,
gelement_15ecab3be109435ca0ccffcc06d370fa,hsk26-g2-001,1,morphology,—面,suffix forming a location noun,approved,hsk26-zh+hsk26-en,project_authored,
gelement_2d5e65f0a6e140f1a9e2d9743847eee6,hsk26-g2-002,1,inventory_member,左,the left side,approved,hsk26-zh+hsk26-en,project_authored,
gelement_d76a396b72c647999640435597e3ce19,hsk26-g2-002,2,inventory_member,右,the right side,approved,hsk26-zh+hsk26-en,project_authored,
gelement_558ab6be40a541b5b41a7915df61e84e,hsk26-g2-003,1,construction,AA,reduplication of a one-syllable verb,approved,hsk26-zh+hsk26-en,project_authored,
gelement_63009f492668415993694ce84134fc66,hsk26-g2-003,2,construction,A一A,one-syllable verb repeated around 一,approved,hsk26-zh+hsk26-en,project_authored,
gelement_48625bab541d451a895f1f7fcbe76a16,hsk26-g2-003,3,construction,A了A,brief realized action with 了 between repeated verbs,approved,hsk26-zh+hsk26-en,project_authored,
gelement_79b7fab83b6b477e93b09315960efa61,hsk26-g2-003,4,construction,ABAB,reduplication of a two-syllable verb,approved,hsk26-zh+hsk26-en,project_authored,
gelement_a87e802d9e374f6cb25d50f99f974d56,hsk26-g2-004,1,function,可能,marks an event or state as possible,approved,hsk26-zh+hsk26-en,project_authored,
gelement_1b8ebd108e374390940f938ff4371414,hsk26-g2-005,1,inventory_member,帮忙,help; literally help + a favor,approved,hsk26-zh+hsk26-en,project_authored,
gelement_645edbcc339043f28f4a0d62131b0644,hsk26-g2-005,2,inventory_member,游泳,swim; literally swim + swimming,approved,hsk26-zh+hsk26-en,project_authored,
gelement_89b4b3038b5a4d8da618e0da573d25cc,hsk26-g2-005,3,inventory_member,跳舞,dance; literally jump + dance,approved,hsk26-zh+hsk26-en,project_authored,
gelement_694bc9008f964306ba87a371a9397244,hsk26-g2-005,4,inventory_member,跑步,run; literally run + steps,approved,hsk26-zh+hsk26-en,project_authored,
gelement_5288e7852cdc4c0db93543d939c158be,hsk26-g2-006,1,function,为什么,interrogative pronoun asking why,approved,hsk26-zh+hsk26-en,project_authored,
gelement_927cabd9146648fba0d50f8152667b47,hsk26-g2-007,1,function,自己,reflexive pronoun referring back to the relevant person,approved,hsk26-zh+hsk26-en,project_authored,
gelement_0d7be292f82844eda5e084624f2088a4,hsk26-g2-008,1,function,那么,that degree or manner,approved,hsk26-zh+hsk26-en,project_authored,
gelement_e1e5eb28574845b6ac677d5888bd8e7f,hsk26-g2-008,2,function,那样,in that way or of that kind,approved,hsk26-zh+hsk26-en,project_authored,
gelement_09df39837e1d48658f1251d69c1da1c2,hsk26-g2-008,3,function,这么,this degree or manner,approved,hsk26-zh+hsk26-en,project_authored,
gelement_8ed4ab8539eb4192b6d18e14a8c894b8,hsk26-g2-008,4,function,这样,in this way or of this kind,approved,hsk26-zh+hsk26-en,project_authored,
gelement_4d35c207ae4842a283d2d9da5faaefd1,hsk26-g2-008,5,function,每,each or every member of a set,approved,hsk26-zh+hsk26-en,project_authored,
gelement_d2768e50f2f9426abcdaef623f3e4b15,hsk26-g2-009,1,construction,AA,reduplication of a one-syllable adjective,approved,hsk26-zh+hsk26-en,project_authored,
gelement_50304e6387404f618d3657c8d078809d,hsk26-g2-009,2,construction,AABB,AABB reduplication of a two-syllable adjective,approved,hsk26-zh+hsk26-en,project_authored,
gelement_d10e58fcb7a94b6cb8ca30f72acc6ff5,hsk26-g2-010,1,inventory_member,万,ten thousand,approved,hsk26-zh+hsk26-en,project_authored,
gelement_6da6c91e6e8845068663adf4200719d0,hsk26-g2-010,2,inventory_member,好多,a great many or much,approved,hsk26-zh+hsk26-en,project_authored,
gelement_43899016b5ab4b9dbe1d84dabce4a631,hsk26-g2-010,3,inventory_member,多,more than a stated round number,approved,hsk26-zh+hsk26-en,project_authored,
gelement_6c745b0142ae48da8f090c44e1aafa30,hsk26-g2-011,1,inventory_member,条,classifier for long or flexible things,approved,hsk26-zh+hsk26-en,project_authored,
gelement_c35dbd0ba9d34a60966a54104291aefc,hsk26-g2-011,2,inventory_member,位,respectful classifier for people,approved,hsk26-zh+hsk26-en,project_authored,
gelement_dadebc1baa3f4a6390f3c04c9987fd64,hsk26-g2-011,3,inventory_member,间,classifier for rooms,approved,hsk26-zh+hsk26-en,project_authored,
gelement_157c63523d1e456ab3a0cc4b43bedb95,hsk26-g2-011,4,inventory_member,名,neutral or formal classifier for people,approved,hsk26-zh+hsk26-en,project_authored,
gelement_355a00010ad647e794c38b52d3ef46a3,hsk26-g2-012,1,function,包,borrowed classifier for a package or packet,approved,hsk26-zh+hsk26-en,project_authored,
gelement_ccabcde8c07343c895b0cc39cce4589a,hsk26-g2-013,1,function,次,verbal measure word counting occurrences,approved,hsk26-zh+hsk26-en,project_authored,
gelement_25cc393d074a47a490be1285bbfb5451,hsk26-g2-014,1,function,多,"how, marking an exclamatory degree",approved,hsk26-zh+hsk26-en,project_authored,
gelement_d892f9aebf9f448f9a66368ec6718f01,hsk26-g2-014,2,function,好,so or very in an exclamation,approved,hsk26-zh+hsk26-en,project_authored,
gelement_badce7b365884bd88dcb4edf4af1d1c1,hsk26-g2-014,3,function,最,most or -est within a comparison set,approved,hsk26-zh+hsk26-en,project_authored,
gelement_e1d0f2dbb2384f9b91234b703b971f4c,hsk26-g2-015,1,function,一起,together in a shared action,approved,hsk26-zh+hsk26-en,project_authored,
gelement_0a485f80ea5241f3be43b3b7af710562,hsk26-g2-016,1,function,还,"still, marking continuation at the reference time",approved,hsk26-zh+hsk26-en,project_authored,
gelement_378ca396d5294e75be314bda7c747ffc,hsk26-g2-016,2,function,已经,already by the reference time,approved,hsk26-zh+hsk26-en,project_authored,
gelement_1238f208be4648deb73e5ee276e3403d,hsk26-g2-016,3,function,有时,sometimes,approved,hsk26-zh+hsk26-en,project_authored,
gelement_5b9de1c143674195a1781576a263901e,hsk26-g2-016,4,function,有时候,"sometimes, full variant",approved,hsk26-zh+hsk26-en,project_authored,
gelement_6c8d3b2e23f74a45ba819ce2f50144dd,hsk26-g2-016,5,function,快,soon or nearly at a change,approved,hsk26-zh+hsk26-en,project_authored,
gelement_1029c94420364515b2abf5d894788f9b,hsk26-g2-016,6,function,快要,about to,approved,hsk26-zh+hsk26-en,project_authored,
gelement_05736f3f03d041beb856881aaea07c56,hsk26-g2-016,7,function,正,right in the middle of an action,approved,hsk26-zh+hsk26-en,project_authored,
gelement_189a9264bb8942c3932dcbaec7bd118d,hsk26-g2-017,1,inventory_member,常,often; concise frequency adverb listed by the grammar syllabus,approved,hsk26-zh+hsk26-en,project_authored,
gelement_ab4bc14917664677b660394dbc1657a0,hsk26-g2-017,2,inventory_member,经常,often or regularly,approved,hsk26-zh+hsk26-en,project_authored,
gelement_05d9d26e873746158cb0ff9298cc912c,hsk26-g2-018,1,function,别,negative adverb prohibiting an action,approved,hsk26-zh+hsk26-en,project_authored,
gelement_39be2073c23943338abe83c4de4e3886,hsk26-g2-019,1,function,再,"then, placing an action after a prior step",approved,hsk26-zh+hsk26-en,project_authored,
gelement_1718724a3e2c4dc3b8135af4a8faf509,hsk26-g2-019,2,function,就,then or promptly once the prior condition holds,approved,hsk26-zh+hsk26-en,project_authored,
gelement_78468181c7734ec1b50654d138e25f65,hsk26-g2-020,1,function,都,"already or as much as, highlighting a reached point",approved,hsk26-zh+hsk26-en,project_authored,
gelement_a8ab68cc94db4257b8dd7c25b025845e,hsk26-g2-020,2,function,就,"only or precisely, narrowing the speaker's choice",approved,hsk26-zh+hsk26-en,project_authored,
gelement_71f7267b0b774e98910c66b355661ca6,hsk26-g2-020,3,function,还是,"still, maintaining an action or state despite context",approved,hsk26-zh+hsk26-en,project_authored,
gelement_88fd398ff0324169beee7bb31a4fab66,hsk26-g2-021,1,function,从,from a starting time or place,approved,hsk26-zh+hsk26-en,project_authored,
gelement_c1b53f254c5f4206b45ae202f08ee602,hsk26-g2-022,1,function,往,toward a direction or destination,approved,hsk26-zh+hsk26-en,project_authored,
gelement_55fa718dfa5d49819f36c00cda497cf1,hsk26-g2-023,1,function,从,from or via a movement direction or route,approved,hsk26-zh+hsk26-en,project_authored,
gelement_a6d76f732e1740dfbb1500883392e983,hsk26-g2-024,1,function,给,to or for a recipient or beneficiary,approved,hsk26-zh+hsk26-en,project_authored,
gelement_5062673e63bf4cdd859a78e40f4965e0,hsk26-g2-025,1,function,比,"than, introducing a comparison standard",approved,hsk26-zh+hsk26-en,project_authored,
gelement_01e8da38441e480e9f1298dec033d8de,hsk26-g2-026,1,function,跟,with a companion or interaction counterpart,approved,hsk26-zh+hsk26-en,project_authored,
gelement_13fea372265a472ba1a4a60829494ddd,hsk26-g2-027,1,function,因为,"because of, introducing a reason phrase",approved,hsk26-zh+hsk26-en,project_authored,
gelement_79ec995ab8754922b1a80e540ab20e06,hsk26-g2-028,1,function,跟,and between parallel words or phrases,approved,hsk26-zh+hsk26-en,project_authored,
gelement_9ff5a3054e73436fb107de82df771970,hsk26-g2-029,1,function,但,but; concise contrast connector,approved,hsk26-zh+hsk26-en,project_authored,
gelement_e221db2f55c64d2cbfa4bec909deb876,hsk26-g2-029,2,function,但是,but or however,approved,hsk26-zh+hsk26-en,project_authored,
gelement_5efb1e963dbe4f4eaf14354629c43723,hsk26-g2-029,3,function,那,"then or in that case, introducing a response",approved,hsk26-zh+hsk26-en,project_authored,
gelement_8612798ed74c4f2f9d274dcc16ad64ef,hsk26-g2-029,4,function,虽然,"although, introducing a concession",approved,hsk26-zh+hsk26-en,project_authored,
gelement_0b57985300a7412fa7d0c02280c18807,hsk26-g2-029,5,function,还是,or between alternatives,approved,hsk26-zh+hsk26-en,project_authored,
gelement_a1192c4efe74489f88fdc88453ed7b20,hsk26-g2-029,6,function,因为,"because, introducing a cause clause",approved,hsk26-zh+hsk26-en,project_authored,
gelement_5d834594d32043f4a4b2201d2d96b8e9,hsk26-g2-029,7,function,所以,"so or therefore, introducing a result clause",approved,hsk26-zh+hsk26-en,project_authored,
gelement_2a55526e8bba4c4d8660858a0979b631,hsk26-g2-030,1,function,得,links a verb to a following state or degree complement,approved,hsk26-zh+hsk26-en,project_authored,
gelement_8ca560555522451fa23470003dfb5033,hsk26-g2-030,2,function,地,links a manner description to a following action,approved,hsk26-zh+hsk26-en,project_authored,
gelement_26c71cafee7e415a8a3654492b2e3550,hsk26-g2-031,1,function,过,experiential aspect particle,approved,hsk26-zh+hsk26-en,project_authored,
gelement_e055423eec734f6e8a5e25b32b2f54e6,hsk26-g2-032,1,function,着,durative aspect particle marking continuation,approved,hsk26-zh+hsk26-en,project_authored,
gelement_0874e21f369a48e3bb058364531c3c48,hsk26-g2-033,1,function,呢,adds puzzled or emphatic force to a formed question,approved,hsk26-zh+hsk26-en,project_authored,
gelement_286ce25ba48b48878c7041148f74bb3e,hsk26-g2-033,2,function,吧,seeks confirmation of a tentative assumption,approved,hsk26-zh+hsk26-en,project_authored,
gelement_f296ff29ac5143669c2432fcc69083d4,hsk26-g2-033,3,function,的,asserts or reassures that a proposition holds,approved,hsk26-zh+hsk26-en,project_authored,
gelement_436eddda16814681ade0deeff80187c9,hsk26-g2-033,4,function,啊,marks an exclamation or affective reaction,approved,hsk26-zh+hsk26-en,project_authored,
gelement_1df7fa2aeff74e2d963a4cea727433e9,hsk26-g2-034,1,category,动补短语,a verb followed by a grammatical complement,approved,hsk26-zh+hsk26-en,project_authored,
gelement_941c3e6fc9b3421ca7716606d925e807,hsk26-g2-035,1,construction,修饰语 + 的,a modifier plus 的 functioning as a noun phrase,approved,hsk26-zh+hsk26-en,project_authored,
gelement_d1d79e441cdb4fc484421ba3e52aaee0,hsk26-g2-036,1,construction,动词短语1 + 动词短语2,successive verb phrases sharing one subject,approved,hsk26-zh+hsk26-en,project_authored,
gelement_1904386d850149f58af0449d56b79cb2,hsk26-g2-037,1,construction,动词1 + 兼语 + 动词2,phrase whose middle participant is object of verb 1 and subject of verb 2,approved,hsk26-zh+hsk26-en,project_authored,
gelement_1a3ba5f63ad3479aa3c45a6bd569079a,hsk26-g2-038,1,category,,phrase functioning as a noun or referential unit,approved,hsk26-zh+hsk26-en,project_authored,
gelement_d79185ebee0e4577b98009231b0556b3,hsk26-g2-039,1,category,,phrase centered on a verb and functioning as an action or predicate,approved,hsk26-zh+hsk26-en,project_authored,
gelement_f5b5526e381840748afb920d44fab8af,hsk26-g2-040,1,category,,phrase centered on an adjective and expressing a property,approved,hsk26-zh+hsk26-en,project_authored,
gelement_640ac4b94dde4825bf27033ae611532e,hsk26-g2-041,1,function,什么的,and things or activities like that,approved,hsk26-zh+hsk26-en,project_authored,
gelement_279457444c29492ab43923a4248efe4e,hsk26-g2-042,1,construction,还是……吧,had better; a softened considered recommendation,approved,hsk26-zh+hsk26-en,project_authored,
gelement_7c35247ade1c4fbc8ef273d947e832a8,hsk26-g2-043,1,construction,要……了,be about to,approved,hsk26-zh+hsk26-en,project_authored,
gelement_3c5d4a1f0eca42fca0b9c48883b25c78,hsk26-g2-043,2,construction,快要……了,be very close to happening,approved,hsk26-zh+hsk26-en,project_authored,
gelement_ec994b96303142d890a5ea5968da1e10,hsk26-g2-043,3,construction,就要……了,be just about to or scheduled soon,approved,hsk26-zh+hsk26-en,project_authored,
gelement_6b1222ef97c94147b339af4bff30c468,hsk26-g2-044,1,construction,都……了,already as much or as late as the stated point,approved,hsk26-zh+hsk26-en,project_authored,
gelement_e4018ddfa0cd441bb774f186ddeed945,hsk26-g2-045,1,construction,受事 + 动词性谓语,affected entity functioning as the grammatical subject,approved,hsk26-zh+hsk26-en,project_authored,
gelement_fef70314bdef441985283bcce355cf4f,hsk26-g2-046,1,construction,主语 + 名词性谓语,nominal phrase functioning directly as the predicate,approved,hsk26-zh+hsk26-en,project_authored,
gelement_3806ea7639494792af8a78582c319157,hsk26-g2-047,1,construction,动词性短语 + 的 + 名词,verbal phrase functioning as an attributive,approved,hsk26-zh+hsk26-en,project_authored,
gelement_0b1e35a272554e51a3a34fc9ad723187,hsk26-g2-047,2,construction,主谓短语 + 的 + 名词,subject-predicate phrase functioning as an attributive,approved,hsk26-zh+hsk26-en,project_authored,
gelement_5104a626831f44a5ae6b5378a0124468,hsk26-g2-048,1,construction,动词 + 错,action performed incorrectly,approved,hsk26-zh+hsk26-en,project_authored,
gelement_98a42777100746e28bcbf22ae3c9e146,hsk26-g2-048,2,construction,动词 + 懂,understanding achieved through the action,approved,hsk26-zh+hsk26-en,project_authored,
gelement_f093198e0b4d4081a3255e0856eaae79,hsk26-g2-048,3,construction,动词 + 好,action completed into a satisfactory or ready state,approved,hsk26-zh+hsk26-en,project_authored,
gelement_f3d88a7e4c6d4d459b3049c9387b2355,hsk26-g2-048,4,construction,动词 + 会,skill successfully learned,approved,hsk26-zh+hsk26-en,project_authored,
gelement_39bca8db337d4190a65e73ba199f01fd,hsk26-g2-048,5,construction,动词 + 完,action brought to its endpoint,approved,hsk26-zh+hsk26-en,project_authored,
gelement_2403d12331594597bfcf087e7f29d327,hsk26-g2-049,1,construction,动词 + 来,action directed toward the viewpoint,approved,hsk26-zh+hsk26-en,project_authored,
gelement_e918b0252210432aab006d96efeeffed,hsk26-g2-049,2,construction,动词 + 去,action directed away from the viewpoint,approved,hsk26-zh+hsk26-en,project_authored,
gelement_8df94ce16f7044b490400fa34bb3543a,hsk26-g2-050,1,construction,动词 + 上,movement upward or onto,approved,hsk26-zh+hsk26-en,project_authored,
gelement_1e40602780ac4e5985bca33c12e4de9e,hsk26-g2-050,2,construction,动词 + 下,movement downward or into a settled position,approved,hsk26-zh+hsk26-en,project_authored,
gelement_a24d19eb57114f6ab0226892e4b135e9,hsk26-g2-050,3,construction,动词 + 进,movement inward,approved,hsk26-zh+hsk26-en,project_authored,
gelement_8d4212eb64594208b1e02ca7d687770f,hsk26-g2-050,4,construction,动词 + 出,movement outward,approved,hsk26-zh+hsk26-en,project_authored,
gelement_fa9c56336b2d484c894659cb51e4dd74,hsk26-g2-050,5,construction,动词 + 过,movement across or past,approved,hsk26-zh+hsk26-en,project_authored,
gelement_02d07e9f7bd34f0f9617d859202d3930,hsk26-g2-050,6,construction,动词 + 回,movement back,approved,hsk26-zh+hsk26-en,project_authored,
gelement_ad11859f06ea4945884d280c6a0227ab,hsk26-g2-051,1,construction,动词 + 出来,move out toward the viewpoint,approved,hsk26-zh+hsk26-en,project_authored,
gelement_d894c4a1a70843f4bd0a3057c15c8c54,hsk26-g2-051,2,construction,动词 + 出去,move out away from the viewpoint,approved,hsk26-zh+hsk26-en,project_authored,
gelement_1a2c0679df264d52b1dd0c1aca693132,hsk26-g2-051,3,construction,动词 + 过来,move across or over toward the viewpoint,approved,hsk26-zh+hsk26-en,project_authored,
gelement_44f8857b62684d0dbfdfe94b1eea014e,hsk26-g2-051,4,construction,动词 + 过去,move across or over away from the viewpoint,approved,hsk26-zh+hsk26-en,project_authored,
gelement_a86ca8e6d44646a0b391a74aff44f4ab,hsk26-g2-051,5,construction,动词 + 回来,return toward the viewpoint,approved,hsk26-zh+hsk26-en,project_authored,
gelement_c9868425f6c44e2a8da73a79d5c9e7c4,hsk26-g2-051,6,construction,动词 + 回去,return away from the viewpoint,approved,hsk26-zh+hsk26-en,project_authored,
gelement_630c22f7d9b443049c1a45e3853c5f9b,hsk26-g2-051,7,construction,动词 + 进来,move in toward the viewpoint,approved,hsk26-zh+hsk26-en,project_authored,
gelement_c10116b7be8e46c4a9c139164a4acd7e,hsk26-g2-051,8,construction,动词 + 进去,move in away from the viewpoint,approved,hsk26-zh+hsk26-en,project_authored,
gelement_6bcca1d9df3c4f8bb7265a4fce05a182,hsk26-g2-051,9,construction,动词 + 起来,move upward into a new position,approved,hsk26-zh+hsk26-en,project_authored,
gelement_7bffa7375fc4424d990807828868178c,hsk26-g2-051,10,construction,动词 + 上来,move upward toward the viewpoint,approved,hsk26-zh+hsk26-en,project_authored,
gelement_a2dd1224e5ce47bd933bad524cf69cfa,hsk26-g2-051,11,construction,动词 + 上去,move upward away from the viewpoint,approved,hsk26-zh+hsk26-en,project_authored,
gelement_1f3d2711d70a427d879be23ef7c145c5,hsk26-g2-051,12,construction,动词 + 下来,move downward toward the viewpoint,approved,hsk26-zh+hsk26-en,project_authored,
gelement_ee1e070cbb7a45e2a8df8c5f4d042dbf,hsk26-g2-051,13,construction,动词 + 下去,move downward away from the viewpoint,approved,hsk26-zh+hsk26-en,project_authored,
gelement_f20413b33ca648bb9437b521445fbdf4,hsk26-g2-052,1,construction,动词 + 得 + 形容词性短语,post-verbal description of how an action is performed,approved,hsk26-zh+hsk26-en,project_authored,
gelement_2c5bdf526e7047618c177f6140977530,hsk26-g2-053,1,construction,动词 + 时量短语,time quantity measuring an action's duration,approved,hsk26-zh+hsk26-en,project_authored,
gelement_48620483fc8145edb5eb3d02b3217f8c,hsk26-g2-054,1,construction,形容词 + 数量短语,quantity measuring an adjectival difference,approved,hsk26-zh+hsk26-en,project_authored,
gelement_6ffeac848dac4e2da9daf45fc56ed1ef,hsk26-g2-055,1,construction,大主语 + [小主语 + 谓语],sentence whose predicate is itself a subject-predicate phrase,approved,hsk26-zh+hsk26-en,project_authored,
gelement_25c9b342926a4a299d92ab6095269431,hsk26-g2-056,1,construction,A还是B？,choice question between stated alternatives,approved,hsk26-zh+hsk26-en,project_authored,
gelement_561315d689db421f8a699f41cc60b434,hsk26-g2-057,1,construction,别 + 动词,negative imperative prohibiting an action,approved,hsk26-zh+hsk26-en,project_authored,
gelement_28aabe7bff214fa0ab4587e21b671bb6,hsk26-g2-058,1,construction,主语 + 是 + 名词性说明,是 sentence providing an explanation or characteristic,approved,hsk26-zh+hsk26-en,project_authored,
gelement_f873ce5f6edd43468779fa5aa0b26a4e,hsk26-g2-059,1,construction,情况 + 有 + 数量（+ 了）,"有 sentence marking an attained quantity, demonstrated here with duration",approved,hsk26-zh+hsk26-en,project_authored,
gelement_52fb499cc37c46d2a02912fe432a7996,hsk26-g2-060,1,construction,处所 + 动词 + 着 (+ 数量短语) + 名词,location-first presentation of an entity in a continuing state,approved,hsk26-zh+hsk26-en,project_authored,
gelement_3bf83e2c2d86457e911a43f99b620856,hsk26-g2-061,1,construction,A比B + 形容词,A exceeds B in the stated property,approved,hsk26-zh+hsk26-en,project_authored,
gelement_49c8382a000647a8aeadf53f6002a120,hsk26-g2-062,1,construction,A比B + 形容词 + 数量补语,comparison with a measured difference,approved,hsk26-zh+hsk26-en,project_authored,
gelement_6834a2acefca428d8f26f08becb2082a,hsk26-g2-062,2,construction,A比B + 形容词 + 程度补语,comparison with an added degree expression,approved,hsk26-zh+hsk26-en,project_authored,
gelement_c21b2395d94d432a86e34b0751140144,hsk26-g2-063,1,construction,A有B（+这么/那么）+形容词,A reaches B's degree of a property,approved,hsk26-zh+hsk26-en,project_authored,
gelement_a9f4506dad854eed834772b37dd9350f,hsk26-g2-063,2,construction,A没有B（+这么/那么）+形容词,A does not reach B's degree of a property,approved,hsk26-zh+hsk26-en,project_authored,
gelement_8df19a07903842f6865f8a7bccac0a5e,hsk26-g2-063,3,inventory_member,这么,this degree in an equality comparison,approved,hsk26-zh+hsk26-en,project_authored,
gelement_cde13a0de76445bfaf77a833042556c1,hsk26-g2-063,4,inventory_member,那么,that degree in an equality comparison,approved,hsk26-zh+hsk26-en,project_authored,
gelement_ee8b5fc768a146538b300291ec1fef63,hsk26-g2-064,1,construction,A比B + 动词 + 得 + 形容词,comparison standard before the performance verb,approved,hsk26-zh+hsk26-en,project_authored,
gelement_607816881e08407ab1143010be6945f4,hsk26-g2-064,2,construction,A + 动词 + 得 + 比B + 形容词,comparison standard inside the 得-complement,approved,hsk26-zh+hsk26-en,project_authored,
gelement_1a8bb7fedf4f41e0a80a20cb7e0ba2f3,hsk26-g2-065,1,function,是 + 时间 + 动词 + 的,focus on when an event occurred,approved,hsk26-zh+hsk26-en,project_authored,
gelement_893b10de15234daf96edd14100153e57,hsk26-g2-065,2,function,是 + 处所 + 动词 + 的,focus on where an event occurred,approved,hsk26-zh+hsk26-en,project_authored,
gelement_213b6d5862864b0daf5c01da3e58fba8,hsk26-g2-065,3,function,是 + 方式 + 动词 + 的,focus on how an event occurred,approved,hsk26-zh+hsk26-en,project_authored,
gelement_55009fa5071144ec8a461e2aa96b17b2,hsk26-g2-065,4,function,是 + 动作者 + 动词 + 的,focus on who performed an event,approved,hsk26-zh+hsk26-en,project_authored,
gelement_0eb570ba20d946b6992c74b30fc7b684,hsk26-g2-066,1,construction,请 + 人 + 动词,politely ask someone to act,approved,hsk26-zh+hsk26-en,project_authored,
gelement_f38f77eb188240459320680c4d75c05c,hsk26-g2-066,2,construction,叫 + 人 + 动词,tell or have someone act,approved,hsk26-zh+hsk26-en,project_authored,
gelement_8303f33daa954324a38cc44fa13f0050,hsk26-g2-066,3,construction,让 + 人 + 动词,let or cause someone to act,approved,hsk26-zh+hsk26-en,project_authored,
gelement_c1a203e4330b43c4bddb0f30aa27c1f1,hsk26-g2-067,1,construction,动词 + 给 + 接受者 + 事物,transfer predicate followed by recipient and transferred object,approved,hsk26-zh+hsk26-en,project_authored,
gelement_52dff1b816fc4186b47164050d588249,hsk26-g2-068,1,construction,（是）分句1，还是分句2,alternative complex sentence presenting two clause choices,approved,hsk26-zh+hsk26-en,project_authored,
gelement_07f6f9c53eb740d6bdb204affcecbfd2,hsk26-g2-069,1,construction,虽然……，但是……,"although one fact holds, a contrasting result follows",approved,hsk26-zh+hsk26-en,project_authored,
gelement_62429daf4f0e48ebadf5f0943a3aff37,hsk26-g2-070,1,construction,因为……，所以……,explicit cause followed by its result,approved,hsk26-zh+hsk26-en,project_authored,
gelement_66a196caf5924814a2a9987d7977109f,hsk26-g2-071,1,construction,一……就……,"as soon as one event occurs, another follows",approved,hsk26-zh+hsk26-en,project_authored,
gelement_ba4ce89d17f84f10985cb91de9042fd5,hsk26-g2-072,1,function,动词 + 着,durative aspect maintaining a resultant state or posture,approved,hsk26-zh+hsk26-en,project_authored,
gelement_60a93714d5fa46e9a4f97b7ed95263d6,hsk26-g2-073,1,function,动作动词 + 着,durative aspect presenting an activity as ongoing,approved,hsk26-zh+hsk26-en,project_authored,
gelement_22aa81ea1aa5438c895774eeab07df05,hsk26-g2-074,1,function,动词 + 过,experience attained at least once before the reference time,approved,hsk26-zh+hsk26-en,project_authored,
gelement_19872b7c2d5149a98b5cf6a9d381431a,hsk26-g2-075,1,expression_system,数词 + 量词,contextual ordinal label formed without 第,approved,hsk26-zh+hsk26-en,project_authored,
gelement_83073577ae7a4b5ea442041934c1a3dd,hsk26-g2-076,1,expression_system,几 + 量词,a few; a small unspecified number,approved,hsk26-zh+hsk26-en,project_authored,
gelement_a1ebf609b8c6474094c7e588cd6587e4,hsk26-g2-077,1,construction,数词 + 多 + 量词,quantity somewhat above a round numeral,approved,hsk26-zh+hsk26-en,project_authored,
gelement_697a74270a6e4e59bd9c6f11f8d9d084,hsk26-g2-078,1,construction,数词 + 量词 + 多,whole units plus an unspecified extra fraction,approved,hsk26-zh+hsk26-en,project_authored,
gelement_ba81934ad1d6410b92ee5ebd11107f9b,hsk26-g3-001,1,morphology,老—,prefix marking a long-standing or familiar relationship,approved,hsk26-zh+hsk26-en,project_authored,
gelement_bb6d6248723d48279c166b32a360925c,hsk26-g3-002,1,morphology,—家,suffix naming a specialist or professional,approved,hsk26-zh+hsk26-en,project_authored,
gelement_494a4a4f8d824a5290c5fbb449af240b,hsk26-g3-002,2,morphology,—子,"noun-forming suffix, often with a neutral tone",approved,hsk26-zh+hsk26-en,project_authored,
gelement_7d1c9e03123d48a2b7b1aed4b747a053,hsk26-g3-002,3,morphology,—员,suffix naming a member or worker,approved,hsk26-zh+hsk26-en,project_authored,
gelement_b3ffb295cf304567abc37aabfa0b1666,hsk26-g3-003,1,inventory_member,东,east,approved,hsk26-zh+hsk26-en,project_authored,
gelement_c1a2ca044d58499d86d959f2787fde0b,hsk26-g3-003,2,inventory_member,南,south,approved,hsk26-zh+hsk26-en,project_authored,
gelement_f09b9026e80a43c29a54f629d86215c8,hsk26-g3-003,3,inventory_member,西,west,approved,hsk26-zh+hsk26-en,project_authored,
gelement_b5b1b011034d42cd8ab4a41b34ba7d12,hsk26-g3-003,4,inventory_member,北,north,approved,hsk26-zh+hsk26-en,project_authored,
gelement_b7e36694ddac489a8ae61df4fd480ed9,hsk26-g3-003,5,inventory_member,北方,the north or a northern area,approved,hsk26-zh+hsk26-en,project_authored,
gelement_4b70a1709da2419a832bce385a0c5390,hsk26-g3-003,6,inventory_member,东方,the east or an eastern area,approved,hsk26-zh+hsk26-en,project_authored,
gelement_a0c11076a61647d0a6ec8dcc08d69ab5,hsk26-g3-003,7,inventory_member,南方,the south or a southern area,approved,hsk26-zh+hsk26-en,project_authored,
gelement_798a9e88c2f149feaaff02faee849a05,hsk26-g3-003,8,inventory_member,西方,the west or a western area,approved,hsk26-zh+hsk26-en,project_authored,
gelement_c12c515b8fdc4c30a991c203af6d3870,hsk26-g3-003,9,inventory_member,中间,in the middle or between,approved,hsk26-zh+hsk26-en,project_authored,
gelement_96274791ace94620ba62813239e00f48,hsk26-g3-004,1,inventory_member,需要,need or need to,approved,hsk26-zh+hsk26-en,project_authored,
gelement_ffa78a9a93e24e69aafaf3321a47c323,hsk26-g3-004,2,inventory_member,该,should or be time to,approved,hsk26-zh+hsk26-en,project_authored,
gelement_0b7f4ae41261409a88c906d2a0c9ee97,hsk26-g3-004,3,inventory_member,应该,should or ought to,approved,hsk26-zh+hsk26-en,project_authored,
gelement_712fa48cc2e9401bb69e4bcec5d78262,hsk26-g3-004,4,inventory_member,愿意,be willing to,approved,hsk26-zh+hsk26-en,project_authored,
gelement_2ae875d8ee81425096f0f416b5b7e54c,hsk26-g3-004,5,inventory_member,得,"must or have to, pronounced děi",approved,hsk26-zh+hsk26-en,project_authored,
gelement_af04bae6e45b4f8a8cefb0d758ddf852,hsk26-g3-005,1,inventory_member,放假,have time off or begin a holiday,approved,hsk26-zh+hsk26-en,project_authored,
gelement_0f91703cf903494aa6d0f78716b47074,hsk26-g3-005,2,inventory_member,见面,meet face to face,approved,hsk26-zh+hsk26-en,project_authored,
gelement_b5d36b2e43c0423c90f37214ad5cdb3e,hsk26-g3-005,3,inventory_member,结婚,get married or be married,approved,hsk26-zh+hsk26-en,project_authored,
gelement_98cb064ea96c4f588d105181a92f24e4,hsk26-g3-005,4,inventory_member,洗澡,take a bath or shower,approved,hsk26-zh+hsk26-en,project_authored,
gelement_530bdc7e27f64580b67687e6a0975283,hsk26-g3-006,1,inventory_member,离开,leave or move away from,approved,hsk26-zh+hsk26-en,project_authored,
gelement_ef71b2755a4a4eaa94a0dbeda12936cb,hsk26-g3-006,2,inventory_member,完成,complete or bring to completion,approved,hsk26-zh+hsk26-en,project_authored,
gelement_d682b92e17ef4443badb111203b04bd1,hsk26-g3-006,3,inventory_member,分开,separate or move apart,approved,hsk26-zh+hsk26-en,project_authored,
gelement_eb12509fd4be40eebccbab586ecfbb44,hsk26-g3-007,1,function,怎样,how or in what way,approved,hsk26-zh+hsk26-en,project_authored,
gelement_41da070096544d089b7d6d78de1289ae,hsk26-g3-008,1,construction,疑问代词+都……,free choice formed with a question word and 都,approved,hsk26-zh+hsk26-en,project_authored,
gelement_c363287d212b4c6f9faef97ba833d34e,hsk26-g3-008,2,construction,疑问代词+疑问代词,matching question words linking an unrestricted condition and result,approved,hsk26-zh+hsk26-en,project_authored,
gelement_fa04af9325054196b0534b53127a915d,hsk26-g3-009,1,function,疑问代词,"question pronoun used as someone, something, or somewhere unspecified",approved,hsk26-zh+hsk26-en,project_authored,
gelement_47a7eeae220047beb03921b520cd0183,hsk26-g3-010,1,inventory_member,别人,other people or someone else,approved,hsk26-zh+hsk26-en,project_authored,
gelement_45dac1cd174845328c014b0e2885a80d,hsk26-g3-010,2,inventory_member,咱们,"we or us, explicitly including the listener",approved,hsk26-zh+hsk26-en,project_authored,
gelement_5f1b65514ab24936a546baf8a8759d93,hsk26-g3-011,1,inventory_member,别的,another or a different one,approved,hsk26-zh+hsk26-en,project_authored,
gelement_5dbb62f3a6f24262a347e5529f5c3aa2,hsk26-g3-011,2,inventory_member,其他,other or the rest,approved,hsk26-zh+hsk26-en,project_authored,
gelement_51605053b0bc410092194e1a24820dfd,hsk26-g3-012,1,inventory_member,把,measure word for handled objects such as umbrellas or chairs,approved,hsk26-zh+hsk26-en,project_authored,
gelement_52efa67793ee4f1395bdd26356e40a32,hsk26-g3-012,2,inventory_member,双,measure word for pairs,approved,hsk26-zh+hsk26-en,project_authored,
gelement_da2d562eb14f46c0be9b0117712551af,hsk26-g3-012,3,inventory_member,张,measure word for flat objects and certain items with a surface,approved,hsk26-zh+hsk26-en,project_authored,
gelement_0b25efd0ae48454383e8584f981d812b,hsk26-g3-012,4,inventory_member,种,measure word for kinds or types,approved,hsk26-zh+hsk26-en,project_authored,
gelement_b8a03626004f4aca998cd48413a1bd70,hsk26-g3-012,5,inventory_member,层,measure word for floors or layers,approved,hsk26-zh+hsk26-en,project_authored,
gelement_bffc0f8fc7204492ad59a704e5eb148b,hsk26-g3-012,6,inventory_member,封,measure word for letters,approved,hsk26-zh+hsk26-en,project_authored,
gelement_0337a2aee5bd41a79e7201315cf42796,hsk26-g3-012,7,inventory_member,页,measure word for pages,approved,hsk26-zh+hsk26-en,project_authored,
gelement_aec97eff1aae4f4c8291eba3b5bd0732,hsk26-g3-012,8,inventory_member,辆,measure word for wheeled vehicles,approved,hsk26-zh+hsk26-en,project_authored,
gelement_89dd11cb59ef4b569fc41d4f9b511ab0,hsk26-g3-012,9,inventory_member,节,measure word for class periods or sections,approved,hsk26-zh+hsk26-en,project_authored,
gelement_22f1a65e23024635bdfb16f616227eec,hsk26-g3-012,10,inventory_member,所,measure word for schools and some institutions,approved,hsk26-zh+hsk26-en,project_authored,
gelement_4b40543596604db9be202a4e22fd03ea,hsk26-g3-012,11,inventory_member,班,measure word for scheduled transport services or classes,approved,hsk26-zh+hsk26-en,project_authored,
gelement_a7697ec5de134f7fba46b0992e1f1143,hsk26-g3-012,12,inventory_member,段,"measure word for sections, intervals, or passages",approved,hsk26-zh+hsk26-en,project_authored,
gelement_00c948fb8e024291ab60c0d831a34ef6,hsk26-g3-012,13,inventory_member,头,measure word for certain large animals,approved,hsk26-zh+hsk26-en,project_authored,
gelement_f0525e9ebb2b4b5b8dd0c89d90d02a47,hsk26-g3-012,14,inventory_member,句,measure word for sentences or utterances,approved,hsk26-zh+hsk26-en,project_authored,
gelement_6b66825bc6b14228bc84a657c03501de,hsk26-g3-012,15,inventory_member,公斤,kilogram measure,approved,hsk26-zh+hsk26-en,project_authored,
gelement_07f54686eda1429d90fd8c07a1153ea2,hsk26-g3-012,16,inventory_member,斤,Chinese weight measure of 500 grams,approved,hsk26-zh+hsk26-en,project_authored,
gelement_8e59b71d80d149f885df976c30fb2578,hsk26-g3-012,17,inventory_member,角,one-tenth yuan,approved,hsk26-zh+hsk26-en,project_authored,
gelement_9e4008c0d60a4505916572b074689135,hsk26-g3-012,18,inventory_member,毛,colloquial one-tenth yuan,approved,hsk26-zh+hsk26-en,project_authored,
gelement_a4363fddb5ae47528140c7e0a2056310,hsk26-g3-012,19,inventory_member,刻,quarter-hour measure,approved,hsk26-zh+hsk26-en,project_authored,
gelement_84839cf976864f158940c7f000a24af6,hsk26-g3-012,20,inventory_member,米,meter measure,approved,hsk26-zh+hsk26-en,project_authored,
gelement_ab83c1157b50456081e9cec72a6b6212,hsk26-g3-013,1,inventory_member,碗,bowlful or bowl as a borrowed measure,approved,hsk26-zh+hsk26-en,project_authored,
gelement_ce79b1ac62fa435798be85ad497c34c2,hsk26-g3-013,2,inventory_member,盘,plateful or plate as a borrowed measure,approved,hsk26-zh+hsk26-en,project_authored,
gelement_8c68e99bbda84e3bbf0b179f21b656c3,hsk26-g3-014,1,inventory_member,口,mouthful or bite as an action measure,approved,hsk26-zh+hsk26-en,project_authored,
gelement_4437953174ab45149fcd1ac1800224c4,hsk26-g3-014,2,inventory_member,回,occasion or instance of an action,approved,hsk26-zh+hsk26-en,project_authored,
gelement_5965f2100b0843a7be4c5f5e13b73b1d,hsk26-g3-014,3,inventory_member,遍,complete pass through an action,approved,hsk26-zh+hsk26-en,project_authored,
gelement_cb1f3959544d48a58a8b56bd40f031d5,hsk26-g3-014,4,inventory_member,声,instance of a produced sound or utterance,approved,hsk26-zh+hsk26-en,project_authored,
gelement_6f42f200307e4783b14f217719534103,hsk26-g3-015,1,construction,量词重叠,reduplicated measure word distributing a statement across every member,approved,hsk26-zh+hsk26-en,project_authored,
gelement_55ba8c2a583544cd8f996cd8596f87f9,hsk26-g3-016,1,inventory_member,比较,relatively or comparatively,approved,hsk26-zh+hsk26-en,project_authored,
gelement_e3093525173b4c27a88636ce0610ee3f,hsk26-g3-016,2,inventory_member,还3,even more in a comparison,approved,hsk26-zh+hsk26-en,project_authored,
gelement_f22f5eb718294609bf6141454cac5118,hsk26-g3-016,3,inventory_member,更,more or still more,approved,hsk26-zh+hsk26-en,project_authored,
gelement_7eac1260ba904f24916e1722650b1db4,hsk26-g3-016,4,inventory_member,特别,especially or particularly,approved,hsk26-zh+hsk26-en,project_authored,
gelement_ab923f47b4014c5784500cd7f4d47ac4,hsk26-g3-016,5,inventory_member,挺,"quite, often conversational",approved,hsk26-zh+hsk26-en,project_authored,
gelement_04f9ae1dd214421ba15ce3e8a1d96c87,hsk26-g3-016,6,inventory_member,有些,"somewhat, often with an undesirable quality",approved,hsk26-zh+hsk26-en,project_authored,
gelement_19b12ece120a410abd8b6da3cb626df1,hsk26-g3-016,7,inventory_member,越,increasingly or the more,approved,hsk26-zh+hsk26-en,project_authored,
gelement_e5706bdc8ec04fddac547a2392f03ac3,hsk26-g3-016,8,inventory_member,极,extremely,approved,hsk26-zh+hsk26-en,project_authored,
gelement_ae0f453f7b2a470a8537a017bd9c3cbf,hsk26-g3-017,1,inventory_member,就3,only or precisely the focused member,approved,hsk26-zh+hsk26-en,project_authored,
gelement_5c669089339146a48fe38ada3f9912a4,hsk26-g3-017,2,inventory_member,一块儿,together,approved,hsk26-zh+hsk26-en,project_authored,
gelement_ef377f47682842e98bf42c57a8c9d434,hsk26-g3-017,3,inventory_member,一共,in total,approved,hsk26-zh+hsk26-en,project_authored,
gelement_e1d198e169e94ed3b2473d0f052b4053,hsk26-g3-017,4,inventory_member,只,only,approved,hsk26-zh+hsk26-en,project_authored,
gelement_978c68c2cb4344c1b2462b98a0728c37,hsk26-g3-017,5,inventory_member,到处,everywhere,approved,hsk26-zh+hsk26-en,project_authored,
gelement_ec5165e799294b408c427a02abdc963f,hsk26-g3-017,6,inventory_member,只是,"merely or only, sometimes introducing a reservation",approved,hsk26-zh+hsk26-en,project_authored,
gelement_ea6751c760c64cc1bee7d68f35341517,hsk26-g3-018,1,inventory_member,才1,"not until or only then, later than expected",approved,hsk26-zh+hsk26-en,project_authored,
gelement_f45c7672dcb8494692b1da45270d751f,hsk26-g3-018,2,inventory_member,马上,immediately or very soon,approved,hsk26-zh+hsk26-en,project_authored,
gelement_dc6ddb6714d14d18a1dd442cd6cba915,hsk26-g3-018,3,inventory_member,先,first or beforehand,approved,hsk26-zh+hsk26-en,project_authored,
gelement_3c5af249fcd346cb9333d493b92c02d9,hsk26-g3-018,4,inventory_member,一会儿,a short while or in a moment,approved,hsk26-zh+hsk26-en,project_authored,
gelement_bff62df433f94ca5a0ff9525ba172b7f,hsk26-g3-018,5,inventory_member,刚,just recently,approved,hsk26-zh+hsk26-en,project_authored,
gelement_8448b55921f54760a0c523e717fae3fd,hsk26-g3-018,6,inventory_member,刚刚,just now,approved,hsk26-zh+hsk26-en,project_authored,
gelement_4f9f8e8e4d5e4be195a211ba441d811b,hsk26-g3-018,7,inventory_member,一直,continuously or all along,approved,hsk26-zh+hsk26-en,project_authored,
gelement_2121705a66ef45929b561bfe3d6cd38d,hsk26-g3-019,1,inventory_member,总,always or repeatedly,approved,hsk26-zh+hsk26-en,project_authored,
gelement_ed27044c3e024547acc9c8b252fb99c4,hsk26-g3-019,2,inventory_member,总是,"always, with persistent regularity",approved,hsk26-zh+hsk26-en,project_authored,
gelement_33d1998bcfb6451cbb2ee388a172dc82,hsk26-g3-019,3,inventory_member,又,again for a realized or current repetition,approved,hsk26-zh+hsk26-en,project_authored,
gelement_7d5b419903bd4bca977f1c83c3688e55,hsk26-g3-019,4,inventory_member,常常,often,approved,hsk26-zh+hsk26-en,project_authored,
gelement_b1fc9c2e0787479a9389fb8b4ce6754f,hsk26-g3-020,1,function,一边,correlative adverb marking one of two simultaneous actions,approved,hsk26-zh+hsk26-en,project_authored,
gelement_d57de6b4323a47d1b21491de1dcb8626,hsk26-g3-021,1,inventory_member,大概,probably or approximately,approved,hsk26-zh+hsk26-en,project_authored,
gelement_7e5fe41e15624203849d7c71d42cc558,hsk26-g3-021,2,inventory_member,必须,must or necessarily,approved,hsk26-zh+hsk26-en,project_authored,
gelement_2b67ed07eab941b9a4d3bee718e4d2f4,hsk26-g3-021,3,inventory_member,差不多,almost or roughly the same,approved,hsk26-zh+hsk26-en,project_authored,
gelement_48301f3a9e8c4ade9f2f117707395689,hsk26-g3-021,4,inventory_member,一定,certainly or definitely,approved,hsk26-zh+hsk26-en,project_authored,
gelement_c49399b90871463c83ce7ef92ddd29ad,hsk26-g3-021,5,inventory_member,好像,seem or apparently,approved,hsk26-zh+hsk26-en,project_authored,
gelement_f9ba8b44bd8144bca7870a80c25a8ebe,hsk26-g3-021,6,inventory_member,几乎,almost or nearly,approved,hsk26-zh+hsk26-en,project_authored,
gelement_233eb1260445450e8b18a89472fa557f,hsk26-g3-022,1,inventory_member,当然,of course or naturally,approved,hsk26-zh+hsk26-en,project_authored,
gelement_63fd4cc297de4fc2abaf3b5fab4f8fda,hsk26-g3-022,2,inventory_member,其实,"actually, correcting an impression",approved,hsk26-zh+hsk26-en,project_authored,
gelement_3a4d8f406a774b61b306048b9858b736,hsk26-g3-022,3,inventory_member,终于,finally after a process or wait,approved,hsk26-zh+hsk26-en,project_authored,
gelement_056b744e266a407f8d2d6ba40e5b6add,hsk26-g3-022,4,inventory_member,才2,"only, presenting an amount as small",approved,hsk26-zh+hsk26-en,project_authored,
gelement_0390024594094ddc9ea7eb1f21fcca65,hsk26-g3-022,5,inventory_member,才3,"only then, marking a required condition",approved,hsk26-zh+hsk26-en,project_authored,
gelement_0e0d15b0d18440e0be963f465ccf410b,hsk26-g3-022,6,inventory_member,就4,"just or precisely, with emphatic focus",approved,hsk26-zh+hsk26-en,project_authored,
gelement_0444becc66444ac18b9bf2fcee56149d,hsk26-g3-023,1,function,不必,need not or it is unnecessary to,approved,hsk26-zh+hsk26-en,project_authored,
gelement_b5cca19fabf8449db83a9bf9becbdef3,hsk26-g3-023,2,function,不用,"do not need to, commonly conversational",approved,hsk26-zh+hsk26-en,project_authored,
gelement_1444f9d43edd472ea734adc3a9f48d05,hsk26-g3-024,1,function,为1,for or on behalf of a beneficiary,approved,hsk26-zh+hsk26-en,project_authored,
gelement_f4e43c2ca48747ac88d5f88cbfffa49d,hsk26-g3-024,2,function,向1,to or toward an addressee or target,approved,hsk26-zh+hsk26-en,project_authored,
gelement_cfbdeaa073b140fd9cab069ba21f3e3a,hsk26-g3-024,3,function,关于,about or concerning a topic,approved,hsk26-zh+hsk26-en,project_authored,
gelement_df1fbe382fb84482a314e315030445a4,hsk26-g3-025,1,function,向2,toward or in the direction of physical movement,approved,hsk26-zh+hsk26-en,project_authored,
gelement_70cbbc40082e482dbd784f231cc5278e,hsk26-g3-026,1,function,为了,in order to or for the purpose of,approved,hsk26-zh+hsk26-en,project_authored,
gelement_93b9e1306d154cc4bec3645302024ebb,hsk26-g3-026,2,function,为2,because of or for a motivating concern,approved,hsk26-zh+hsk26-en,project_authored,
gelement_007f0fb5973144e282757aad5f0a2536,hsk26-g3-027,1,function,把,marker introducing a specific affected object before the verb,approved,hsk26-zh+hsk26-en,project_authored,
gelement_59b7dc0da93c4098b57f64528563d687,hsk26-g3-027,2,function,被,passive marker introducing the agent or passive event,approved,hsk26-zh+hsk26-en,project_authored,
gelement_f3240b07865e46ddbb06aeb4b6803066,hsk26-g3-028,1,function,根据,according to or on the basis of,approved,hsk26-zh+hsk26-en,project_authored,
gelement_e4c5bd0ec3644a04bef0c243721efdc5,hsk26-g3-029,1,inventory_member,或,"or, concise and sometimes more formal",approved,hsk26-zh+hsk26-en,project_authored,
gelement_1a5c828f46504f109ee16e56f50de6a0,hsk26-g3-029,2,inventory_member,或者,"or, presenting alternatives",approved,hsk26-zh+hsk26-en,project_authored,
gelement_617841407a6744ca83bdb688fa3fc50c,hsk26-g3-030,1,inventory_member,只有,"only if, introducing a necessary condition",approved,hsk26-zh+hsk26-en,project_authored,
gelement_39c23fc228b5445ab4924f39e1a50674,hsk26-g3-030,2,inventory_member,只要,"as long as, introducing a sufficient condition",approved,hsk26-zh+hsk26-en,project_authored,
gelement_c0d3b0bb560d4209b2e7131fd0c2df11,hsk26-g3-030,3,inventory_member,不但,not only,approved,hsk26-zh+hsk26-en,project_authored,
gelement_a230ccf53b2f4d409a8bcd084631322c,hsk26-g3-030,4,inventory_member,而且,but also or moreover,approved,hsk26-zh+hsk26-en,project_authored,
gelement_2abc295a6aab47899cc63065d913e315,hsk26-g3-030,5,inventory_member,如果,if,approved,hsk26-zh+hsk26-en,project_authored,
gelement_2a8b6603971b449aa9f7fe031e365df2,hsk26-g3-030,6,inventory_member,可1,"but, introducing a concise contrast",approved,hsk26-zh+hsk26-en,project_authored,
gelement_ea2c8bfa9d024a708d1b14dcbd80f3b4,hsk26-g3-030,7,inventory_member,可是,but or however,approved,hsk26-zh+hsk26-en,project_authored,
gelement_a3ecb261afd14a5fa07d016c795768ad,hsk26-g3-030,8,inventory_member,然后,then or after that,approved,hsk26-zh+hsk26-en,project_authored,
gelement_53754289cd2f46e397378fa2472ec0e1,hsk26-g3-031,1,function,的话,if that is the case,approved,hsk26-zh+hsk26-en,project_authored,
gelement_eab534de32844c34ae75dbcac06a2caa,hsk26-g3-032,1,category,同位短语,adjacent noun expressions with the same referent,approved,hsk26-zh+hsk26-en,project_authored,
gelement_62177dbc82b84b1687ba68c14f73fb7a,hsk26-g3-033,1,category,动补短语2,"a verb followed by a potential, result, or directional complement",approved,hsk26-zh+hsk26-en,project_authored,
gelement_320854760ffb48ee8264655af2896bf0,hsk26-g3-034,1,construction,数词+量词+数词+量词,repeated number-measure phrase with distributive meaning,approved,hsk26-zh+hsk26-en,project_authored,
gelement_6f44b3d791b24f4a87edacdccc2e3c82,hsk26-g3-035,1,construction,不A不B,neither one extreme nor its opposite,approved,hsk26-zh+hsk26-en,project_authored,
gelement_1c7230ad25f6486e96312302fdde428c,hsk26-g3-036,1,function,不一会儿,after a short while or for only a short while,approved,hsk26-zh+hsk26-en,project_authored,
gelement_c10ef5873de24d8db9d452975b223aa2,hsk26-g3-037,1,function,看来,it seems or apparently,approved,hsk26-zh+hsk26-en,project_authored,
gelement_6bf081eac2bc4b9f9f719fd5d6df9c25,hsk26-g3-038,1,construction,在……看来,in someone's view,approved,hsk26-zh+hsk26-en,project_authored,
gelement_47abfabaa67b4ad0a2f478e4871ef423,hsk26-g3-039,1,construction,越来越,more and more or increasingly,approved,hsk26-zh+hsk26-en,project_authored,
gelement_a185f429371c488d93e3bbde7a593377,hsk26-g3-040,1,function,看起来,"seem or look, by overall impression",approved,hsk26-zh+hsk26-en,project_authored,
gelement_eb212b508b664b02a1ee7873e23eaa7a,hsk26-g3-041,1,function,看上去,look or appear visually,approved,hsk26-zh+hsk26-en,project_authored,
gelement_0b1f7b486ae6444890b337adba2bf3de,hsk26-g3-042,1,function,一般来说,generally speaking,approved,hsk26-zh+hsk26-en,project_authored,
gelement_850f28d2a3504ab5a2004685f97d096c,hsk26-g3-043,1,function,不怎么样,not very good or nothing special,approved,hsk26-zh+hsk26-en,project_authored,
gelement_b593ad6687b0413faf704ba8d6d1d2db,hsk26-g3-044,1,construction,除了……（以外），……还……,"besides one item, add another with 还",approved,hsk26-zh+hsk26-en,project_authored,
gelement_f1555abcd4eb4814860610ef71e185b0,hsk26-g3-044,2,construction,除了……（以外），……也……,"besides one item, add another with 也",approved,hsk26-zh+hsk26-en,project_authored,
gelement_bae318df2c144cc5a1c00142d48e84e7,hsk26-g3-044,3,construction,除了……，……都……,everyone or everything except the named item,approved,hsk26-zh+hsk26-en,project_authored,
gelement_12528e5cd0ad47dba52aee44cc980010,hsk26-g3-045,1,construction,从……起,starting from a stated point,approved,hsk26-zh+hsk26-en,project_authored,
gelement_eee7113bbf6c426299934582410ee815,hsk26-g3-046,1,construction,对……来说,as far as someone or something is concerned,approved,hsk26-zh+hsk26-en,project_authored,
gelement_3df1ca4f379041e6a5bec331d4f72914,hsk26-g3-047,1,construction,一……也不……,"not even one, with 也 and 不",approved,hsk26-zh+hsk26-en,project_authored,
gelement_2b2d42a375a140b7a73dd5a9f9735cde,hsk26-g3-047,2,construction,一……也没……,"not even one occurred, with 也 and 没",approved,hsk26-zh+hsk26-en,project_authored,
gelement_74ab6d4d00e04b57bc46c0265e2b9561,hsk26-g3-047,3,construction,一……都不……,"not a single one, with 都 and 不",approved,hsk26-zh+hsk26-en,project_authored,
gelement_bdea32f6f0f84a8fab880c82a0c07c8a,hsk26-g3-047,4,construction,一……都没……,"not a single one occurred, with 都 and 没",approved,hsk26-zh+hsk26-en,project_authored,
gelement_417a9948182e473297f72193d90c2a98,hsk26-g3-048,1,construction,一点儿也不,not at all,approved,hsk26-zh+hsk26-en,project_authored,
gelement_f7646c8cff5e413d93f9c070202ec595,hsk26-g3-049,1,construction,越……越……,"the more one condition changes, the more another changes",approved,hsk26-zh+hsk26-en,project_authored,
gelement_10f2328f2e8343ba85c46f8fddda33ea,hsk26-g3-050,1,construction,（在）……以前,before a stated reference point,approved,hsk26-zh+hsk26-en,project_authored,
gelement_1f3f5069bd7e4b9db1cfa65471357cf7,hsk26-g3-050,2,construction,……以后,after a stated reference point,approved,hsk26-zh+hsk26-en,project_authored,
gelement_b435c1604ee24c0e8276460e9633e5db,hsk26-g3-050,3,construction,……前,before a compact time or event expression,approved,hsk26-zh+hsk26-en,project_authored,
gelement_80e27d14d967480aa7c2e08422ac80bd,hsk26-g3-050,4,construction,……后,after a compact time or event expression,approved,hsk26-zh+hsk26-en,project_authored,
gelement_abbfc84ad8e24ad8883dd16bbd1ff9c5,hsk26-g3-051,1,construction,X什么（啊）,"why do X, or there is no need to X",approved,hsk26-zh+hsk26-en,project_authored,
gelement_ee7813a801c14746ab850359c626953b,hsk26-g3-052,1,construction,该……了,it is time to do something,approved,hsk26-zh+hsk26-en,project_authored,
gelement_9b6895b1440a4f5ab2b9f427a8a27b58,hsk26-g3-053,1,construction,在……上,with respect to a topic or domain,approved,hsk26-zh+hsk26-en,project_authored,
gelement_7cd74f5ac3fb419b8dfc30a67eac5910,hsk26-g3-053,2,construction,在……下,under a condition or influence,approved,hsk26-zh+hsk26-en,project_authored,
gelement_76aae282899d46469c61262db491647f,hsk26-g3-053,3,construction,在……中,within or during a process,approved,hsk26-zh+hsk26-en,project_authored,
gelement_e922632c80c84e99b2d4bb983d7621d3,hsk26-g3-054,1,function,动词/动词性短语作主语,an action or verbal phrase functioning as the subject,approved,hsk26-zh+hsk26-en,project_authored,
gelement_abd4573e73a6463f88cb9ae22e8f984c,hsk26-g3-054,2,function,形容词/形容词性短语作主语,a quality or adjectival phrase functioning as the subject,approved,hsk26-zh+hsk26-en,project_authored,
gelement_a6fd0086878b40b7a8349c0ed7a5949d,hsk26-g3-055,1,construction,主谓短语作主语,an inner subject-predicate phrase functioning as the larger subject,approved,hsk26-zh+hsk26-en,project_authored,
gelement_994cfb57deeb48bb93dabc4d81dca5de,hsk26-g3-056,1,construction,多项定语,two or more ordered modifiers before one head noun,approved,hsk26-zh+hsk26-en,project_authored,
gelement_3ece761183404106849d3f4f7ed61d62,hsk26-g3-057,1,construction,动词+到,reach or achieve the action's goal,approved,hsk26-zh+hsk26-en,project_authored,
gelement_f3954526255340c4b3bc23fa7d31a684,hsk26-g3-057,2,construction,动词+住,"secure, retain, or stabilize the result",approved,hsk26-zh+hsk26-en,project_authored,
gelement_96190ec00f35418fba563612571930ca,hsk26-g3-057,3,construction,动词+走,remove something through the action,approved,hsk26-zh+hsk26-en,project_authored,
gelement_9bfc4d6a84744281bf7bca165262ae50,hsk26-g3-057,4,construction,动词+上,"put on, attach, close, or reach a resulting state",approved,hsk26-zh+hsk26-en,project_authored,
gelement_d9ac6fbda1524c959804ac5fe22a733a,hsk26-g3-058,1,construction,动词+出,bring out or detect a result,approved,hsk26-zh+hsk26-en,project_authored,
gelement_ec8732705a4848bc8e3f4d3678739a6f,hsk26-g3-058,2,construction,动词+起,bring something into recall,approved,hsk26-zh+hsk26-en,project_authored,
gelement_79498528db52489f9bb9e041cdadfcd3,hsk26-g3-058,3,construction,动词+下,leave something fixed or recorded,approved,hsk26-zh+hsk26-en,project_authored,
gelement_c5d613eb573e48d79d1c8c5eead6c644,hsk26-g3-059,1,construction,动词+上,begin or gain the opportunity to do an action,approved,hsk26-zh+hsk26-en,project_authored,
gelement_8ef3eefaef5a403990f891ebbe9ed5fe,hsk26-g3-059,2,construction,动词+起来,start an action or enter a state,approved,hsk26-zh+hsk26-en,project_authored,
gelement_0c66c8fb3cf540018508d57141d06b72,hsk26-g3-060,1,construction,动词+下去,continue onward into the future,approved,hsk26-zh+hsk26-en,project_authored,
gelement_0f915af03c62459c9de765e7739dbe3c,hsk26-g3-060,2,construction,动词+下来,maintain an action through to the reference point,approved,hsk26-zh+hsk26-en,project_authored,
gelement_dfe334f0ec0b4e4f81963d0fe15e5be8,hsk26-g3-061,1,construction,动词+得+动词/形容词,the complement result is possible,approved,hsk26-zh+hsk26-en,project_authored,
gelement_dbc2a9a7913a4bb1909cf2739717814d,hsk26-g3-061,2,construction,动词+不+动词/形容词,the complement result is not possible,approved,hsk26-zh+hsk26-en,project_authored,
gelement_eb40f71e6bd146d3a007825638247bc4,hsk26-g3-062,1,construction,形容词+得很,extremely or very adjective,approved,hsk26-zh+hsk26-en,project_authored,
gelement_9a8124b9c66945fd83823a60dc60f5db,hsk26-g3-063,1,construction,形容词/动词+极了,extremely or to the utmost degree,approved,hsk26-zh+hsk26-en,project_authored,
gelement_0f47cb8a10214c298cb44de83375e1b5,hsk26-g3-063,2,construction,形容词/动词+坏了,"extremely, often for an intense feeling or state",approved,hsk26-zh+hsk26-en,project_authored,
gelement_93afc2e09adb4532abff8559181740a1,hsk26-g3-064,1,construction,动作结束+时间间隔+了,an interval measured from a completed endpoint to now,approved,hsk26-zh+hsk26-en,project_authored,
gelement_e218ff7a715b4b76b5680b106d3d63b2,hsk26-g3-065,1,construction,怎样+动词,how to perform an action,approved,hsk26-zh+hsk26-en,project_authored,
gelement_3ea1e822640c4487a5aab36648c40c1e,hsk26-g3-066,1,construction,不是……吗？,"isn't it the case that, used for emphasis",approved,hsk26-zh+hsk26-en,project_authored,
gelement_d6dfe488270741b2b4ce201c81b32682,hsk26-g3-067,1,construction,把+宾语+动词+在+处所,leave an object at a resulting location,approved,hsk26-zh+hsk26-en,project_authored,
gelement_51826995524b4d09aefd701d11a51a85,hsk26-g3-067,2,construction,把+宾语+动词+到+处所,move an object to a destination,approved,hsk26-zh+hsk26-en,project_authored,
gelement_dba9825fdbc64bd887fab8846bdaa6af,hsk26-g3-068,1,construction,把+宾语1+动词+给+宾语2,transfer an item to a recipient with 给,approved,hsk26-zh+hsk26-en,project_authored,
gelement_cf8567976f134e52baf4e63d2272b254,hsk26-g3-068,2,construction,把+宾语1+动词+宾语2,transfer information directly to a recipient,approved,hsk26-zh+hsk26-en,project_authored,
gelement_26830f442441452181c602e984be825b,hsk26-g3-069,1,construction,把+宾语+动词+结果补语,dispose of an object to a stated result,approved,hsk26-zh+hsk26-en,project_authored,
gelement_318963aec5e74b568ea650527ff8d4dc,hsk26-g3-069,2,construction,把+宾语+动词+趋向补语,move an object in a stated direction,approved,hsk26-zh+hsk26-en,project_authored,
gelement_a4a76399d02c4fc2ba57f0ddd93dfa71,hsk26-g3-069,3,construction,把+宾语+动词+状态补语,describe the state produced or manifested through the action,approved,hsk26-zh+hsk26-en,project_authored,
gelement_0c7f10254a824836aec997cb6e70239e,hsk26-g3-070,1,construction,主语+被+宾语+动词+其他成分,patient-first passive with a named agent,approved,hsk26-zh+hsk26-en,project_authored,
gelement_0bc2a38aa1fe4448862c8d2e59aab92c,hsk26-g3-071,1,construction,主语+被+动词+其他成分,patient-first passive with no stated agent,approved,hsk26-zh+hsk26-en,project_authored,
gelement_743a4e1d81a349ccaed8281adc6489dc,hsk26-g3-072,1,construction,动词1+着+动词2,a continuing first action accompanying the main second action,approved,hsk26-zh+hsk26-en,project_authored,
gelement_adb8e5e712534ffcacf2a0fab1533371,hsk26-g3-073,1,construction,A比B+更+形容词,A is even more adjective than B with 更,approved,hsk26-zh+hsk26-en,project_authored,
gelement_844226b7f4594a2b940df822015b30d9,hsk26-g3-073,2,construction,A比B+还+形容词,A is even more adjective than B with 还,approved,hsk26-zh+hsk26-en,project_authored,
gelement_43414ecb7f624310b9df40d35b326f8f,hsk26-g3-074,1,construction,A跟B一样,A is the same as B,approved,hsk26-zh+hsk26-en,project_authored,
gelement_41151a34d46e4aeeacbac11151cfe616,hsk26-g3-075,1,construction,A跟B一样+形容词,A is as adjective as B,approved,hsk26-zh+hsk26-en,project_authored,
gelement_c076e2dd51bd4934892d252e8532936d,hsk26-g3-076,1,construction,A不比B+形容词,A is not more adjective than B,approved,hsk26-zh+hsk26-en,project_authored,
gelement_dcdc94de9cf3420cbdda7e56b0de539e,hsk26-g3-077,1,construction,A比B+多+动词+数量短语,A does a stated amount more than B,approved,hsk26-zh+hsk26-en,project_authored,
gelement_a666433fbaa640cd9147a518098d03db,hsk26-g3-077,2,construction,A比B+少+动词+数量短语,A does a stated amount less than B,approved,hsk26-zh+hsk26-en,project_authored,
gelement_afcdb93b18ce411fa80f7c26ecf85f89,hsk26-g3-077,3,construction,A比B+早+动词+数量短语,A acts a stated amount earlier than B,approved,hsk26-zh+hsk26-en,project_authored,
gelement_91d9894d44604e50a6f0c94750b001da,hsk26-g3-077,4,construction,A比B+晚+动词+数量短语,A acts a stated amount later than B,approved,hsk26-zh+hsk26-en,project_authored,
gelement_f8dc13ea263945adabf52178093f193c,hsk26-g3-078,1,construction,处所词+动词+趋向/结果补语+（了）+数量短语+人/物,place-first presentation of a newly appearing entity,approved,hsk26-zh+hsk26-en,project_authored,
gelement_261381e5834043039f0e3ba8b5f709f4,hsk26-g3-079,1,construction,处所词+动词+结果补语+了+数量短语+人/物,place-first report of an entity disappearing or being removed,approved,hsk26-zh+hsk26-en,project_authored,
gelement_04e7f9d96a5c4a7d94f3865599cd96fb,hsk26-g3-080,1,construction,是……的,emphatic frame for the speaker's judgment or attitude,approved,hsk26-zh+hsk26-en,project_authored,
gelement_fddd93b60b7b4ac88eef71126982217a,hsk26-g3-081,1,construction,主语+动词+宾语+动词+补语,a transitive verb repeated so its complement can follow the copy,approved,hsk26-zh+hsk26-en,project_authored,
gelement_415d61ce4514437d8456d9218eee62e4,hsk26-g3-082,1,construction,先……，再……,"first one action, then a next action with 再",approved,hsk26-zh+hsk26-en,project_authored,
gelement_ae5b216e335d4220be4788c3090216c3,hsk26-g3-082,2,construction,先……，然后……,"first one action, and then a following event",approved,hsk26-zh+hsk26-en,project_authored,
gelement_71c05e38422b48f5be486cf928c245f3,hsk26-g3-083,1,construction,或者……，或者……,either one alternative or another,approved,hsk26-zh+hsk26-en,project_authored,
gelement_e41b470c16b648b89d4b01b1f776fe54,hsk26-g3-084,1,construction,一会儿……，一会儿……,"now one state, now another",approved,hsk26-zh+hsk26-en,project_authored,
gelement_a0509b7117a9445a8b32b19e4ec29dce,hsk26-g3-085,1,construction,又……，又……,both one quality or action and another,approved,hsk26-zh+hsk26-en,project_authored,
gelement_9b00ff1f6b10430e9d6b799f502f35e5,hsk26-g3-086,1,construction,一边……，一边……,one action while doing another,approved,hsk26-zh+hsk26-en,project_authored,
gelement_d120cf3932e34918bb311f6e926ee8b0,hsk26-g3-087,1,construction,不但……，而且……,"not only one fact, but also a further fact",approved,hsk26-zh+hsk26-en,project_authored,
gelement_56f5298e0db642b9a6a354001589170d,hsk26-g3-088,1,construction,虽然……，可是……,"although one fact is true, a contrasting fact still holds",approved,hsk26-zh+hsk26-en,project_authored,
gelement_dfeabfd8fe514436a7bbbaf236d364da,hsk26-g3-089,1,construction,如果……，就……,"if a condition holds, then a result follows",approved,hsk26-zh+hsk26-en,project_authored,
gelement_2776897ac49547b6974e012d871d4c28,hsk26-g3-090,1,construction,……的话，就……,"if the preceding condition holds, then the following result applies",approved,hsk26-zh+hsk26-en,project_authored,
gelement_4a459dabcad9488bb539a89f174e5c32,hsk26-g3-091,1,construction,只有……，才……,only if a necessary condition holds can the result occur,approved,hsk26-zh+hsk26-en,project_authored,
gelement_b4ff0e8541094705bff8a38644faaf73,hsk26-g3-092,1,construction,只要……，就……,"as long as a sufficient condition holds, the result follows",approved,hsk26-zh+hsk26-en,project_authored,
gelement_359fa34ea8724e23ad002b89c3ba6052,hsk26-g3-093,1,construction,为了……，……,in order to achieve a stated purpose,approved,hsk26-zh+hsk26-en,project_authored,
gelement_de8f0914d09442df9d79bb1d7aedddde,hsk26-g3-094,1,construction,……了……就……,"once one event is completed, the next follows with 就",approved,hsk26-zh+hsk26-en,project_authored,
gelement_f8cf52fd9e5543889e29fc034b257945,hsk26-g3-094,2,construction,……了……，……,"once one event is completed, the next follows without overt 就",approved,hsk26-zh+hsk26-en,project_authored,
gelement_f3061dc6db5c45f7ba8a04f6964cde25,hsk26-g3-095,1,construction,大概+数量短语,approximately a stated number or quantity,approved,hsk26-zh+hsk26-en,project_authored,
gelement_1e617dbb5edd46edb387405ba5b8c0ab,hsk26-g3-096,1,construction,相邻数词+量词,an approximate range formed by adjacent numerals,approved,hsk26-zh+hsk26-en,project_authored,
