grammar_lesson_id,level_introduced,lesson_kind,title_en,target_form_zh,summary_en,watch_out_en,display_group_en,display_group_basis,register,review_status,basis_source_id,content_origin,notes
glesson_1412363f764e4b6e804c4a579f649313,1,morphology,Building words with 小 and 第,小—、第—,"Express a smaller or junior type with 小, and identify ordinal position with 第.","第 marks order, not quantity: 第一本书 is 'the first book,' not 'one book.'",Morphemes,official_category,neutral,approved,hsk26-zh+hsk26-en,project_authored,
glesson_47131ae8ea394437a5297f42b342b73d,1,morphology,Plural people and location sides,—们、—边,Express a group of people with 们 and form common side or location words with 边.,们 normally follows human pronouns or human nouns; do not add it after a number and classifier.,Morphemes,official_category,neutral,approved,hsk26-zh+hsk26-en,project_authored,
glesson_a9c2ecd6c785436fa03139619ca2affd,1,inventory_member,Basic location nouns,上、下、里、外、前、后,"Express where something is by naming a relative position such as on, inside, outside, in front, or behind.","A reference noun normally comes before the location noun: 桌子上, not 上桌子.",Word classes,official_category,neutral,approved,hsk26-zh+hsk26-en,project_authored,
glesson_6fbcb4305c5d4a5d88bf76bae817835f,1,function,Learned ability with 会 and possible ability with 能,会、能,Express a learned skill with 会 or say that ability and circumstances make an action possible with 能.,"For a learned skill, 会 is usually more specific than 能; 能 often depends on ability or present circumstances.",Word classes,official_category,neutral,approved,hsk26-zh+hsk26-en,project_authored,
glesson_5e7f55241f214616ac7cde0dbdddfd71,1,function,Wants and intentions with 想 and 要,想、要,"Express a wish with 想 or a firmer intention, need, or request with 要.",想 usually sounds less definite than 要 when both introduce an intended action.,Word classes,official_category,neutral,approved,hsk26-zh+hsk26-en,project_authored,
glesson_5a426c2d10734028a3898347249529d4,1,function,Permission and acceptable options with 可以,可以,"Express that an action is permitted or is an available, acceptable option.",可以 focuses on permission or acceptability; 会 focuses on learned skill.,Word classes,official_category,neutral,approved,hsk26-zh+hsk26-en,project_authored,
glesson_bb78882713cf4b49876d78dacf6ebf54,1,inventory_member,Common verb-object separable words,看病、睡觉、说话、上课、下课、上班、下班、生病,Express everyday activities and states whose familiar two-character forms contain a verb-like part and an object-like part.,"These forms behave as verb-object units, so later grammar may place material between their parts; do not assume every item is an indivisible verb.",Word classes,official_category,neutral,approved,hsk26-zh+hsk26-en,project_authored,
glesson_43642677d6364b81a48e4506d8a0105c,1,inventory_member,Asking for missing information,多、多少、几、哪、哪儿、哪里、哪些、什么、谁、怎么、怎么样,"Express a focused question about degree, quantity, identity, place, choice, manner, or condition.",Keep the question word where the requested information belongs; Mandarin does not move it to the beginning just because it is a question.,Word classes,official_category,neutral,approved,hsk26-zh+hsk26-en,project_authored,
glesson_1a3df179f68d4d33aa38254927c24dbc,1,inventory_member,Personal pronouns,我、你、您、他、她、我们、你们、他们、她们、它、它们、大家,"Express who is speaking, being addressed, or being discussed, in singular or plural reference.","他, 她, and 它 sound alike but distinguish a male person, a female person, and a nonhuman referent in writing.",Word classes,official_category,neutral,approved,hsk26-zh+hsk26-en,project_authored,
glesson_6360c8ccc591431488f7006797127eb7,1,inventory_member,"Pointing to people, things, and places",这、那、这儿、那儿、这里、那里、这些、那些、有的、这个、那个、有些,"Express which nearby or more distant person, thing, place, or subset you mean.","Before a noun, use a classifier where required: 这个人, not 这人 in the neutral beginner pattern.",Word classes,official_category,neutral,approved,hsk26-zh+hsk26-en,project_authored,
glesson_d7cad090d9554245a5dbed09caa87826,1,inventory_member,Cardinal numbers and 两,一、二/两、三、四、五、六、七、八、九、零、十、百、半、千,"Express exact whole numbers, zero, and one half, and choose 二 or 两 in the appropriate counting context.",Use 两 rather than 二 before most classifiers: 两本书. Use 二 in counting and fixed number sequences such as 二十.,Word classes,official_category,neutral,approved,hsk26-zh+hsk26-en,project_authored,
glesson_92993e435fd2485884e66731507a89a7,1,inventory_member,Dedicated nominal classifiers,本、个、家、口、块、件、只、元,"Express counted books, general items, establishments, family members, pieces, clothes, animals, and yuan with the expected classifier.",A numeral normally cannot attach directly to a noun; place the appropriate classifier between them.,Word classes,official_category,neutral,approved,hsk26-zh+hsk26-en,project_authored,
glesson_ffcb8ee873944afc831b07219d8b60c4,1,inventory_member,Cups as a borrowed classifier,杯,Express portions served in cups or glasses by using 杯 between a number and a drink.,杯 can name a cup and can also classify its contents; in 一杯茶 it counts the serving.,Word classes,official_category,neutral,approved,hsk26-zh+hsk26-en,project_authored,
glesson_366fff0d896542d0921adc449244e8df,1,inventory_member,"Units for dates, age, clock time, and duration",日、号、岁、点、分、年、天,"Express calendar dates, age, clock time, years, days, and minutes with the syllabus time-measure words.","日 and 号 can name a calendar date; 点 marks an hour on the clock, while 分 marks minutes.",Word classes,official_category,neutral,approved,hsk26-zh+hsk26-en,project_authored,
glesson_16cda7aefaaf49eebd4327366d43cb10,1,inventory_member,Basic degree adverbs,非常、很、太、真、有（一）点儿,"Express ordinary, strong, excessive, genuine, or mildly unfavorable degrees of a quality.","有一点儿 often presents a degree as less than ideal, while 一点儿 can also be a quantity expression.",Word classes,official_category,neutral,approved,hsk26-zh+hsk26-en,project_authored,
glesson_4352b1a2159746fd89c742e39cd0668f,1,function,Including the whole set with 都,都1,Express that a statement applies to every member of an already identified plural set.,The plural or coordinated set normally comes before 都; 都 then stands before the predicate.,Word classes,official_category,neutral,approved,hsk26-zh+hsk26-en,project_authored,
glesson_ba7347a31d784cbca5182e1d566478fe,1,function,Actions in progress with 在 and 正在,在、正在,"Express that an action is underway now, with 正在 giving the ongoing moment extra focus.",This adverbial 在 comes directly before an action; locative 在 instead introduces a place.,Word classes,official_category,neutral,approved,hsk26-zh+hsk26-en,project_authored,
glesson_25b211801b454d9ba2a99a519ff3d998,1,function,Doing something again with 再,再1,Express a repeated or additional action expected from the present point onward.,"At this level, 再 normally points to a repeat that has not happened yet in the current context.",Word classes,official_category,neutral,approved,hsk26-zh+hsk26-en,project_authored,
glesson_7fb2f8481a4c4d02942993747c989fcc,1,function,Adding information with 还 and 也,还1、也,"Express that another action, item, or participant is added to information already given.",This HSK 1 还 means 'also/in addition'; do not confuse it with later temporal or comparative uses.,Word classes,official_category,neutral,approved,hsk26-zh+hsk26-en,project_authored,
glesson_8045fc9617b844d1bea15d13eeab2498,1,function,"Negating habits, events, and commands",不、没（有）、不要,"Express a general or intended negative with 不, deny a realized event or possession with 没（有）, and prohibit an action with 不要.",Do not use 不 to negate a completed event with 了; use 没 and normally omit 了.,Word classes,official_category,neutral,approved,hsk26-zh+hsk26-en,project_authored,
glesson_774188c53155422ea5f9f9d9176814f4,1,function,Introducing a time or place with 在,在 + Time/Place,Express when or where an event happens by placing a time or place phrase after 在.,Prepositional 在 introduces a setting before the main predicate; progressive 在 instead stands directly before an action and means it is underway.,Word classes,official_category,neutral,approved,hsk26-zh+hsk26-en,project_authored,
glesson_74aaea9ca06346b8b9c1126fb6e0915e,1,function,Introducing companions and targets with 和 and 对,和1、对,Express who accompanies an action with 和 and who an action or attitude is directed toward with 对.,This 和1 heads a companion phrase before the action; 和2 joins equal words or phrases.,Word classes,official_category,neutral,approved,hsk26-zh+hsk26-en,project_authored,
glesson_0e77d991e9a346519efa66a6c5882497,1,function,Joining equal words and phrases with 和,和2,Express a simple combination by joining two equal words or phrases with 和.,Conjunction 和 joins parallel constituents; it does not normally link two full event clauses in the beginner pattern.,Word classes,official_category,neutral,approved,hsk26-zh+hsk26-en,project_authored,
glesson_a74fcd39ad2c4fb59a14ed3cf69e5f45,1,function,Linking a modifier to a noun with 的,Modifier + 的1 + Noun,Express possession or describe which kind of person or thing you mean by linking a modifier to a noun with 的.,的 belongs between the modifier and its head noun; it is not a general word for 'of' that can be placed independently.,Word classes,official_category,neutral,approved,hsk26-zh+hsk26-en,project_authored,
glesson_1a09481348024cffac4caba31e71ccb6,1,function,Bounded events with verb-final 了,Verb + 了1 (+ Object),Express that a bounded event has been realized or viewed as complete by placing 了 after its verb.,"了1 marks event viewpoint, not past tense in general. Past time can be expressed without 了, and 了 can occur outside past-time contexts.",Word classes,official_category,neutral,approved,hsk26-zh+hsk26-en,project_authored,
glesson_5a0310b4cf854089997508807c121c78,1,function,Basic sentence-final particles,吧1、了2、吗、呢1、呢2、呢3,"Express a softened suggestion, a new situation, a yes-no question, an information question, a follow-up question, or an ongoing situation with a sentence-final particle.","These particles are not interchangeable: 吗 asks a neutral yes-no question, while 呢 does not turn an ordinary statement into that question type.",Word classes,official_category,neutral,approved,hsk26-zh+hsk26-en,project_authored,
glesson_b94351c5fad2413b9981abea6bd8ba95,1,function,Getting attention with 喂,喂,"Express an attention-getting call, especially when beginning a phone exchange.",喂 calls for attention; use 你好 for the greeting itself when appropriate.,Word classes,official_category,neutral,approved,hsk26-zh+hsk26-en,project_authored,
glesson_8a50ad5ec1cf47199bad98e7b15fbbfb,1,category,Coordinate phrases,联合短语：A + B,"Express two parallel people, things, or actions as one coordinated phrase.",The coordinated parts should have equal status and a compatible grammatical role.,Phrases,official_category,neutral,approved,hsk26-zh+hsk26-en,project_authored,
glesson_2168b15d20824e47b75dfa55e28dbf3b,1,category,Modifier-head phrases,偏正短语：Modifier + Head,Express a more specific person or thing by placing descriptive or identifying material before its head word.,Mandarin modifiers precede the head they describe; do not copy English noun-modifier order.,Phrases,official_category,neutral,approved,hsk26-zh+hsk26-en,project_authored,
glesson_1fc581dad530442fa886235a4e4f7d9d,1,category,Verb-object phrases,动宾短语：Verb + Object,Express an action together with the person or thing directly involved in it.,The object follows the verb in the neutral basic order.,Phrases,official_category,neutral,approved,hsk26-zh+hsk26-en,project_authored,
glesson_4d919eed7b9347febdef9633d1781586,1,category,Subject-predicate phrases,主谓短语：Subject + Predicate,"Express a small proposition in which a subject is described by its own predicate, including when that proposition sits inside a larger sentence.",A subject-predicate phrase contains its own subject and predicate but does not always stand alone as the whole sentence.,Phrases,official_category,neutral,approved,hsk26-zh+hsk26-en,project_authored,
glesson_550e903fb0ab4a659570c5c0220af87d,1,construction,Numeral-measure phrases,数量短语：Numeral + Measure word,Express a measured quantity by combining a number with its classifier or measurement unit.,Choose the classifier that matches the following noun even when the noun is omitted from the short quantity phrase.,Phrases,official_category,neutral,approved,hsk26-zh+hsk26-en,project_authored,
glesson_627f84e67bba43b397e2c78ba24d0683,1,construction,Preposition-object phrases,介宾短语：Preposition + Object,"Express a setting, companion, or target as a phrase headed by a preposition.",The object belongs directly after its preposition; move the complete phrase together when it modifies an action.,Phrases,official_category,neutral,approved,hsk26-zh+hsk26-en,project_authored,
glesson_9a5f822d74fe4c839e358a1bc3acfd9b,1,construction,Location phrases,方位短语：Reference + Location noun,Express a location relative to a known place or object by adding a location noun after it.,"The reference comes first and the relative location follows: 桌子上, 房间里.",Phrases,official_category,neutral,approved,hsk26-zh+hsk26-en,project_authored,
glesson_29e6003d76324040b5569af989f757da,1,category,Nouns and pronouns as subjects,名词作主语；代词作主语；名词性短语作主语,"Express who or what a sentence is about by placing a noun, pronoun, or nominal phrase in subject position.","Subject is a grammatical role, not a fixed word class; a complete nominal phrase can fill it as one unit.",Sentence components,official_category,neutral,approved,hsk26-zh+hsk26-en,project_authored,
glesson_4eb138b94d8f4d2995ed9c5d082a8f28,1,category,Nominal and quantity predicates,名词作谓语；代词作谓语；数词作谓语；数量短语作谓语,"Express identity-like calendar, age, or quantity information with a noun-like or quantity expression directly as the predicate.",Direct nominal predicates are restricted to familiar patterns such as dates and age; use 是 for ordinary class membership or identification.,Sentence components,official_category,neutral,approved,hsk26-zh+hsk26-en,project_authored,
glesson_a7ca54ff385649f5a6c3f1bfa66f4cba,1,category,Verbal and adjectival predicates,动词或动词性短语作谓语；形容词或形容词性短语作谓语,Express what a subject does with a verbal predicate or what it is like with an adjectival predicate.,A Mandarin adjective can be the predicate without 是; a degree adverb such as 很 is often natural before it.,Sentence components,official_category,neutral,approved,hsk26-zh+hsk26-en,project_authored,
glesson_537d191c1b5c4bb596cb5b0152173131,1,category,Nouns and pronouns as objects,名词作宾语；代词作宾语；名词性短语作宾语,"Express the participant or thing selected by a verb using a noun, pronoun, or complete nominal phrase as its object.",The object normally follows its verb in basic word order and may contain its own modifiers.,Sentence components,official_category,neutral,approved,hsk26-zh+hsk26-en,project_authored,
glesson_27ecd777a2564adaafe8770a1d6b61ba,1,category,"Nominal, descriptive, and quantity attributives",名词性词语作定语；形容词性短语作定语；数量短语作定语,"Express whose item, what kind of item, or how many items by placing an attributive before the head noun.","Attributives precede the noun; use 的 for possession and many descriptions, but a numeral-measure phrase normally attaches without 的.",Sentence components,official_category,neutral,approved,hsk26-zh+hsk26-en,project_authored,
glesson_fc44a931c80d4e79b32a28b5c7e4c29c,1,category,"Adverbs, qualities, time, and place as adverbials",副词作状语；形容词作状语；时间词语作状语；处所词语作状语,"Express degree, manner-like quality, time, or place as information that frames or modifies a predicate.",Time and place adverbials normally precede the main action; degree adverbs stand immediately before what they modify.,Sentence components,official_category,neutral,approved,hsk26-zh+hsk26-en,project_authored,
glesson_59f6ebf93bea45fc8fd173609a6b93f7,1,construction,Short verbal quantity with 一下,Verb + Verbal-measure complement (一下),Express one brief or light performance of an action by adding the verbal-measure complement 一下.,"一下 follows the verb it measures; it often makes a request sound lighter, but it still contributes a short-action meaning.",Sentence components,official_category,neutral,approved,hsk26-zh+hsk26-en,project_authored,
glesson_d3d1433d431346659fad3a64d2d182b4,1,category,Verb-predicate sentences,主语 + 动词/动词性短语,"Express what a subject does, experiences, or has with a verb or verbal phrase as the main predicate.",The predicate can include an object or other material; identify the main verb that anchors it.,Sentence types,official_category,neutral,approved,hsk26-zh+hsk26-en,project_authored,
glesson_65cef66ccadb4bda94ba9c6ba8ee5533,1,category,Adjective-predicate sentences,主语 + 形容词/形容词性短语,Express a subject's quality or condition directly with an adjective or adjectival phrase as predicate.,"Do not insert 是 before a basic adjective predicate. Use 她很高兴, not 她是很高兴 for the neutral HSK 1 statement.",Sentence types,official_category,neutral,approved,hsk26-zh+hsk26-en,project_authored,
glesson_605ba97eb84f4d5980bf26497ddab505,1,category,Noun-predicate sentences,主语 + 名词/数量表达,"Express dates, weekdays, age, or similar conventional information with a noun-like expression directly as predicate.",This direct pattern is conventional and limited; ordinary identity or class membership normally uses 是.,Sentence types,official_category,neutral,approved,hsk26-zh+hsk26-en,project_authored,
glesson_30e3fcafb95040e2a6f3deee108b10e8,1,category,Sentences without an explicit subject,非主谓句,Express a complete situational message without stating a separate subject when context makes one unnecessary.,Do not invent a hidden noun for analysis when the sentence conventionally presents the situation as a whole.,Sentence types,official_category,neutral,approved,hsk26-zh+hsk26-en,project_authored,
glesson_516cbfcecf1e41348048f4929d6e3627,1,category,Declarative sentences,陈述句,"Express information, description, or judgment as a statement rather than a question or command.",Declarative describes the sentence's communicative function; it does not require one particular predicate type.,Sentence types,official_category,neutral,approved,hsk26-zh+hsk26-en,project_authored,
glesson_09d85cc1ba6e4814b12be153e06f304c,1,construction,Yes-no questions with 吗,Statement + 吗？,Express a neutral question whose answer can confirm or deny the whole proposition.,Keep statement word order and add 吗; do not also add an affirmative-negative form such as 是不是.,Sentence types,official_category,neutral,approved,hsk26-zh+hsk26-en,project_authored,
glesson_c64087e117dd44169bd7781d5af92a73,1,construction,Specific-information questions,Question word in the missing-information position,"Express a question that asks for a specific person, thing, place, quantity, or manner.",Do not move the question word to sentence-initial position unless that is also where the answer belongs.,Sentence types,official_category,neutral,approved,hsk26-zh+hsk26-en,project_authored,
glesson_9cce8dd18eab4193b8fd140c593e243a,1,construction,Affirmative-negative questions,A-not-A / Verb-not-Verb,Express a direct choice between an affirmative and negative version of the same predicate.,Do not add 吗 after an affirmative-negative predicate; the repeated contrast already marks the question.,Sentence types,official_category,neutral,approved,hsk26-zh+hsk26-en,project_authored,
glesson_53b9d25d39a241d0a380f9f6971ed5b3,1,category,Imperative sentences,祈使句,"Express a request, instruction, invitation, or prohibition directed at the listener.","Pragmatic force matters: 请 makes a request polite, while a bare command can sound direct and 不要 prohibits.",Sentence types,official_category,neutral,approved,hsk26-zh+hsk26-en,project_authored,
glesson_9529a9ee5dd346bcb03610816cefc5c7,1,category,Exclamatory sentences,感叹句,"Express a strong immediate reaction such as admiration, surprise, pleasure, or discomfort.","An exclamation adds expressive force; punctuation alone does not explain its grammar, so attend to markers such as 太...了 and 真.",Sentence types,official_category,neutral,approved,hsk26-zh+hsk26-en,project_authored,
glesson_7e7ea63f64d44d4882dfecb1f9a1b809,1,function,Equivalence and class membership with 是,Subject + 是 + Noun phrase,Express that one referent is identified with another description or belongs to a named class.,Use 是 between noun-like expressions; do not use it as the neutral linker before an adjective predicate.,Sentence types,official_category,neutral,approved,hsk26-zh+hsk26-en,project_authored,
glesson_cd34aec214fe4a9cabbf2f3af75c073c,1,function,Possession with 有,Possessor + 有 + Possessed item,"Express that a person, group, or other possessor has something.","Negate possession with 没有, not 不有.",Sentence types,official_category,neutral,approved,hsk26-zh+hsk26-en,project_authored,
glesson_a969cfb59bc94ffe9e4cfe7d987bed9c,1,construction,Identifying what occupies a place with 是,Place expression + 是 + Noun,Identify what occupies a known location by putting the location before 是 and the entity after it.,Use this location-first 是 pattern to identify what is there; use place + 有 to introduce an indefinite quantity there.,Sentence types,official_category,neutral,approved,hsk26-zh+hsk26-en,project_authored,
glesson_2591dabcc1884f9abb97f4a2f22ff0b6,1,construction,Presenting what exists at a place with 有,Place + 有 + Numeral-measure phrase + Noun,"Express that a counted person, animal, or thing exists at a location by putting the place first.",The location is not the possessor here; the sentence presents what exists there.,Sentence types,official_category,neutral,approved,hsk26-zh+hsk26-en,project_authored,
glesson_da3d25b747b946389f9953cd5238b2f2,1,construction,Serial actions leading to a purpose,Subject + Verb phrase 1 + Verb phrase 2 (purpose),Express an earlier movement or action followed by the action that gives it its purpose.,"The two verb phrases share one subject, and the later action explains why the earlier one is performed.",Sentence types,official_category,neutral,approved,hsk26-zh+hsk26-en,project_authored,
glesson_63b7cbccafa74b23bbd5aa16e6d062da,1,construction,Serial actions expressing manner,Subject + Verb phrase 1 (manner) + Verb phrase 2,Express how a later action is carried out by placing the manner action before it.,The first verb phrase supplies the manner or means of the second; it is not a separate unrelated event.,Sentence types,official_category,neutral,approved,hsk26-zh+hsk26-en,project_authored,
glesson_48a062355f864c48b758a0b01ef35199,1,construction,Double-object sentences,Subject + Verb + Indirect object + Direct object,Express a transfer in which one verb relates both a recipient and a transferred thing.,"The recipient normally comes before the transferred item: 给我一本书, not 给一本书我.",Sentence types,official_category,neutral,approved,hsk26-zh+hsk26-en,project_authored,
glesson_2d8af7f2d3cf4844a8b8092c733e4ae6,1,category,Clause relationships without a connector,"Clause 1, Clause 2 (no linking word)",Express a simple relationship between two clauses through order and context without an overt conjunction.,The relationship must be clear from meaning and order; omitting a connector does not make unrelated clauses coherent.,Sentence types,official_category,neutral,approved,hsk26-zh+hsk26-en,project_authored,
glesson_db21663d6ac94570a7bf0deebcd4c748,1,construction,Parallel facts with 也,"Clause 1, Subject + 也 + Predicate",Express that a second participant or situation shares the fact stated in the first clause.,Place 也 after the second clause's subject and before its predicate.,Sentence types,official_category,neutral,approved,hsk26-zh+hsk26-en,project_authored,
glesson_2232c0c8bc1142afa9218cd5d1ed8c8b,1,construction,Adding another fact with 还,"Clause 1, Subject + 还 + Predicate",Express an additional action or fact after an initial one by introducing it with additive 还.,This 还1 means 'also/in addition'; it does not express the later temporal or comparative senses indexed elsewhere in the syllabus.,Sentence types,official_category,neutral,approved,hsk26-zh+hsk26-en,project_authored,
glesson_1c532271cd2640b49271c5a329873b24,1,function,Completed-event aspect,Verb + 了1 (+ Object),Express a bounded event as realized or complete by using perfective 了 immediately after its verb.,Perfective 了 gives an event a bounded viewpoint; it is not a general past-tense ending.,Aspects of actions,official_category,neutral,approved,hsk26-zh+hsk26-en,project_authored,
glesson_e905b001675443aca8517dd361e94872,1,function,Change-of-state aspect,New situation + 了2,Express that a new state now holds or that the current situation has changed by placing 了 at sentence end.,Sentence-final 了2 scopes over the new situation; do not explain it as a past-tense marker or merge it with verb-final perfective 了1.,Aspects of actions,official_category,neutral,approved,hsk26-zh+hsk26-en,project_authored,
glesson_36fbed7cb60f418fb1fcde9d82fc8d3c,1,construction,Progressive aspect with 在 or 正在,Subject + 在/正在 + Verb,"Express that an action is in progress, using 在 for the basic ongoing reading or 正在 for stronger focus on the current moment.",Do not confuse progressive 在 before a verb with prepositional 在 before a place.,Aspects of actions,official_category,neutral,approved,hsk26-zh+hsk26-en,project_authored,
glesson_f5920fa0a3c042a48c647c76dd37c313,1,construction,Framing an ongoing action with 在/正在 and 呢,Subject + 在/正在 + Verb + 呢,Express an action as visibly or contextually underway by combining a preverbal progressive marker with final 呢.,"在 or 正在 marks the action before the verb, while 呢 closes the clause and highlights the ongoing situation.",Aspects of actions,official_category,neutral,approved,hsk26-zh+hsk26-en,project_authored,
glesson_21bd039e25d64151956190fa42876f2f,1,construction,Ongoing situations with final 呢,Subject + Verb phrase + 呢,Express that an understood activity is underway by ending the action clause with 呢 even without 在 or 正在.,Context must support an ongoing reading; final 呢 does not make every predicate progressive.,Aspects of actions,official_category,neutral,approved,hsk26-zh+hsk26-en,project_authored,
glesson_7152d114a79049a4993f58b6c7847994,1,expression_system,Expressing prices and money amounts,Numeral + 元/块,Express a price or money amount in standard 元 or everyday 块.,元 is the standard unit name; 块 is common in everyday speech for the same unit in prices.,Special expressions,official_category,neutral,approved,hsk26-zh+hsk26-en,project_authored,
glesson_945b84d2096b4309acee40e0e2adbc2b,1,morphology,Ordinal numbers with 第,第 + Numeral,"Express first, second, third, and other positions in an ordered series by prefixing 第 to a cardinal number.",第 changes a number into an order label; a classifier still follows when the ordinal modifies a counted noun.,Special expressions,official_category,neutral,approved,hsk26-zh+hsk26-en,project_authored,
glesson_558b9ebc01934fa89f4eecfe76570426,1,expression_system,"Years, months, dates, and weekdays",数词 + 年；数词 + 月；数词 + 日/号；星期 + 数词/日/天,"Express calendar years, months, dates, and days of the week in standard Mandarin order.","Calendar order runs from larger unit to smaller unit: year, month, then day. 星期日 and 星期天 both mean Sunday.",Special expressions,official_category,neutral,approved,hsk26-zh+hsk26-en,project_authored,
glesson_8e74d0cdc0324dcaa7ace1d175619c98,1,expression_system,Clock-time expressions,数词 + 点；数词 + 点 + 半；数词 + 点 + 数词 + 分,"Express an hour, half hour, or hour-and-minute clock time with 点, 半, and 分.",点 marks the hour on the clock; 小时 measures duration and cannot replace 点 in a clock reading.,Special expressions,official_category,neutral,approved,hsk26-zh+hsk26-en,project_authored,
glesson_b8e097ea884c4549b8f6422ad2a796a0,2,morphology,Location words ending in 面,—面,"Form common location words for the inside, outside, front, back, upper side, or lower side of a reference point.","面 forms one word with the direction before it: 里面 and 前面, not a separate measure word here.",Morphemes,official_category,neutral,approved,hsk26-zh+hsk26-en,project_authored,
glesson_8b0a999cf2e14b5ca047ac7de31d2997,2,inventory_member,Left and right as locations,左、右,Locate something on the left or right of a reference point.,"When another object is the reference point, 左边 or 右边 normally follows it: 学校左边.",Word classes,official_category,neutral,approved,hsk26-zh+hsk26-en,project_authored,
glesson_a91ecbb9ff784ac392a137fb2dbd5cdf,2,construction,"Short, light actions through verb reduplication",AA、A一A、A了A、ABAB,"Present an action as brief, light, tentative, or worth trying.",Reduplication softens or limits an action; it does not simply mean that an action happened twice.,Word classes,official_category,neutral,approved,hsk26-zh+hsk26-en,project_authored,
glesson_9e1e81c523f44c8cbc6c147e92033433,2,function,Possibility with 可能,可能,Say that an event or situation is possible rather than certain.,可能 expresses likelihood; it does not mean learned ability like 会.,Word classes,official_category,neutral,approved,hsk26-zh+hsk26-en,project_authored,
glesson_9154adcdd1eb445d81f9f1b9e0f52031,2,inventory_member,Separable verb-object words,帮忙、游泳、跳舞、跑步,Use common verb-object words and recognize when grammar can separate their verbal and nominal parts.,These are not freely followed by another direct object; quantity or aspect material may appear between their two parts.,Word classes,official_category,neutral,approved,hsk26-zh+hsk26-en,project_authored,
glesson_5e7829e104354662a78adeb2b1d2dff9,2,function,Asking for a reason with 为什么,为什么,Ask what reason explains an action or situation.,为什么 stays in the position where the reason is being requested; it normally comes before the predicate.,Word classes,official_category,neutral,approved,hsk26-zh+hsk26-en,project_authored,
glesson_80527658633340f598660551f1dd2e41,2,function,Referring back with 自己,自己,Refer back to a person already established in the clause or emphasize that someone acts personally.,The intended person must be clear from the clause or context; 自己 does not identify a new person by itself.,Word classes,official_category,neutral,approved,hsk26-zh+hsk26-en,project_authored,
glesson_125dc9b62eb74fe4bbc800701647cd66,2,function,"Demonstrative manner, degree, and distribution",那么、那样、这么、这样、每,"Point to a manner or degree near or away from the speaker, and distribute a statement across every member of a set.",每 normally needs a classifier before a countable noun and commonly pairs with 都 in the predicate.,Word classes,official_category,neutral,approved,hsk26-zh+hsk26-en,project_authored,
glesson_cd8068aa406c4cf9973d0172420ae334,2,construction,Vivid descriptions through adjective reduplication,AA、AABB,"Give a description a vivid, intensified, or affectionate quality by repeating an adjective.",A reduplicated adjective normally does not take another degree adverb such as 很 or 非常.,Word classes,official_category,neutral,approved,hsk26-zh+hsk26-en,project_authored,
glesson_44413e91370f40a69c2f6302b2076397,2,inventory_member,Large and non-exact quantities,万、好多、多,State ten-thousands and describe a large or inexact quantity.,"In 十多分钟, 多 follows the number and means 'more than'; 好多 directly means 'a lot of.'",Word classes,official_category,neutral,approved,hsk26-zh+hsk26-en,project_authored,
glesson_48ee165d96084cee99e07d3fc899fa39,2,inventory_member,"Dedicated classifiers 条, 位, 间, and 名",条、位、间、名,"Count long or flexible objects, people politely, rooms, and people in formal counts with the appropriate classifier.",位 is respectful and 名 is neutral or formal; neither is the ordinary general classifier 个.,Word classes,official_category,neutral,approved,hsk26-zh+hsk26-en,project_authored,
glesson_7120c20f6c874ce5b1af39be029dfd59,2,inventory_member,Counting packages with 包,包,Count a packaged amount by borrowing the noun 包 as a classifier.,Here 包 counts one package of something; it does not mean the object 书包 or the action 'to wrap.',Word classes,official_category,neutral,approved,hsk26-zh+hsk26-en,project_authored,
glesson_2ada6849a2bc4a1f9e2abad367cf7408,2,function,Counting occurrences with 次,次,Count how many times an action occurs or has been experienced.,"次 counts occurrences of an action, not the objects involved in that action.",Word classes,official_category,neutral,approved,hsk26-zh+hsk26-en,project_authored,
glesson_1f5b7591c8de4534a071d4e868fa3f63,2,function,"Degree with 多, 好, and 最",多、好、最,"Express an exclamatory degree with 多 or 好, and identify the highest degree in a comparison set with 最.",Degree 多 in 多漂亮啊 is not the quantity word 'many'; 最 requires an understood comparison set.,Word classes,official_category,neutral,approved,hsk26-zh+hsk26-en,project_authored,
glesson_c9eb971d6b9c48a191b9422e545b52e3,2,function,Doing something together with 一起,一起,Say that two or more participants carry out the same action together.,"一起 normally comes before the shared action, not after its object.",Word classes,official_category,neutral,approved,hsk26-zh+hsk26-en,project_authored,
glesson_32b7676dc1714d9390f46157a5251722,2,function,"Time adverbs for continuation, timing, and imminence",还2、已经、有时、有时候、快、快要、正,"Locate an event as still continuing, already realized, occasional, imminent, or in progress right now.","还2 means 'still' here, not the additive 'also'; 快 and 快要 need final 了 when they present an imminent change.",Word classes,official_category,neutral,approved,hsk26-zh+hsk26-en,project_authored,
glesson_8b5643c69b5541b087e6806ecef94f7e,2,inventory_member,Habitual frequency with 常 and 经常,常、经常,Say that an action happens often or habitually.,"常 and 经常 describe repeated frequency, not an action happening at this exact moment.",Word classes,official_category,neutral,approved,hsk26-zh+hsk26-en,project_authored,
glesson_6eec0008af9b4d6fbc582149b6303e6e,2,function,Negative commands with 别,别,Tell someone not to do an action in a direct but ordinary spoken command.,别 comes before the action being prohibited; do not combine it with another 不 before that verb.,Word classes,official_category,neutral,approved,hsk26-zh+hsk26-en,project_authored,
glesson_645bec7bf7d34fab8a8a2dd3559217e8,2,function,Sequencing with 再2 and 就1,再2、就1,"Link an action to what comes before it, presenting it as the later step or the immediate next result.",再2 orders a later step after another action; 就1 highlights a prompt or expected transition from the first condition.,Word classes,official_category,neutral,approved,hsk26-zh+hsk26-en,project_authored,
glesson_527c85c04e5b411f83b5db806dc52df8,2,function,"Speaker stance with 都2, 就2, and 还是1",都2、就2、还是1,"Highlight that a point has already been reached, narrow a choice, or maintain a preferred action after considering the situation.","都2 is not the distributive 'all,' and 还是1 is not the alternative-question connector 还是2.",Word classes,official_category,neutral,approved,hsk26-zh+hsk26-en,project_authored,
glesson_55984ca37edd412280de4d44daaa9275,2,function,Starting points in time and place with 从1,从1,Identify the place or time from which an action begins.,从 introduces the starting point; use 到 when the endpoint also needs to be stated.,Word classes,official_category,neutral,approved,hsk26-zh+hsk26-en,project_authored,
glesson_6d2bab0c242a402a809aabb3179c3e00,2,function,Direction toward a place with 往,往,State the direction toward which someone or something moves.,往 introduces a direction before a movement verb; it does not by itself say that the destination was reached.,Word classes,official_category,neutral,approved,hsk26-zh+hsk26-en,project_authored,
glesson_5e8e696279814a90be92d5a941dd0a09,2,function,Directional source or route with 从2,从2,"Identify the direction, side, or route from which movement proceeds.",This indexed use focuses on a movement source or path; 从1 more generally introduces a starting time or place.,Word classes,official_category,neutral,approved,hsk26-zh+hsk26-en,project_authored,
glesson_77963a8dd549420597887a52f0701f48,2,function,Recipients and beneficiaries with 给,给,Identify the person who receives or benefits from an action.,Prepositional 给 and its recipient normally come before the main action; 给 can also be a full verb meaning 'give.',Word classes,official_category,neutral,approved,hsk26-zh+hsk26-en,project_authored,
glesson_a0dc28dcfc874f248315ca3e394ff720,2,function,The comparison marker 比,比,"Introduce the standard against which another person, thing, or situation is compared.",比 and its comparison standard come before the property being compared.,Word classes,official_category,neutral,approved,hsk26-zh+hsk26-en,project_authored,
glesson_db995a72a5ac4c5b855161e5e39a7d72,2,function,Companions and counterparts with 跟1,跟1,Introduce the person who accompanies someone or serves as the counterpart in an interaction.,跟1 introduces a participant before the predicate; 跟2 joins parallel words or phrases like 'and.',Word classes,official_category,neutral,approved,hsk26-zh+hsk26-en,project_authored,
glesson_46b84a7de49e4772a750a61d5bec8cc9,2,function,A cause phrase introduced by 因为1,因为1,Attach a reason phrase to a main clause and explain why its event occurred.,This prepositional use embeds a reason inside one clause; 因为2 can connect a full cause clause to a result clause.,Word classes,official_category,neutral,approved,hsk26-zh+hsk26-en,project_authored,
glesson_77b3c6754a5e4c1d97dc166a76a2db8d,2,function,Joining parallel items with 跟2,跟2,Connect two parallel words or phrases with the meaning 'and.',Connective 跟2 joins equal items; prepositional 跟1 instead introduces a companion before a predicate.,Word classes,official_category,neutral,approved,hsk26-zh+hsk26-en,project_authored,
glesson_b49ce6a5128c454fa3be3acb1540abf7,2,function,Basic connectors between clauses,但、但是、那、虽然、还是2、因为2、所以,"Connect clauses by contrast, transition, alternative, concession, or cause and result.",These connectors express different logical relations; do not treat them as interchangeable translations of English 'and' or 'but.',Word classes,official_category,neutral,approved,hsk26-zh+hsk26-en,project_authored,
glesson_15acb1d75c46459f99b079ced557b9b0,2,function,Complements with 得 and manner with 地,得、地,"Describe the result or degree of an action with 得, and describe how an action is carried out with 地.","Both are pronounced de, but 得 follows a verb while 地 follows a manner description before a verb.",Word classes,official_category,neutral,approved,hsk26-zh+hsk26-en,project_authored,
glesson_e8f9265e5c9d4c4f8dcdc6d045857372,2,function,Past experience with 过,过,Say that someone has had an experience at least once before the reference time.,"Aspect 过 presents prior experience, not simply a completed event; negate it with 没(有), not 不.",Word classes,official_category,neutral,approved,hsk26-zh+hsk26-en,project_authored,
glesson_8b55af09f88745a6af81c4cde9573d68,2,function,Durative aspect with 着,着,Present a state or action as continuing at the reference time.,This aspect particle is neutral-tone zhe; it is not the result complement 着 pronounced zháo.,Word classes,official_category,neutral,approved,hsk26-zh+hsk26-en,project_authored,
glesson_ae778daeb15447bea503c3e2bea7e4a2,2,function,"Question, confirmation, assurance, and exclamation particles",呢4、吧2、的2、啊1,"Express puzzled or emphatic questioning, seek confirmation, assert an expected conclusion, or express a reaction at sentence end.",These syllabus numbers distinguish discourse functions; none of the numbers is pronounced or written in the Chinese sentence.,Word classes,official_category,neutral,approved,hsk26-zh+hsk26-en,project_authored,
glesson_36e95abd2250415aa183464effa23390,2,category,Recognizing a basic verb-complement phrase,动补短语1,"Recognize a phrase in which material after a verb describes its result, direction, state, degree, or quantity.",A complement completes or evaluates the verb's meaning; it is not automatically a direct object.,Phrases,"reviewed_override: the source row inherits Word classes > Particles from blank hierarchy cells, but its content names a phrase structural type",neutral,approved,hsk26-zh+hsk26-en,project_authored,
glesson_bee3f7b4aa384c42b6795c0adb6d56f9,2,construction,Nominal phrases ending in 的,“的”字短语,Refer to an understood person or thing by leaving the head noun unspoken after 的.,The omitted noun must be recoverable from context; this 的 is not the sentence-final assurance particle 的2.,Phrases,official_category,neutral,approved,hsk26-zh+hsk26-en,project_authored,
glesson_5de2d33fd67d4f0ea3f7855d4e242d82,2,construction,Serial-verb phrases,连谓短语,Combine successive actions performed by the same subject without adding a conjunction.,"The verbs share one subject, and their order normally follows the real sequence or purpose relation.",Phrases,official_category,neutral,approved,hsk26-zh+hsk26-en,project_authored,
glesson_6d88ea2c75964933848765ca878452de,2,construction,Pivotal phrases with a shared middle participant,兼语短语,"Ask, tell, or cause one person to perform another action by making that person the object of the first verb and subject of the second.",The middle noun phrase has two jobs: it receives the first verb and performs the following verb.,Phrases,official_category,neutral,approved,hsk26-zh+hsk26-en,project_authored,
glesson_d7e5255c5b514cceb4c30bfa044800dd,2,category,Nominal phrases as units,名词性短语,"Recognize a group of words that functions together like a noun, for example as a subject, object, or referential expression.","A nominal phrase can contain modifiers and classifiers, but the whole phrase fills one noun-like role.",Phrases,"official_category; the source content cell is blank, so the inherited functional category is explained without inventing source wording",neutral,approved,hsk26-zh+hsk26-en,project_authored,
glesson_5bedc574f1b04b7d8102149208a70c88,2,category,Verbal phrases as units,动词性短语,Recognize a group centered on a verb that functions together as an action or predicate unit.,"A verbal phrase may include an object, adverb, or complement, but its grammatical center remains verbal.",Phrases,"official_category; the source content cell is blank, so the inherited functional category is explained without inventing source wording",neutral,approved,hsk26-zh+hsk26-en,project_authored,
glesson_20fbb3d2482a4bb1b9e153a9ad33fbdf,2,category,Adjectival phrases as units,形容词性短语,Recognize a group centered on an adjective that describes a property or functions as an adjectival predicate.,Degree words belong inside the adjectival phrase; Mandarin does not require 是 before an ordinary adjectival predicate.,Phrases,"official_category; the source content cell is blank, so the inherited functional category is explained without inventing source wording",neutral,approved,hsk26-zh+hsk26-en,project_authored,
glesson_e3981bef253e46c48e9f20daecf6002f,2,function,Open-ended lists with 什么的,什么的,End a short list by indicating that similar unstated items are also included.,什么的 follows examples of a category; it does not ask a question in this use.,Phrases,official_category,neutral,approved,hsk26-zh+hsk26-en,project_authored,
glesson_1c115b4f31ce47338c90eacee08d91c1,2,construction,A considered suggestion with 还是……吧,还是……吧,Recommend one course after considering the situation or available alternatives.,还是 presents the preferred option; final 吧 softens it into advice rather than an order.,Fixed formats,official_category,neutral,approved,hsk26-zh+hsk26-en,project_authored,
glesson_05bde99c7379415a9e1067abc6f1e4ce,2,construction,"Imminent events with 要, 快要, and 就要……了",要/快要/就要……了,Say that an event is about to happen or a new stage is close at hand.,"The final 了 marks the imminent new situation; without the surrounding context, 要 can instead mean 'want' or 'need.'",Fixed formats,official_category,neutral,approved,hsk26-zh+hsk26-en,project_authored,
glesson_5029adfdc6f545af98383219c99bfa91,2,construction,Emphasizing an already-reached point with 都……了,都……了,"Stress that a time, amount, or stage has already been reached, often with surprise, impatience, or emphasis.",都 does not mean 'all' in this pattern; it highlights how far the situation has already progressed.,Fixed formats,official_category,neutral,approved,hsk26-zh+hsk26-en,project_authored,
glesson_badca6da43d5461281a859c1d488ba49,2,construction,Patient subjects,受事主语,Make the affected thing the subject when its resulting condition matters more than the person acting on it.,The subject receives the action rather than performing it; the agent can remain unstated when context makes it unnecessary.,Sentence components,official_category,neutral,approved,hsk26-zh+hsk26-en,project_authored,
glesson_9ef8d5cea59d47638f54e8f4a61765e1,2,construction,Nominal phrases as predicates,名词性短语作谓语,"State dates, times, age, quantity, or identity-like facts with a nominal phrase directly as the predicate.","Do not insert 是 in ordinary age, date, or time predicates such as 他二十岁.",Sentence components,official_category,neutral,approved,hsk26-zh+hsk26-en,project_authored,
glesson_8f0d645b2a3f4c93abb66903f3c5558f,2,construction,Verbal and subject-predicate modifiers before nouns,动词或动词性短语、主谓短语作定语,Identify a person or thing by an action or by a full subject-predicate description placed before the noun.,The whole modifier comes before 的 and the head noun; do not move the action description after the noun.,Sentence components,official_category,neutral,approved,hsk26-zh+hsk26-en,project_authored,
glesson_47f3b0ed04bf4a36a6956dd0695c632a,2,construction,"Result complements 错, 懂, 好, 会, and 完",动词 + 错/懂/好/会/完,"State the result reached by an action: incorrectly, understood, ready, learned, or finished.","The complement reports an outcome, not a separate later action; aspect 了 follows the result unit when needed.",Sentence components,official_category,neutral,approved,hsk26-zh+hsk26-en,project_authored,
glesson_01b862ef28b441d2bc831c4224c8cc4a,2,construction,Simple directional complements 来 and 去,动词 + 来/去,Show whether an action brings something toward the speaker's viewpoint or takes it away.,来 points toward the speaker or reference viewpoint; 去 points away from it.,Sentence components,official_category,neutral,approved,hsk26-zh+hsk26-en,project_authored,
glesson_f31d698d638445f1a9feb41d157fe04b,2,construction,"Simple directional complements 上, 下, 进, 出, 过, and 回",动词 + 上/下/进/出/过/回,"Specify an action's basic path upward, downward, inward, outward, across or past, or back.","These complements describe the path after the verb; 过 here is full-tone guò, not neutral-tone experiential 过.",Sentence components,official_category,neutral,approved,hsk26-zh+hsk26-en,project_authored,
glesson_ee41e6416f824d27b1eb8c57691de21b,2,construction,Compound directional complements,动词 + 出来/出去/过来/过去/回来/回去/进来/进去/起来/上来/上去/下来/下去,Combine a path with 来 or 去 to show both the movement route and its direction relative to the speaker's viewpoint.,The first part gives the path; 来 points toward the viewpoint and 去 points away from it.,Sentence components,official_category,neutral,approved,hsk26-zh+hsk26-en,project_authored,
glesson_ede1b62f33a6494a85014b585331b428,2,construction,State complements with 得,动词 + 得 + 形容词性短语,"Describe the state, manner, or degree produced while an action is performed.","得 follows the repeated or main verb; when the verb has an object, the object often comes before a repeated verb phrase.",Sentence components,official_category,neutral,approved,hsk26-zh+hsk26-en,project_authored,
glesson_c3771e2abd7742728367260732b013c7,2,construction,Duration complements after actions,动作 + 时量补语,State how long an action lasts by placing a time quantity after it.,A duration says how long the action continues; it is different from the clock time when the action begins.,Sentence components,official_category,neutral,approved,hsk26-zh+hsk26-en,project_authored,
glesson_ffbf32e9af2f483ea949c0ad313f0001,2,construction,Quantity complements after adjectives,形容词 + 数量补语,Measure the exact or approximate difference expressed by an adjective.,"The quantity follows the adjective it measures: 大两岁, not 两岁大 in this comparison pattern.",Sentence components,official_category,neutral,approved,hsk26-zh+hsk26-en,project_authored,
glesson_a6853982d0af406fa888be25a7d45bd3,2,construction,Subject-predicate phrases as predicates,主谓谓语句,Describe a topic through a full subject-predicate phrase that serves as the larger sentence's predicate.,The first noun is the overall topic; the following smaller subject names the aspect being described.,Sentence types,official_category,neutral,approved,hsk26-zh+hsk26-en,project_authored,
glesson_52acdf2be231401cb6641db150ed1b78,2,construction,Alternative questions with 还是,选择项1 + 还是 + 选择项2？,Ask the listener to choose between two stated alternatives.,Do not add 吗 to a question already formed with 还是 alternatives.,Sentence types,official_category,neutral,approved,hsk26-zh+hsk26-en,project_authored,
glesson_b26122dc1f28458583e65e8d71623385,2,construction,Imperatives using 别,别 + 动词,"Issue a negative instruction, warning, or request by telling someone not to act.",别 negates the requested future action directly; it is not the past-event negator 没.,Sentence types,official_category,neutral,approved,hsk26-zh+hsk26-en,project_authored,
glesson_a35f4c8b3a7545ddbd5495e9946d2dd3,2,construction,Descriptive 是 sentences,主语 + 是 + 说明或特征,Explain or characterize a person or thing by linking it to a descriptive nominal expression.,是 links the subject to a nominal explanation or characteristic; ordinary adjective predicates still do not require 是.,Sentence types,official_category,neutral,approved,hsk26-zh+hsk26-en,project_authored,
glesson_a7c3f16190ef479f9dc90866f0f19fd3,2,construction,Reached quantities with 有,有 + 数量（+ 了）,Say that an amount or duration reaches a stated quantity.,Here 有 means the duration has reached an amount; it does not express possession.,Sentence types,official_category,neutral,approved,hsk26-zh+hsk26-en,project_authored,
glesson_8406c000714148ed93355a655ae380e4,2,construction,Existential-presentative sentences with 着,处所 + 动词 + 着 (+ 数量短语) + 名词,Present a person or thing as occupying a place in a continuing posture or state.,The location comes first and the newly presented entity comes after the verb; 着 keeps the posture or state in effect.,Sentence types,official_category,neutral,approved,hsk26-zh+hsk26-en,project_authored,
glesson_8cd3774517fc4724be7340812ecbe749,2,construction,Basic adjective comparisons with 比,A比B + 形容词,Say that A has more of a property than B.,The adjective normally follows B directly; do not add 是 or 很 to a neutral basic comparison.,Sentence types,official_category,neutral,approved,hsk26-zh+hsk26-en,project_authored,
glesson_3eb252ea7d424841a3152d08aa6cc546,2,construction,Measured and degree-modified 比 comparisons,A比B + 形容词 + 数量补语/程度补语,"Say not only that A exceeds B, but also by how much or to what additional degree.",The quantity or degree complement follows the adjective; it does not come between 比 and B.,Sentence types,official_category,neutral,approved,hsk26-zh+hsk26-en,project_authored,
glesson_6ef576543f8541009ddc1864bf774cfb,2,construction,Equality and shortfall with 有 or 没有,A有/没有B（+这么/那么）+形容词,Say that A reaches or does not reach B's degree of a property.,"This comparative 有 means 'reach the degree of,' not possession; do not add 比 to the same frame.",Sentence types,official_category,neutral,approved,hsk26-zh+hsk26-en,project_authored,
glesson_0d882781e8774e09858c603addc4ffee,2,construction,Comparing how actions are performed,A比B + 动词 + 得 + 形容词 / A + 动词 + 得 + 比B + 形容词,Compare the manner or degree in which two people perform the same action.,Both orders are licensed: the 比 phrase may come before the verb or inside the 得-complement after 得.,Sentence types,official_category,neutral,approved,hsk26-zh+hsk26-en,project_authored,
glesson_ffe80b1988b84769a16676ccb04b2e61,2,function,Focusing event details with 是……的,是……的：强调时间、地点、方式、动作者,"Highlight when, where, how, or by whom an event took place while treating the event itself as established.",This construction normally focuses a realized event; it is not a general way to mark past tense.,Sentence types,official_category,neutral,approved,hsk26-zh+hsk26-en,project_authored,
glesson_1498a4583ff14c99892cf06f0b72f6e6,2,construction,"Requests and causation with 请, 叫, and 让",主语 + 请/叫/让 + 宾语1 + 动词 + 宾语2,"Ask, tell, or cause another person to carry out an action.","The person after 请, 叫, or 让 is both the first verb's object and the following action's understood subject.",Sentence types,official_category,neutral,approved,hsk26-zh+hsk26-en,project_authored,
glesson_993586dc6e8f4916b41298d63695c08d,2,construction,Double objects with a verb plus 给,主语 + 动词 + 给 + 宾语1 + 宾语2,State an action that transfers an item or information to a recipient.,"The recipient comes immediately after 给, and the transferred thing follows it as the second object.",Sentence types,official_category,neutral,approved,hsk26-zh+hsk26-en,project_authored,
glesson_68db8b2f6deb4411af949bf10e1bb513,2,construction,Alternative clauses with （是）……还是……,（是）……，还是……,"Ask the listener to choose between two clause-sized possibilities, optionally marking the first with 是.",Use 还是 between alternatives in a question; do not add 吗 at the end.,Sentence types,official_category,neutral,approved,hsk26-zh+hsk26-en,project_authored,
glesson_03c64f5939e34fb5ae2e9318a50693cf,2,construction,Concession with 虽然……但是……,虽然……，但是……,Acknowledge one fact and then state a contrasting outcome that still holds.,虽然 introduces the conceded fact; 但是 introduces the main contrasting point.,Sentence types,official_category,neutral,approved,hsk26-zh+hsk26-en,project_authored,
glesson_cd8a7497afe54bbeb49b0343599ed9ec,2,construction,Cause and result with 因为……所以……,因为……，所以……,State a cause explicitly and connect it to its resulting event or situation.,因为 marks the cause clause and 所以 marks the result clause; keep each connector with its own clause.,Sentence types,official_category,neutral,approved,hsk26-zh+hsk26-en,project_authored,
glesson_6f0127d426cf4bf68701631287733166,2,construction,Immediate sequence with 一……就……,一……就……,Say that one event follows immediately or predictably as soon as another occurs.,一 introduces the trigger event and 就 introduces the closely following result; 一 is not counting an object here.,Sentence types,official_category,neutral,approved,hsk26-zh+hsk26-en,project_authored,
glesson_8ff45e3161d942abb8dd0470128fe4d5,2,function,Continuing states with 着,动词 + 着：状态持续,Describe a state that remains in effect after a posture or change has been established.,"This use focuses on the maintained state, not the event that first created it.",Aspects of actions,official_category,neutral,approved,hsk26-zh+hsk26-en,project_authored,
glesson_5e4c4bb2dc1543c1b1e7afbef39ca393,2,function,Continuing actions with 着,动词 + 着：动作持续,Present an activity itself as continuing over the reference interval.,The action reading depends on an activity verb and context; the same particle can maintain a state in another sentence.,Aspects of actions,official_category,neutral,approved,hsk26-zh+hsk26-en,project_authored,
glesson_850e51837bbb4d249c84d673457cb2e1,2,function,Experiential aspect with 过,动词 + 过,Present an action as an experience that has occurred at least once before.,"过 marks prior experience rather than simple past completion, and its negative pattern uses 没(有).",Aspects of actions,official_category,neutral,approved,hsk26-zh+hsk26-en,project_authored,
glesson_e77d15c96ede4ed4b4125715ee306f3a,2,expression_system,Ordinal labels without 第,数词 + 量词,"Use a numeral directly before a unit or label to identify an ordered floor, date, or numbered item.",Context makes the expression ordinal; 三楼 identifies the third floor rather than counting three buildings.,Special expressions,official_category,neutral,approved,hsk26-zh+hsk26-en,project_authored,
glesson_00381ffa4caf46d8a88816e5c574b3e9,2,expression_system,Approximate small numbers with 几,几 + 量词,"Refer to a small, indefinite number when the exact count is not important.","In a statement, 几 can mean 'a few'; in a question, the same form can ask 'how many.'",Special expressions,official_category,neutral,approved,hsk26-zh+hsk26-en,project_authored,
glesson_dd80611de9834c14b69a9d00ac756445,2,construction,More than a round number: numeral + 多 + measure,数词 + 多 + 量词,Give an approximate quantity slightly above a round number such as ten or twenty.,"In this order, 多 follows the round numeral and comes before the measure word.",Special expressions,official_category,neutral,approved,hsk26-zh+hsk26-en,project_authored,
glesson_237b83ef82744366b4ac454c615a734f,2,construction,An extra fraction of a unit: numeral + measure + 多,数词 + 量词 + 多,Say that a quantity exceeds a stated number of units but has not reached the next whole unit.,"Here 多 follows the unit: 一个多小时 means more than one hour but less than two, unlike 十多分钟 with 多 before the measure.",Special expressions,official_category,neutral,approved,hsk26-zh+hsk26-en,project_authored,
glesson_6e7cfe6abe734612a4e5a72de1210257,3,morphology,Long-standing relationships with 老,老—,Describe a person or relationship as long-standing and familiar by adding 老 before a suitable noun.,This prefix can signal familiarity or long association; it does not always mean that the person is elderly.,Morphemes,official_category,neutral,approved,hsk26-zh+hsk26-en,project_authored,
glesson_32471e0e6d8446e5baff7c10a29196dd,3,morphology,"Person and noun suffixes 家, 子, and 员",—家、—子、—员,"Form labels for specialists, familiar nouns, and members or workers with three common suffixes.",The suffix chooses established words; it cannot be attached freely to every noun or verb.,Morphemes,official_category,neutral,approved,hsk26-zh+hsk26-en,project_authored,
glesson_d72c52c17a7d49bf9fd6547f5900dcbc,3,inventory_member,Cardinal directions and the middle,东、南、西、北、北方、东方、南方、西方、中间,Locate places by cardinal direction or by their position in the middle of other places.,A reference place normally comes before the direction expression: 学校东边 or 学校东方.,Word classes,official_category,neutral,approved,hsk26-zh+hsk26-en,project_authored,
glesson_ea19a49bbb6e415c8b9f24bb7aa1432a,3,inventory_member,"Needs, duties, and willingness",需要、该、应该、愿意、得,"Express a need, a recommendation or duty, willingness, or an immediate practical necessity.","Modal 得 is pronounced děi and means 'must'; it is different from structural particle 得, pronounced de.",Word classes,official_category,neutral,approved,hsk26-zh+hsk26-en,project_authored,
glesson_d30968a42f4b4ef49c213b6271e5f4f4,3,inventory_member,Verb-object separable words,放假、见面、结婚、洗澡,Use four common activities whose familiar forms contain a verb-like part and an object-like part.,"These are separable words, so later grammar may place aspect, quantity, or modifiers between their parts.",Word classes,official_category,neutral,approved,hsk26-zh+hsk26-en,project_authored,
glesson_4b17ca4cd44f43268595621fcd28cb0b,3,inventory_member,Verb-complement separable words,离开、完成、分开,Use three common words whose second part contributes a result or direction to the action.,"Although their internal structure is visible, learn their conventional meanings and object patterns as complete words.",Word classes,official_category,neutral,approved,hsk26-zh+hsk26-en,project_authored,
glesson_867901eb059049e79b6ff537b4ab9bed,3,function,Asking how with 怎样,怎样,"Ask about a method, condition, or way of handling something with 怎样 in the missing-information position.",Keep 怎样 where the requested description or method belongs; do not add 吗 to the same question.,Word classes,official_category,neutral,approved,hsk26-zh+hsk26-en,project_authored,
glesson_5d546dc5765a4b47a1819003e41f0888,3,construction,Question words meaning anyone or anything,疑问代词+都……、疑问代词+疑问代词,"Use a question word without asking a question to express unrestricted choice such as anyone, anything, or wherever.",The question word is not interrogative here; 都 or a repeated matching question word creates the free-choice reading.,Word classes,official_category,neutral,approved,hsk26-zh+hsk26-en,project_authored,
glesson_bea2dc463fb3437fac779d881872add9,3,function,"Question words for an indefinite person, thing, or place",疑问代词的不定指用法,"Refer to an unspecified or uncertain person, thing, or place without forming a question.",Context and statement intonation distinguish this indefinite use from a real information question.,Word classes,official_category,neutral,approved,hsk26-zh+hsk26-en,project_authored,
glesson_b6e0bf6e6140401d949ed1cd7a5e44a2,3,inventory_member,Other people and inclusive 咱们,别人、咱们,"Refer to people other than the current referent with 别人, or explicitly include the listener in 'we' with 咱们.",咱们 normally includes the listener; 我们 can include or exclude the listener depending on context.,Word classes,official_category,neutral,approved,hsk26-zh+hsk26-en,project_authored,
glesson_64a50251c82e4b31bf9ccb111190ae9f,3,inventory_member,Other choices with 别的 and 其他,别的、其他,Refer to a different choice or to the remaining members of a set.,别的 often highlights an alternative; 其他 commonly gathers the rest of a known set.,Word classes,official_category,neutral,approved,hsk26-zh+hsk26-en,project_authored,
glesson_df7aa22167ec4fc7b0f03bf2ab4b61a9,3,inventory_member,Dedicated measure words at HSK 3,把、双、张、种、层、封、页、辆、节、所、班、段、头、句、公斤、斤、角、毛、刻、米,"Count common objects, institutions, groups, text units, weights, money, time, and length with the measure word selected by the noun.",The source cell joins 句 and 公斤 at a line wrap; reviewed decomposition keeps them as two separate measure words.,Word classes,official_category,neutral,approved,hsk26-zh+hsk26-en,project_authored,
glesson_c3df0eb303974d85aac4214ca6128240,3,inventory_member,Containers used as measure words,碗、盘,Count servings by borrowing the container nouns 碗 and 盘 as measure words.,"The quantity describes a bowlful or plateful, not merely the physical container.",Word classes,official_category,neutral,approved,hsk26-zh+hsk26-en,project_authored,
glesson_e8773bfc98ae4f038b8e6a18d2d6ac8c,3,inventory_member,"Verbal measures 口, 回, 遍, and 声",口、回、遍、声,"Count mouthfuls, occasions, complete repetitions, and produced sounds after an action.",遍 counts an action performed from beginning to end; 回 counts an occasion without that completion focus.,Word classes,official_category,neutral,approved,hsk26-zh+hsk26-en,project_authored,
glesson_67af68618b554c8e8f28c44bd041bfce,3,construction,Distributive measure-word reduplication,个个、张张,Emphasize that every individual item in a set shares the stated property.,"The reduplicated measure word has a distributive meaning like 'each and every,' not a plural meaning by itself.",Word classes,official_category,neutral,approved,hsk26-zh+hsk26-en,project_authored,
glesson_5f556af650a944789b0f58310ea9ff13,3,inventory_member,Comparing and intensifying degree,比较、还3、更、特别、挺、有些、越、极,Adjust degree from relatively or somewhat through stronger comparison and extreme intensity.,还3 and 更 both raise a comparison; this numbered 还 is not additive 'also' or continuing 'still.',Word classes,official_category,neutral,approved,hsk26-zh+hsk26-en,project_authored,
glesson_17962a7ae6a74a4daa7a09ae22c027e3,3,inventory_member,"Limiting, totaling, and distributing scope",就3、一块儿、一共、只、到处、只是,"Limit a statement, combine participants, state a total, or extend a situation throughout places.",就3 narrows focus to a particular member; it is distinct from the time and conditional uses of 就.,Word classes,official_category,neutral,approved,hsk26-zh+hsk26-en,project_authored,
glesson_07762125aabd4d749cf0f1832fee99fd,3,inventory_member,"Timing with 才1, 马上, 先, and related adverbs",才1、马上、先、一会儿、刚、刚刚、一直,"Place an event late, immediately, first, shortly later, just before now, or continuously across time.",才1 presents an event as later than expected; the later numbered uses of 才 express different focus or conditions.,Word classes,official_category,neutral,approved,hsk26-zh+hsk26-en,project_authored,
glesson_89059b179fe648e5b7ae36f476083e22,3,inventory_member,"Repeated events with 总, 又, and 常常",总、总是、又、常常,"Describe habitual behavior, persistent recurrence, or another occurrence of an event.",又 normally presents a repeated event as already real or currently relevant; 再 commonly points to a future repetition.,Word classes,official_category,neutral,approved,hsk26-zh+hsk26-en,project_authored,
glesson_5fb2d0bf9f384280a2d05a727fbc624e,3,function,Marking simultaneous sides with 一边,一边,Present one action as occurring alongside another action by marking each concurrent side with 一边.,"Use the paired pattern for genuinely simultaneous activities, not merely two actions that happen in sequence.",Word classes,official_category,neutral,approved,hsk26-zh+hsk26-en,project_authored,
glesson_177b3691e5374b388530d00a7c05979a,3,inventory_member,Likelihood and necessity adverbs,大概、必须、差不多、一定、好像、几乎,"Express estimates, strong necessity or certainty, resemblance, and near completion.",These adverbs express likelihood or necessity; the next syllabus row covers speaker stance and focus despite sharing the source's English category label.,Word classes,official_category,neutral,approved,hsk26-zh+hsk26-en,project_authored,
glesson_9e20456f2fa34fdeafcb9d9f0c07e386,3,inventory_member,Speaker stance and focus adverbs,当然、其实、终于、才2、才3、就4,"Signal an obvious fact, correction, eventual outcome, unexpectedly small amount, prerequisite, or emphatic focus.",The numbered 才 and 就 entries are distinct functions: do not substitute the late-event 才1 or other time uses automatically.,Word classes,official_category,neutral,approved,hsk26-zh+hsk26-en,project_authored,
glesson_69679885521946b7a6801b6ca1c2716d,3,function,Saying an action is unnecessary,不必、不用,Tell someone that an action is not necessary with 不必 or the common conversational 不用.,These forms remove necessity; they do not forbid the action in the way 别 or 不要 can.,Word classes,official_category,neutral,approved,hsk26-zh+hsk26-en,project_authored,
glesson_0ca9c57f33894bcc9dfd898fbacfaf78,3,function,"Introducing beneficiaries, addressees, and topics",为1、向1、关于,"Introduce the person benefited, the addressee of an action, or the topic under discussion.",向1 introduces an addressee or target; 向2 in the next row introduces physical direction or route.,Word classes,official_category,neutral,approved,hsk26-zh+hsk26-en,project_authored,
glesson_309a16f37538472988dbe46293b62779,3,function,Physical direction with 向2,向2,State the physical direction or route of movement with 向 before a direction or destination.,This numbered function describes physical direction; 向1 instead directs an action such as speaking or asking toward an addressee.,Word classes,official_category,neutral,approved,hsk26-zh+hsk26-en,project_authored,
glesson_c8f640cc55c34c5ebcf4f8c68c0f9a83,3,function,Purpose and reason with 为了 and 为2,为了、为2,Introduce a goal with 为了 or a motivating reason or concern with 为2.,为了 foregrounds an intended goal; 为2 commonly introduces what causes an emotion or motivates concern.,Word classes,official_category,neutral,approved,hsk26-zh+hsk26-en,project_authored,
glesson_65181384815e48bb8984cea0ad0c86e5,3,function,Introducing a disposed object with 把 and an agent with 被,把、被,"Move an affected object before its action with 把, or introduce the agent in a passive event with 被.","Both constructions normally need more than a bare verb: the predicate should show a result, location, direction, quantity, or other meaningful outcome.",Word classes,official_category,neutral,approved,hsk26-zh+hsk26-en,project_authored,
glesson_f8df5d8520dc416f90cc4c5f48366344,3,function,Basing a statement on 根据,根据,"Identify the information, rule, or evidence used as the basis for an action or conclusion.","根据 names a basis, not a cause; it answers 'according to what?' rather than 'because of what?'",Word classes,official_category,neutral,approved,hsk26-zh+hsk26-en,project_authored,
glesson_86045223657d499287380b3408184831,3,inventory_member,Coordinating alternatives with 或 and 或者,或、或者,Join alternative words or phrases when presenting possible options rather than asking the listener to choose.,"In direct alternative questions, 还是 is normally used instead of 或 or 或者.",Word classes,official_category,neutral,approved,hsk26-zh+hsk26-en,project_authored,
glesson_3e69ae1cd06d466fbbd76b265b767a9b,3,inventory_member,"Connecting conditions, additions, contrasts, and sequence",只有、只要、不但、而且、如果、可1、可是、然后,"Link clauses by stating a necessary or sufficient condition, adding stronger information, contrasting a point, or ordering events.",只有 pairs naturally with 才 for a necessary condition; 只要 pairs with 就 for a sufficient condition.,Word classes,official_category,neutral,approved,hsk26-zh+hsk26-en,project_authored,
glesson_00d57d729c7f4d23b440054ccc241d9b,3,function,Marking a condition with 的话,……的话,Present a situation as the condition for what follows.,的话 follows the whole condition; it does not go before it like English 'if.',Word classes,official_category,neutral,approved,hsk26-zh+hsk26-en,project_authored,
glesson_49c1ef7d1f3841548297a0b490d07b81,3,category,Appositive phrases for one shared referent,同位短语,Place two noun expressions together when both identify or describe the same person or group.,The two parts refer to the same entity; this is not a list of separate people or things.,Phrases,official_category,neutral,approved,hsk26-zh+hsk26-en,project_authored,
glesson_5e921aa422d24b6a890431b12b32fc6f,3,category,Expanded verb-complement phrases,动补短语2,"Recognize verb-complement phrases that add potential, result, or direction after an action.",The complement belongs after the verb and completes its meaning; it is not a separate new action.,Phrases,official_category,neutral,approved,hsk26-zh+hsk26-en,project_authored,
glesson_56c56a08a83a4a9fba7fb8f8edeac19e,3,construction,Repeating number-measure phrases distributively,数词+量词+数词+量词,"Express that people, things, or stages are handled separately or unfold one unit at a time.","Repeat the complete number-measure unit, not only the classifier.",Phrases,official_category,neutral,approved,hsk26-zh+hsk26-en,project_authored,
glesson_c74f97e80cba4f0396cdf394f34eff1e,3,construction,Balanced descriptions with 不A不B,不A不B,Describe a moderate or balanced state by denying two opposite extremes.,A and B are normally contrasting properties that form a familiar four-character description.,Phrases,official_category,neutral,approved,hsk26-zh+hsk26-en,project_authored,
glesson_5f19781ab8ae438e8b3b96ed0eeba473,3,function,A short interval with 不一会儿,不一会儿,Say that only a short time passes before something happens or changes.,"不一会儿 refers to a brief interval, not a clock time.",Phrases,official_category,neutral,approved,hsk26-zh+hsk26-en,project_authored,
glesson_b0577291ea834c2d9ab205ab44afb00d,3,function,Drawing an inference with 看来,看来,Introduce a conclusion that seems reasonable from the available signs or information.,"看来 presents the speaker's inference, not a literal act of looking.",Phrases,official_category,neutral,approved,hsk26-zh+hsk26-en,project_authored,
glesson_17ce2c91cf0744cc88bc0f91363fc43c,3,construction,Stating a viewpoint with 在……看来,在……看来,Identify the person or group whose viewpoint the following statement represents.,"The noun or pronoun between 在 and 看来 is the viewpoint holder, not the object being viewed.",Phrases,official_category,neutral,approved,hsk26-zh+hsk26-en,project_authored,
glesson_f7e879eb77834d0b821cb273f009fb0a,3,construction,An ongoing trend with 越来越,越来越,Express that a quality or state keeps increasing or changing over time.,越来越 describes development over time; 越……越…… links the degree of one condition to another.,Phrases,official_category,neutral,approved,hsk26-zh+hsk26-en,project_authored,
glesson_a1dfe076faec4624ad1920ecf040d0c6,3,function,Giving an overall impression with 看起来,看起来,"Describe the impression something gives, whether from appearance or the wider situation.",看起来 can introduce a broad impression; 看上去 more directly emphasizes visual appearance.,Phrases,official_category,neutral,approved,hsk26-zh+hsk26-en,project_authored,
glesson_f069e89cffa64b04ae56201517efa1f1,3,function,Describing visual appearance with 看上去,看上去,Describe how a person or thing appears to the eye.,"看上去 normally introduces an observable appearance, while 看起来 can support a broader inference.",Phrases,official_category,neutral,approved,hsk26-zh+hsk26-en,project_authored,
glesson_6846bb8213774651a3a0fc6f7ac335d6,3,function,Making a general statement with 一般来说,一般来说,Frame a statement as generally true while allowing that individual cases may differ.,"一般来说 makes a generalization, not an absolute claim about every case.",Phrases,official_category,neutral,approved,hsk26-zh+hsk26-en,project_authored,
glesson_316c9bec0f684aa884fe3be17c0d0fa8,3,function,Giving a mild negative evaluation with 不怎么样,不怎么样,"Say that something is not very good, impressive, or satisfactory without using a stronger criticism.",Here 怎么样 is part of a fixed evaluation; the phrase is not asking 'how?',Phrases,official_category,neutral,approved,hsk26-zh+hsk26-en,project_authored,
glesson_9d70695e91ed42b9a1bf70af3cbe7279,3,construction,Adding or excluding with 除了,除了……（以外），……还/也/都……,"Add information beyond one item, or state that everyone or everything except one item shares a result.","With 还 or 也, the named item is included before more is added; with 都, context can mark it as the exception.",Fixed formats,official_category,neutral,approved,hsk26-zh+hsk26-en,project_authored,
glesson_2de4d47ffc894d33bc269b63cecd62ef,3,construction,Setting a starting point with 从……起,从……起,Mark the time or place from which a continuing situation begins.,起 closes the starting-point phrase; the situation that begins comes after the complete frame.,Fixed formats,official_category,neutral,approved,hsk26-zh+hsk26-en,project_authored,
glesson_86ade8b4e22942ec899e79e4ec99da30,3,construction,Framing relevance with 对……来说,对……来说,"State how a situation applies to a particular person, group, or topic.",The expression between 对 and 来说 sets the perspective or affected party; it is not necessarily the speaker.,Fixed formats,official_category,neutral,approved,hsk26-zh+hsk26-en,project_authored,
glesson_dfd078bbb2674897a0fe8cbec750e3bb,3,construction,Emphatic zero with 一……也/都不/没,一……也/都+不/没……,"Emphasize complete negation by saying that not even one person, thing, or amount meets the description.","Use 不 for a present, habitual, or intended negation and 没 for a negated occurrence or completion.",Fixed formats,official_category,neutral,approved,hsk26-zh+hsk26-en,project_authored,
glesson_6baf35e486cf4338aa6637ee28bd8262,3,construction,Complete degree negation with 一点儿也不,一点儿也不,Emphasize that a quality or state is absent to even the slightest degree.,一点儿 here belongs to a negative frame and means 'not at all'; it does not mean a small positive amount.,Fixed formats,official_category,neutral,approved,hsk26-zh+hsk26-en,project_authored,
glesson_6c2cdcd62e104b80b2eb3873a2b2787e,3,construction,Linked change with 越……越……,越……越……,Express that a change in one condition is linked to a corresponding change in another quality or response.,The first 越 introduces the changing condition; the second introduces the linked result.,Fixed formats,official_category,neutral,approved,hsk26-zh+hsk26-en,project_authored,
glesson_31d755e440e645e5b0c80f741acaea2c,3,construction,Locating events before and after a reference point,（在）……以前/以后/前/后,"Place an event before or after a stated time, action, or situation.",以前 and 以后 can follow broader reference phrases; 前 and 后 attach compactly to a time or event expression.,Fixed formats,official_category,neutral,approved,hsk26-zh+hsk26-en,project_authored,
glesson_dcc7fa1a622346d5a68dd65fad261172,3,construction,Rejecting or challenging with X什么啊,X什么（啊）,"Challenge the reason for an action or attitude, often implying that it is unnecessary.",This colloquial rhetorical pattern can sound impatient; 啊 softens or adds emotion but does not make it a neutral information question.,Fixed formats,official_category,neutral,approved,hsk26-zh+hsk26-en,project_authored,
glesson_79689c9fb74747b391ce575ac4167555,3,construction,Saying it is time with 该……了,该……了,Say that the appropriate or expected time for an action has arrived.,Here 了 marks a newly relevant situation: now is the time to act.,Fixed formats,official_category,neutral,approved,hsk26-zh+hsk26-en,project_authored,
glesson_d0c6abcc416f408382b08b81f1e5aa2e,3,construction,"Framing a domain, condition, or process with 在……上/下/中",在……上/下/中,"Locate a statement within a topic, under a condition, or during a process.","These frames often express an abstract domain or condition, not a literal physical position.",Fixed formats,official_category,neutral,approved,hsk26-zh+hsk26-en,project_authored,
glesson_0b941a74e636424585d377b2f70b4b2e,3,function,Actions and qualities as subjects,动词/动词性短语、形容词/形容词性短语作主语,"Use an action, state, or quality as what the sentence is about.",The opening verb or adjective names a general activity or quality here; it is not the main predicate of a stated person.,Sentence components,official_category,neutral,approved,hsk26-zh+hsk26-en,project_authored,
glesson_931fa872891644ec9551798943541630,3,construction,Subject-predicate phrases as subjects,主谓短语作主语,Make a complete subject-predicate situation the topic that a larger sentence comments on.,"The inner phrase already has its own subject and predicate, but the entire phrase fills the subject position of the larger sentence.",Sentence components,official_category,neutral,approved,hsk26-zh+hsk26-en,project_authored,
glesson_d2efb4f8c516443bb43d91df0e487452,3,construction,Ordering multiple modifiers before a noun,多项定语,"Combine possessive, demonstrative, quantity, and descriptive information before one noun.","All attributives come before the head noun; 的 appears after modifiers that require it, not automatically after every modifier.",Sentence components,official_category,neutral,approved,hsk26-zh+hsk26-en,project_authored,
glesson_f95efe2751dd4f9e8608c4eaa8b4e1e5,3,construction,"Results with 到, 住, 走, and 上",动词+到/住/走/上,"Specify that an action reaches a goal, secures a result, removes something, or puts something into a resulting state.",These complements describe the action's result; their meaning is often broader than literal direction or location.,Sentence components,official_category,neutral,approved,hsk26-zh+hsk26-en,project_authored,
glesson_33ffecba3284470ea135a85bbe5d5923,3,construction,"Extended results with 出, 起, and 下",动词+出/起/下,"Express results such as detecting something, recalling it, or leaving it recorded.","In these uses, 出, 起, and 下 contribute a conventional result rather than only physical direction.",Sentence components,official_category,neutral,approved,hsk26-zh+hsk26-en,project_authored,
glesson_93490e12936e4c7eb4b0fe18d6f003ff,3,construction,Starting an action with 上 and 起来,动词+上/起来,Show that an action or state begins and becomes active.,These are extended complement uses: 上 and 起来 mark onset rather than literal upward movement.,Sentence components,official_category,neutral,approved,hsk26-zh+hsk26-en,project_authored,
glesson_81a16c159ed04f33baf215dbe272a1bf,3,construction,Continuing an action with 下去 and 下来,动词+下去/下来,Say that an action continues onward or has been maintained through a period up to a reference point.,下去 looks forward along the continuation; 下来 often views the maintained action from a later reference point.,Sentence components,official_category,neutral,approved,hsk26-zh+hsk26-en,project_authored,
glesson_cf0bf06ae7914411a782069d00b08c85,3,construction,Potential complements with 得 and 不,动词+得/不+动词/形容词,Say whether the result or degree described by a complement is possible.,Potential 得 is unstressed de between the verb and complement; it is not the lexical verb 得 pronounced dé or děi.,Sentence components,official_category,neutral,approved,hsk26-zh+hsk26-en,project_authored,
glesson_d55e66f484e44c9aa5ebbbf4fcded9b9,3,construction,Strong degree with 形容词+得很,形容词+得很,Emphasize that a quality exists to a high degree.,得很 follows the adjective as a complement; do not place 很 before the adjective in the same pattern.,Sentence components,official_category,neutral,approved,hsk26-zh+hsk26-en,project_authored,
glesson_46b1065e58094ca989310f1e3283e1e7,3,construction,Extreme degree with 极了 and 坏了,形容词/动词+极了/坏了,"Express an exceptionally strong quality, feeling, or bodily state.",坏了 is an intensifying complement only with suitable feelings or states; it does not always retain the literal meaning 'broken.',Sentence components,official_category,neutral,approved,hsk26-zh+hsk26-en,project_authored,
glesson_a406d28084104510ad51f2f6d103ecc6,3,construction,Time elapsed since an action ended,动作结束+时间间隔+了,Say how much time has passed since a completed or endpoint action occurred.,The duration measures the interval after the action ended; it does not say the action itself continued for that duration.,Sentence components,official_category,neutral,approved,hsk26-zh+hsk26-en,project_authored,
glesson_2e161ba40ebc413383365b8ee6d111c2,3,construction,Asking how to act with 怎样+动词,怎样+动词,"Ask for the method, manner, or steps needed to carry out an action.",怎样 stays directly before the action whose method is unknown; do not add 吗 to this question.,Sentence types,official_category,neutral,approved,hsk26-zh+hsk26-en,project_authored,
glesson_662c3598b52345f1b16c437f9c50dd3f,3,construction,Emphasizing a reminder with 不是……吗,不是……吗？,"Emphasize something the speaker treats as already evident, shared, or worth reminding the listener about.",This is usually rhetorical: the speaker expects agreement rather than neutral new information.,Sentence types,official_category,neutral,approved,hsk26-zh+hsk26-en,project_authored,
glesson_485f0c081660431cb26e6624feab453c,3,construction,Placing an object with 把 and 在/到,主语+把+宾语+动词+在/到+处所,Describe how an action disposes of a known object by leaving or moving it to a location.,"The object after 把 is normally specific or already identifiable, and the verb must be followed by the resulting location.",Sentence types,official_category,neutral,approved,hsk26-zh+hsk26-en,project_authored,
glesson_8291206edc9b4948a350de4f51adecae,3,construction,Transferring an object with 把 and a recipient,主语+把+宾语1+动词（+给）+宾语2,Describe transferring information or an object by placing the transferred item before the verb and the recipient after it.,Whether 给 is used depends on the transfer verb; verbs such as 告诉 can take the recipient directly.,Sentence types,official_category,neutral,approved,hsk26-zh+hsk26-en,project_authored,
glesson_902e37aedf50494fb982985426947899,3,construction,Completing 把 sentences with a complement,主语+把+宾语+动词+结果/趋向/状态补语,"Focus on how an action changes, moves, or affects a known object by completing the verb with a result, direction, or state.",A 把 predicate normally needs a meaningful outcome; do not leave the main verb bare.,Sentence types,official_category,neutral,approved,hsk26-zh+hsk26-en,project_authored,
glesson_8c5b4c0a54594df08a901d349e971746,3,construction,Passive events with an expressed agent,主语+被+宾语+动词+其他成分,Describe what happens to an affected person or thing while explicitly naming the agent responsible.,"The affected patient comes first, while the agent follows 被; the verb normally includes a result or other completion.",Sentence types,official_category,neutral,approved,hsk26-zh+hsk26-en,project_authored,
glesson_4e1807cc26d140f79028dbc028fcaa1b,3,construction,Passive events with the agent omitted,主语+被+动词+其他成分,"Describe what happens to an affected person or thing when the agent is unknown, unimportant, or left unstated.","Even without an agent, 被 must still be followed by a completed predicate, not simply by a bare verb.",Sentence types,official_category,neutral,approved,hsk26-zh+hsk26-en,project_authored,
glesson_9e80e20829b14b17a957359bb6bbc67e,3,construction,Accompanying action with 动词1+着+动词2,动词1+着+动词2,"Present one ongoing posture, manner, or action as accompanying the main action.",The verb before 着 gives the continuing background or manner; the second verb carries the main event forward.,Sentence types,official_category,neutral,approved,hsk26-zh+hsk26-en,project_authored,
glesson_756a581f98be48b5afa1b781494a4e72,3,construction,Strengthened comparisons with 更 and 还,A比B+更/还+形容词,Say that A exceeds B to an even stronger or noteworthy degree.,更 neutrally raises the comparative degree; 还 often makes the additional degree feel more noteworthy or contrary to expectation.,Sentence types,official_category,neutral,approved,hsk26-zh+hsk26-en,project_authored,
glesson_081ca9efc2fb40d79a01e906847593b2,3,construction,Saying two things are the same with 跟……一样,A跟B一样,"State that A matches B in identity, type, choice, or an understood respect.","Without a following adjective, the respect in which A and B match must be clear from the nouns or context.",Sentence types,official_category,neutral,approved,hsk26-zh+hsk26-en,project_authored,
glesson_aee8f5d56fa24588a6ce2de696dc7b13,3,construction,Equal degree with 跟……一样+形容词,A跟B一样+形容词,State explicitly that A and B have the same degree of a named quality.,The adjective follows 一样 and names the exact dimension being compared.,Sentence types,official_category,neutral,approved,hsk26-zh+hsk26-en,project_authored,
glesson_3c6e9fce50f743499075918414b62e11,3,construction,Denying superiority with A不比B+形容词,A不比B+形容词,Say that A is not more strongly characterized by a quality than B.,A不比B+形容词 only denies that A exceeds B; it does not by itself prove that A has less of the quality.,Sentence types,official_category,neutral,approved,hsk26-zh+hsk26-en,project_authored,
glesson_7208ea54ca48453fa88ace572360521e,3,construction,Comparing action quantity or timing,A比B+多/少/早/晚+动词+数量短语,"State the exact amount by which A does more, less, earlier, or later than B.","The difference word comes before the action verb, while the quantity that measures the difference follows the verb.",Sentence types,official_category,neutral,approved,hsk26-zh+hsk26-en,project_authored,
glesson_ab55443f5842459e92950531f3a14640,3,construction,Presenting something that appears at a place,处所词+动词+趋向/结果补语+（了）+数量短语+人/物,Introduce a newly appearing person or thing by first setting the place where it appears.,The new person or thing follows the verb and is normally indefinite; it is not the sentence-initial subject.,Sentence types,official_category,neutral,approved,hsk26-zh+hsk26-en,project_authored,
glesson_37870b2f9f64465286774f5376432844,3,construction,Presenting something that disappears from a place,处所词+动词+结果补语+了+数量短语+人/物,Report that one or more entities have disappeared or been removed from a previously established place.,The place comes first and the disappearing entity follows the completed verb; no agent needs to be stated.,Sentence types,official_category,neutral,approved,hsk26-zh+hsk26-en,project_authored,
glesson_1553ab51818642b2bc0841d9472a6c39,3,construction,Emphasizing a view or attitude with 是……的,是……的,Present a judgment or personal stance with deliberate emphasis.,This HSK 3 use emphasizes the speaker's view or attitude; it is not the earlier 是……的 pattern that identifies details of a completed event.,Sentence types,official_category,neutral,approved,hsk26-zh+hsk26-en,project_authored,
glesson_a0f1859f68cb4d54b2caf12ff9e8237b,3,construction,Verb copying before a complement,主语+动词+宾语+动词+补语,Keep a verb's object and also attach a complement by repeating the verb after the object.,The first verb introduces the object; the repeated second verb carries the complement.,Sentence types,official_category,neutral,approved,hsk26-zh+hsk26-en,project_authored,
glesson_086668360c5544938de5ede95467808a,3,construction,Ordering actions with 先……再/然后……,先……，再/然后……,State that one action happens first and another follows afterward.,再 commonly introduces the next planned or repeated action; 然后 neutrally narrates the following step.,Sentence types,official_category,neutral,approved,hsk26-zh+hsk26-en,project_authored,
glesson_fafa2f30a8db4d60ab1046837b39b08e,3,construction,Paired alternatives with 或者……或者……,或者……，或者……,"Present two alternative situations, actions, or choices as parallel possibilities.",This pattern presents alternatives in a statement; direct choice questions normally use 还是.,Sentence types,official_category,neutral,approved,hsk26-zh+hsk26-en,project_authored,
glesson_7003f358f7df4bbeb820c60ae7eef247,3,construction,Alternating states with 一会儿……一会儿……,一会儿……，一会儿……,Describe repeated switching between two actions or states over a short period.,The paired pattern marks alternation; a single 一会儿 usually means 'a short while.',Sentence types,official_category,neutral,approved,hsk26-zh+hsk26-en,project_authored,
glesson_3699ff1d274242dca062cce0908bec20,3,construction,Combining parallel qualities with 又……又……,又……，又……,Say that one subject has two parallel qualities or performs two relevant actions.,The two parts should be parallel and apply to the same subject; this paired 又 does not mean an action happened again.,Sentence types,official_category,neutral,approved,hsk26-zh+hsk26-en,project_authored,
glesson_78985b77a53a429aa7bb1d642fdf7494,3,construction,Doing two actions at once with 一边……一边……,一边……，一边……,State that the same subject carries out two ongoing actions at the same time.,The actions must be compatible as simultaneous activities and normally share one subject.,Sentence types,official_category,neutral,approved,hsk26-zh+hsk26-en,project_authored,
glesson_b06d9fcf7b8d414eb52e92cdd74392a7,3,construction,Additive escalation with 不但……而且……,不但……，而且……,"Add a second fact that strengthens or extends the first: not only one point is true, but another is true as well.",This is additive escalation between clauses or predicates; it does not describe an action progressing over time.,Sentence types,official_category,neutral,approved,hsk26-zh+hsk26-en,project_authored,
glesson_ac8a06a59b734a0b9926e0b5e721fa87,3,construction,Conceding and contrasting with 虽然……可是……,虽然……，可是……,Acknowledge one fact and then introduce a contrasting result that holds despite it.,虽然 introduces the conceded fact; the speaker's main point normally appears after 可是.,Sentence types,official_category,neutral,approved,hsk26-zh+hsk26-en,project_authored,
glesson_f182cc46e3b946abb96f53dda5e4df1c,3,construction,Hypothetical results with 如果……就……,如果……，就……,"Present a hypothetical condition and state the result, decision, or response that follows from it.",如果 introduces the condition; 就 belongs in the result clause before its predicate.,Sentence types,official_category,neutral,approved,hsk26-zh+hsk26-en,project_authored,
glesson_7f858a43efcf4b10be8832af83ec2c3a,3,construction,Conditions ending in 的话 with a 就 result,……的话，就……,Close a condition with 的话 and explicitly introduce its consequence with 就.,"的话 follows the entire condition clause, whereas 就 appears in the following result clause.",Sentence types,official_category,neutral,approved,hsk26-zh+hsk26-en,project_authored,
glesson_498b753c7da54f61b6841874434f7a84,3,construction,Necessary conditions with 只有……才……,只有……，才……,State that a result can occur only when one necessary condition is met.,"只有 marks a necessary condition: without it, the result does not follow. Do not confuse it with sufficient-condition 只要.",Sentence types,official_category,neutral,approved,hsk26-zh+hsk26-en,project_authored,
glesson_428b8aa5e9bd475cbf3fa5ef7ba5b5eb,3,construction,Sufficient conditions with 只要……就……,只要……，就……,State that meeting one condition is enough for the result to follow.,"只要 marks a sufficient condition: once it is met, the result follows. This differs from necessary-condition 只有.",Sentence types,official_category,neutral,approved,hsk26-zh+hsk26-en,project_authored,
glesson_a0126ffa7598439aaae163fcd7508b72,3,construction,Purpose clauses with 为了,为了……，……,State the goal or benefit that motivates the action in the following clause.,"为了 introduces a purpose, not the reason that caused an event; the following clause states the action taken to achieve it.",Sentence types,official_category,neutral,approved,hsk26-zh+hsk26-en,project_authored,
glesson_9315a8f6d7df428daba515fc04d63e30,3,construction,Immediate sequence with ……了……（就）……,……了……（就）……,"Present one completed event as the point after which the next action follows, often immediately or predictably.",The first 了 closes the triggering event; optional 就 highlights the quick or direct transition to the result.,Sentence types,official_category,neutral,approved,hsk26-zh+hsk26-en,project_authored,
glesson_e253e9a29c714cd8a4333d3f8428b903,3,construction,Approximate numbers with 大概,大概+数量短语,"Give an estimated count, age, time, or other quantity rather than an exact number.","In this number expression, 大概 directly scopes over a quantity; elsewhere it can express likelihood about a whole proposition.",Special expressions,official_category,neutral,approved,hsk26-zh+hsk26-en,project_authored,
glesson_687cfec23a554ec897fe4131b27568d7,3,construction,Approximation with adjacent numerals,相邻数词+量词,Give a small approximate range by placing two neighboring numerals together before a measure word.,"Use neighboring numerals in ascending order, such as 三四 or 七八; the pair expresses a range, not addition.",Special expressions,official_category,neutral,approved,hsk26-zh+hsk26-en,project_authored,
