grammar_note_id,grammar_lesson_id,grammar_element_id,note_order,note_kind,text_en,review_status,notes
gnote_20f13340287343cfb918a1850b079039,glesson_1412363f764e4b6e804c4a579f649313,,1,formation,Both morphemes attach directly to what follows; do not insert 的.,approved,
gnote_196e132313164935b28b830b3347ec09,glesson_47131ae8ea394437a5297f42b342b73d,,1,constraint,These suffixes form one lexical unit with the expression before them.,approved,
gnote_ae3b5d153f0d483e8dda713537a3aae1,glesson_a9c2ecd6c785436fa03139619ca2affd,,1,formation,Put the reference place or object before the location noun.,approved,
gnote_21e33641029e425b9f81ac5fb55dde01,glesson_a9c2ecd6c785436fa03139619ca2affd,,2,usage,The resulting location phrase can follow 在 or come before 有.,approved,
gnote_b6734b9ae93c4701b2265f4ac21e8fae,glesson_6fbcb4305c5d4a5d88bf76bae817835f,,1,formation,The modal comes before the action verb.,approved,
gnote_24ff1efbe890452ab7019711890ee9fb,glesson_6fbcb4305c5d4a5d88bf76bae817835f,,2,constraint,Negate the modal itself: 不会 or 不能.,approved,
gnote_d499257f40de41dfbad321f50813a5ea,glesson_5e7f55241f214616ac7cde0dbdddfd71,,1,usage,Both can introduce an action; 要 can also take a noun as the wanted item.,approved,
gnote_9f40c23034eb4c04aff90582e141bde3,glesson_5a426c2d10734028a3898347249529d4,,1,pragmatics,Add 吗 to the sentence to ask politely whether an action is allowed.,approved,
gnote_f5438f1a58a748799f7666a09d662da7,glesson_bb78882713cf4b49876d78dacf6ebf54,,1,usage,"At this level, learn each item as a common activity or state while recognizing its internal verb-object structure.",approved,
gnote_f2406b16cb4242a5a648b7e2c799c9b2,glesson_43642677d6364b81a48e4506d8a0105c,,1,formation,Replace the unknown sentence part with the matching interrogative pronoun.,approved,
gnote_537e58cb1f1947b8a847c9ffe1818557,glesson_43642677d6364b81a48e4506d8a0105c,,2,constraint,Do not add 吗 to a question that already uses one of these question words.,approved,
gnote_98d85857dd37403497109f0910032f0d,glesson_1a3df179f68d4d33aa38254927c24dbc,,1,usage,"A personal pronoun can serve as subject, object, or possessor according to its position.",approved,
gnote_713c2a589d9a4d1caf5f8abb7804fbe4,glesson_6360c8ccc591431488f7006797127eb7,,1,usage,这-series forms point near the speaker; 那-series forms point farther away or back to known information.,approved,
gnote_5ea6d71f4e48471986d03aa8b0e7b78a,glesson_6360c8ccc591431488f7006797127eb7,,2,usage,有的 and 有些 select only part of a larger set.,approved,
gnote_3a5bb486689e4827b3a84102bd49065b,glesson_d7cad090d9554245a5dbed09caa87826,,1,formation,Build larger numbers from the highest place value to the lowest.,approved,
gnote_217fbfdefbf84fbbbf77ffc5e12b89c3,glesson_92993e435fd2485884e66731507a89a7,,1,constraint,Classifier choice is lexical: learn the common noun-classifier pairing.,approved,
gnote_2ce043a2e6a9416eb9972105b526c601,glesson_ffcb8ee873944afc831b07219d8b60c4,,1,usage,The container noun 杯 is borrowed to classify the amount it holds.,approved,
gnote_00dc0fa15c61448098d0131530967e22,glesson_366fff0d896542d0921adc449244e8df,,1,formation,Place the number directly before the time unit; these units do not take an extra classifier.,approved,
gnote_ed6b6f33164b46069ed3f14af4fa0b4d,glesson_16cda7aefaaf49eebd4327366d43cb10,,1,formation,Place the degree adverb before the adjective or adjective-like predicate.,approved,
gnote_52cfb60eae284774a65d74fa8f666123,glesson_16cda7aefaaf49eebd4327366d43cb10,,2,pragmatics,很 is often natural before a simple adjective even when 'very' is not strongly stressed.,approved,
gnote_0479d3a5297542dc9b177a76340909b8,glesson_4352b1a2159746fd89c742e39cd0668f,,1,constraint,"都 scopes over the set to its left, not a noun introduced later in the sentence.",approved,
gnote_dce3879673c045a4bc8c3532897ad067,glesson_ba7347a31d784cbca5182e1d566478fe,,1,usage,正在 is more explicit and emphatic about the action being underway at the reference moment.,approved,
gnote_685b8d3e7c28480cbed6f21ec83d19be,glesson_25b211801b454d9ba2a99a519ff3d998,,1,usage,A time expression such as 明天 can clarify when the later repetition will happen.,approved,
gnote_ae73e51817ee464dabee784d23b6aa23,glesson_7fb2f8481a4c4d02942993747c989fcc,,1,pragmatics,Both depend on prior or understood information; the sentence presents something as additional rather than isolated.,approved,
gnote_1eaf36df764d4318b8ad880a5d4e7374,glesson_8045fc9617b844d1bea15d13eeab2498,,1,constraint,Completed-event negation uses 没 without perfective 了.,approved,
gnote_5705716323274d589d422d9004348d5f,glesson_774188c53155422ea5f9f9d9176814f4,,1,constraint,Keep the 在 phrase before the main action in this beginner pattern.,approved,
gnote_2c7154fd3a0543d699ae2126684c0a51,glesson_74aaea9ca06346b8b9c1126fb6e0915e,,1,formation,Both prepositional phrases normally appear before the main predicate.,approved,
gnote_d4a1f9f4d16c448b9351ca11ae74b24b,glesson_0e77d991e9a346519efa66a6c5882497,,1,constraint,"A and B should be grammatically parallel, such as two nouns or two noun phrases.",approved,
gnote_85c157f89aa84766a95365f0bef85407,glesson_a74fcd39ad2c4fb59a14ed3cf69e5f45,,1,usage,"The modifier can be a pronoun, noun, or descriptive phrase.",approved,
gnote_0c9fccb5667e42fd823f190f31dfc3ee,glesson_1a09481348024cffac4caba31e71ccb6,,1,constraint,Negate a nonoccurring completed event with 没 and normally remove perfective 了.,approved,
gnote_a28c19aae1aa44c09fa5d484f4554b5f,glesson_5a0310b4cf854089997508807c121c78,,1,constraint,The syllabus indices distinguish functions; they are not pronounced and are not written in the Chinese sentence.,approved,
gnote_bada858cc8f34a56a8782a361f379d48,glesson_b94351c5fad2413b9981abea6bd8ba95,,1,pragmatics,"Intonation and context determine whether 喂 sounds neutral, urgent, or abrupt.",approved,
gnote_ae8a73ae4b2742aba3479e87b20f74b9,glesson_8a50ad5ec1cf47199bad98e7b15fbbfb,,1,usage,Nouns commonly use 和; compact paired expressions can occur directly side by side.,approved,
gnote_d79d778f9ce440cdb4c333a1fbabd57a,glesson_2168b15d20824e47b75dfa55e28dbf3b,,1,formation,The head carries the phrase's basic category; the earlier material modifies it.,approved,
gnote_8006a3624946448ebef888eb466064e9,glesson_1fc581dad530442fa886235a4e4f7d9d,,1,usage,A verb-object phrase can function as the predicate or as part of a larger construction.,approved,
gnote_7222bd681c9744e5a54a58602d96fb4d,glesson_4d919eed7b9347febdef9633d1781586,,1,usage,Identify the internal relationship first: who or what is the predicate about?,approved,
gnote_ac8609eac66f460ebeb3d9a97bc66acf,glesson_550e903fb0ab4a659570c5c0220af87d,,1,formation,The numeral and measure word form a unit before the noun.,approved,
gnote_ccbd8224349d4306a63f94200ce4c5fc,glesson_627f84e67bba43b397e2c78ba24d0683,,1,usage,"At HSK 1, the complete phrase normally precedes the main action.",approved,
gnote_2b761aef07c1482f87ff577762fc9f6d,glesson_9a5f822d74fe4c839e358a1bc3acfd9b,,1,usage,The resulting phrase can follow 在 or serve as the place before 有.,approved,
gnote_e7507595df244dd6b161b2c8169fe6e0,glesson_29e6003d76324040b5569af989f757da,,1,formation,The subject normally precedes the predicate in the neutral order.,approved,
gnote_46da22573d864f40bdbacc2bea7c9328,glesson_4eb138b94d8f4d2995ed9c5d082a8f28,,1,usage,"Common HSK 1 nominal-predicate domains include dates, weekdays, age, and measured values.",approved,
gnote_89b6e4e8565c4828a1692351263653eb,glesson_a7ca54ff385649f5a6c3f1bfa66f4cba,,1,formation,Place either predicate type after the subject in the neutral simple sentence.,approved,
gnote_73ec6f0bc9a3424cb83ff7529834815b,glesson_537d191c1b5c4bb596cb5b0152173131,,1,formation,"Identify the verb first, then ask what or whom it directly selects.",approved,
gnote_d1fa955a86a8404ab964b7d87c43c4c7,glesson_27ecd777a2564adaafe8770a1d6b61ba,,1,formation,The attributive and head noun form one larger nominal phrase.,approved,
gnote_606695fc176c4c80bd4d9d439076487b,glesson_fc44a931c80d4e79b32a28b5c7e4c29c,,1,formation,"Order broad time before place, then place the most tightly linked adverb near its predicate.",approved,
gnote_5a9cd7d716b44272b2ce6ab4c8ec4896,glesson_59f6ebf93bea45fc8fd173609a6b93f7,,1,pragmatics,"In requests, 一下 can reduce the weight of the command without removing its action-measure meaning.",approved,
gnote_9b7e37c6926d497080051f0107d238fb,glesson_d3d1433d431346659fad3a64d2d182b4,,1,usage,This is a sentence classification based on the predicate's grammatical type.,approved,
gnote_65a85bfb4faa4d4c8d940aded57d73ab,glesson_65cef66ccadb4bda94ba9c6ba8ee5533,,1,pragmatics,A bare adjective can sound contrastive; 很 often gives a neutral descriptive reading.,approved,
gnote_0548ec63f8114e4aa6bd6cd9fd72308f,glesson_605ba97eb84f4d5980bf26497ddab505,,1,constraint,Use this construction only in established nominal-predicate domains at this level.,approved,
gnote_302d973e954d4198995adc600284d17f,glesson_30e3fcafb95040e2a6f3deee108b10e8,,1,usage,"Weather statements, calls, and short situational expressions commonly use this form.",approved,
gnote_5a2bf3aac134465280b35b452049a751,glesson_516cbfcecf1e41348048f4929d6e3627,,1,pragmatics,A declarative normally presents its content for the listener to accept as information.,approved,
gnote_6598641e95074952a943c7637ef67b83,glesson_09d85cc1ba6e4814b12be153e06f304c,,1,formation,No subject-verb inversion occurs.,approved,
gnote_6d43c409dcd145628ebe7c969e7460d4,glesson_c64087e117dd44169bd7781d5af92a73,,1,constraint,A specific-information question normally does not take final 吗.,approved,
gnote_5bde8e984ce948589248e07040974173,glesson_9cce8dd18eab4193b8fd140c593e243a,,1,usage,The answer can repeat the positive predicate or give its negative form.,approved,
gnote_bbeaebff213842df8b3da64fc4d4a991,glesson_53b9d25d39a241d0a380f9f6971ed5b3,,1,pragmatics,The understood subject is often the person being addressed and need not be spoken.,approved,
gnote_fa9b197014904215b8ed036686efa5c7,glesson_9529a9ee5dd346bcb03610816cefc5c7,,1,pragmatics,Degree words and intonation commonly carry the speaker's evaluation.,approved,
gnote_e75e673ec0fc4dcba4bb64863d54817e,glesson_7e7ea63f64d44d4882dfecb1f9a1b809,,1,constraint,Negate this pattern with 不是.,approved,
gnote_dc4ff64022db4bccbbaf608483aaa834,glesson_cd34aec214fe4a9cabbf2f3af75c073c,,1,constraint,Use 没有 before the possessed item for the negative form.,approved,
gnote_a2ae6e22975642a48a33408bcb6de985,glesson_a969cfb59bc94ffe9e4cfe7d987bed9c,,1,usage,This pattern identifies the entity at a known place; the following 有 pattern instead presents an existing quantity.,approved,
gnote_94ffda16087f442d8cab2707364bb81d,glesson_2591dabcc1884f9abb97f4a2f22ff0b6,,1,pragmatics,The entity after 有 is typically new information and often has an indefinite quantity.,approved,
gnote_49a34ccf611b49c6a35f3c2f83bfb427,glesson_da3d25b747b946389f9953cd5238b2f2,,1,constraint,Do not add a conjunction between the two verb phrases in this basic construction.,approved,
gnote_7ee8b04ad302483e9e8a6a58e0374b94,glesson_63b7cbccafa74b23bbd5aa16e6d062da,,1,usage,Transport expressions such as 坐出租车 and 开车 commonly supply the manner of 去 or 来.,approved,
gnote_b28d36e2a2d44981959d1678b1a37322,glesson_48a062355f864c48b758a0b01ef35199,,1,formation,Both objects belong to the same verb; no second 给 is needed in this basic pattern.,approved,
gnote_9e660f79615e4430b9f477e74f2bd6ca,glesson_2d8af7f2d3cf4844a8b8092c733e4ae6,,1,pragmatics,"A natural time, cause, or event sequence lets the listener infer how the clauses connect.",approved,
gnote_cd6dd278dbfa409b923f33c1b091a21c,glesson_db21663d6ac94570a7bf0deebcd4c748,,1,pragmatics,The repeated or understood comparison creates the parallel reading.,approved,
gnote_d3c7f60bbfa6464f97af93da0187c55a,glesson_2232c0c8bc1142afa9218cd5d1ed8c8b,,1,pragmatics,"还 often feels like 'and in addition,' so the second clause expands the information rather than merely matching it.",approved,
gnote_8e1886b1d34b44e6a258b4d9d3f33ff3,glesson_1c532271cd2640b49271c5a329873b24,,1,constraint,Use 没 without perfective 了 to deny that the event occurred.,approved,
gnote_3adc1ea13f184cd0ac216df41a0a1c9c,glesson_e905b001675443aca8517dd361e94872,,1,pragmatics,Context supplies the earlier state against which the change is understood.,approved,
gnote_fe28409ac0a44875af7ceed1035b66b5,glesson_36fbed7cb60f418fb1fcde9d82fc8d3c,,1,constraint,"Progressive aspect is suited to ongoing activities, not every state or identity predicate.",approved,
gnote_dea730f61fcb4e9e971bb74d6ce0cbb8,glesson_f5920fa0a3c042a48c647c76dd37c313,,1,usage,正在 is the more emphatic preverbal choice; both variants can close with neutral-tone 呢.,approved,
gnote_95487de7d0674dc797dba4b8f93ecea1,glesson_21bd039e25d64151956190fa42876f2f,,1,pragmatics,This compact form is especially natural when answering what someone is doing or correcting an assumption.,approved,
gnote_60dc76618afb4e0595aaadf8a1217c37,glesson_7152d114a79049a4993f58b6c7847994,,1,usage,A price can serve as a direct quantity predicate after the item being priced.,approved,
gnote_f51effb0073a44e8ad790fc8d0e929a7,glesson_945b84d2096b4309acee40e0e2adbc2b,,1,formation,The tone of 一 remains first tone in the ordinal number 第一.,approved,
gnote_45d3cebcd6504985b32948d091a7fb62,glesson_558b9ebc01934fa89f4eecfe76570426,,1,formation,Read the digits of a year individually; read month and day numbers as ordinary cardinal numbers.,approved,
gnote_c8f41575c76947799839efb61435923f,glesson_8e74d0cdc0324dcaa7ace1d175619c98,,1,formation,"When the minute value is understood in ordinary speech, 分 may be omitted, but the full HSK 1 formula keeps it explicit.",approved,
gnote_c0833ff0a0974f538dd00c51bf5ade3a,glesson_b8e097ea884c4549b8f6422ad2a796a0,,1,formation,"The direction and 面 form a single location word, such as 里面 or 后面.",approved,
gnote_38e2e00ee2d24cdab177efbb2989b204,glesson_8b0a999cf2e14b5ca047ac7de31d2997,,1,formation,Add 边 when naming a relative location: 左边 or 右边.,approved,
gnote_5b62909fc6674c408b7425bc1cd12e50,glesson_a91ecbb9ff784ac392a137fb2dbd5cdf,,1,usage,"AA, A一A, and ABAB commonly soften requests or suggest trying an action.",approved,
gnote_94a8f97620a94cbe9509fa93ee06dd6a,glesson_a91ecbb9ff784ac392a137fb2dbd5cdf,,2,usage,A了A reports that the brief action was actually carried out.,approved,
gnote_68e3c7d740d94c75bbcce0bc8d593938,glesson_9e1e81c523f44c8cbc6c147e92033433,,1,formation,可能 normally comes before the verb or adjectival predicate it qualifies.,approved,
gnote_de25a51ed2424cc5912d0acb3a99b157,glesson_9154adcdd1eb445d81f9f1b9e0f52031,,1,usage,"The four syllabus items are 帮忙, 游泳, 跳舞, and 跑步.",approved,
gnote_2bc1174f20db47778c13f1c13b079cff,glesson_9154adcdd1eb445d81f9f1b9e0f52031,,2,formation,"A classifier can enter the word, as in 帮一个忙.",approved,
gnote_947fc982e0834ffc9de1b6ed99109842,glesson_5e7829e104354662a78adeb2b1d2dff9,,1,constraint,Do not add 吗 to a question already formed with 为什么.,approved,
gnote_538eb133ba064ea3b7537515c29a60f9,glesson_80527658633340f598660551f1dd2e41,,1,usage,"Before a verb, 自己 can emphasize doing something without another person's help.",approved,
gnote_8fbeea98136f4995bf98920b8418ab92,glesson_80527658633340f598660551f1dd2e41,,2,usage,"Before 的 + noun, 自己 identifies something belonging to the relevant person.",approved,
gnote_b591854b4c13434e9be113e14988388c,glesson_125dc9b62eb74fe4bbc800701647cd66,,1,usage,这么 and 那么 commonly modify degree; 这样 and 那样 commonly point to a way of acting.,approved,
gnote_7b83870bc4b642b589da02a4e62ba044,glesson_cd8068aa406c4cf9973d0172420ae334,,1,formation,Use 的 when the reduplicated phrase describes a noun or forms a descriptive predicate; use 地 before an action.,approved,
gnote_252470baf7dd4dce82a015ad1d4ac2e5,glesson_44413e91370f40a69c2f6302b2076397,,1,usage,万 is an exact place-value unit; 好多 and quantity 多 can leave the exact amount open.,approved,
gnote_5b8dfdd17c194a948b85ae6c74e00e30,glesson_48ee165d96084cee99e07d3fc899fa39,,1,formation,Place the classifier between a number or demonstrative and its noun.,approved,
gnote_327161319466450dac38ec418e5d330c,glesson_7120c20f6c874ce5b1af39be029dfd59,,1,usage,The noun naming a package is borrowed into the classifier position.,approved,
gnote_6eb73e79db074fccbb6b79b783a1b923,glesson_2ada6849a2bc4a1f9e2abad367cf7408,,1,formation,"Use 两次, not 二次, for two occurrences in ordinary speech.",approved,
gnote_683b8c77d3694c4fb847b3ed5b4c278a,glesson_1f5b7591c8de4534a071d4e868fa3f63,,1,usage,多 and 好 are expressive here; 最 makes a superlative comparison.,approved,
gnote_c5f263ed96904623aa0666a4d74ee06e,glesson_c9eb971d6b9c48a191b9422e545b52e3,,1,usage,The participants may be a plural subject or be established by context.,approved,
gnote_e8323e857fb64bf39932035b135ede86,glesson_32b7676dc1714d9390f46157a5251722,,1,usage,有时 and 有时候 are interchangeable short and full forms in these examples.,approved,
gnote_258b8f6a2aac4650a65adc21bf8fc4f6,glesson_32b7676dc1714d9390f46157a5251722,,2,formation,"正 commonly combines with 在 or final 呢, but it can also stand directly before the verb.",approved,
gnote_82377b5237eb4ef1bbc22f8fd4d0bd10,glesson_8b5643c69b5541b087e6806ecef94f7e,,1,usage,常 is shorter and can sound slightly more compact; 经常 is common in neutral speech.,approved,
gnote_abd1b2dbb06842beac57cc6ca69d8701,glesson_8b5643c69b5541b087e6806ecef94f7e,,2,usage,The reviewed examples use 经常; 常 remains an explicitly listed member of the official grammar inventory.,approved,
gnote_f5ece8fdb2694d41af57dc604fb7fcf6,glesson_6eec0008af9b4d6fbc582149b6303e6e,,1,pragmatics,Adding a subject can make the intended listener explicit; context often makes it unnecessary.,approved,
gnote_4c868af4c7dd45478f09d798b19683ca,glesson_645bec7bf7d34fab8a8a2dd3559217e8,,1,usage,These indexed functions connect events; 再1 elsewhere can simply mean 'again.',approved,
gnote_d1b6d71d763a4c668749c7ad4544899e,glesson_527c85c04e5b411f83b5db806dc52df8,,1,usage,The syllabus numbers distinguish these discourse functions from earlier or connective uses of the same surface forms.,approved,
gnote_40b401f2799e4bcabe8c95189fbb2912,glesson_55984ca37edd412280de4d44daaa9275,,1,formation,A complete range can use 从……到…… for its beginning and end.,approved,
gnote_37181a93b0904f459fe5d5308cd9af7d,glesson_6d2bab0c242a402a809aabb3179c3e00,,1,formation,"Direction words such as 前, 左边, or 里面 can follow 往.",approved,
gnote_66eadae7e2684ecb9d440192e28079b0,glesson_5e8e696279814a90be92d5a941dd0a09,,1,usage,Directional complements such as 过来 or 过去 can make the movement perspective explicit.,approved,
gnote_3879e8fc7cf54d98bb34a87e728809ec,glesson_77963a8dd549420597887a52f0701f48,,1,usage,Context and word order distinguish prepositional 给 from the independent verb 给 'to give.',approved,
gnote_999c23932e08475c871ef4234247c65f,glesson_a0dc28dcfc874f248315ca3e394ff720,,1,constraint,Do not add 是 before a simple adjectival result such as 高 or 冷.,approved,
gnote_a92aab3adb25441d90e86caadeb45648,glesson_db995a72a5ac4c5b855161e5e39a7d72,,1,usage,一起 can be added when the meaning is explicitly joint participation.,approved,
gnote_214eeb6abeb5496bb1f68468e16e5bd4,glesson_46b84a7de49e4772a750a61d5bec8cc9,,1,formation,The reason phrase stays integrated with the main subject and predicate.,approved,
gnote_ba8c69f6e40a4df9bdf0b30c28f42162,glesson_77b3c6754a5e4c1d97dc166a76a2db8d,,1,constraint,"At this level, use 跟 to join words or phrases, not two independent clauses.",approved,
gnote_25685182a67343489130b2be9698e245,glesson_b49ce6a5128c454fa3be3acb1540abf7,,1,usage,但 is a shorter counterpart of 但是.,approved,
gnote_ac2e7bb3d31f4c0c839ea8551acd43ee,glesson_b49ce6a5128c454fa3be3acb1540abf7,,2,usage,"虽然 commonly anticipates a contrasting second clause, while 因为 commonly anticipates a result.",approved,
gnote_2e6ef55e15894a4fa83cb95bfacf24cf,glesson_15acb1d75c46459f99b079ced557b9b0,,1,formation,Their opposite positions around the verb reflect their different grammatical jobs.,approved,
gnote_ba607b1d9dbb448b9fd6c486954a89a0,glesson_e8f9265e5c9d4c4f8dcdc6d045857372,,1,constraint,"In a negative experience statement, use 没 + Verb + 过.",approved,
gnote_1e24ccd19e014495a7fc7f25204bb9d1,glesson_8b55af09f88745a6af81c4cde9573d68,,1,usage,The surrounding verb determines whether the continuation is understood mainly as a state or an action.,approved,
gnote_e80c90e358eb43c48725fcb300448471,glesson_ae778daeb15447bea503c3e2bea7e4a2,,1,usage,吧2 differs from suggestion 吧1 because it asks the listener to confirm an assumption.,approved,
gnote_cf2a5adb8be04cd083607de4a9723478,glesson_ae778daeb15447bea503c3e2bea7e4a2,,2,usage,Sentence-final 的2 does not modify a following noun.,approved,
gnote_52c38034fd2e4f36a67e5b323487abfe,glesson_36e95abd2250415aa183464effa23390,,1,usage,Result complements and 得-complements are two HSK 2 examples of this broader structural category.,approved,
gnote_c53f8718b5824b598597a34be40e1e6d,glesson_36e95abd2250415aa183464effa23390,,2,formation,The complement follows the verb it completes or describes.,approved,
gnote_40e5bd71a8254370ad9c3dfc64b3795d,glesson_bee3f7b4aa384c42b6795c0adb6d56f9,,1,usage,"The modifier may describe a property, possessor, or action associated with the understood noun.",approved,
gnote_128c78189faa4547a35e948be543b83e,glesson_5de2d33fd67d4f0ea3f7855d4e242d82,,1,formation,The first action may enable or provide the setting for the second.,approved,
gnote_beaa6f4ec1184934aac3f91d6ceec860,glesson_6d88ea2c75964933848765ca878452de,,1,usage,"Common HSK 2 first verbs in this pattern include 请, 叫, and 让.",approved,
gnote_65389f0f40be4da79ba53db1d0686b62,glesson_d7e5255c5b514cceb4c30bfa044800dd,,1,usage,Nominal phrases can identify people or things and can occupy subject or object position.,approved,
gnote_2c2416a65b6f4b0298f4d698a8a628ba,glesson_5bedc574f1b04b7d8102149208a70c88,,1,usage,Verbal phrases range from a verb-object unit to a longer sequence with time or aspect material.,approved,
gnote_5d76ad2e67c142b89b10c14db1fcef97,glesson_20fbb3d2482a4bb1b9e153a9ad33fbdf,,1,usage,An adjectival phrase may be a predicate or may modify a noun with 的.,approved,
gnote_53888ccaabcf4b5d84b7c7b576a8f06e,glesson_e3981bef253e46c48e9f20daecf6002f,,1,pragmatics,The expression is common in informal speech and keeps the remaining items deliberately vague.,approved,
gnote_96a1d2d610744bd293bf537f8c66022c,glesson_1c115b4f31ce47338c90eacee08d91c1,,1,pragmatics,The construction often implies that another option was considered and set aside.,approved,
gnote_1026049f57f347d6b68ca96e287bd087,glesson_05bde99c7379415a9e1067abc6f1e4ce,,1,usage,快要 emphasizes closeness; 就要 often adds a sense of immediacy or a known schedule.,approved,
gnote_b62511c862544e6c9a50c0dd35ad7db1,glesson_5029adfdc6f545af98383219c99bfa91,,1,pragmatics,The pattern often prepares a reaction to the lateness or extent of the situation.,approved,
gnote_d197ae4ffe4340e7926848d0bf668c45,glesson_badca6da43d5461281a859c1d488ba49,,1,usage,This word order is natural when the affected item is already known or is the main topic.,approved,
gnote_b0d17af3c3884873b8726669d89fad73,glesson_9ef8d5cea59d47638f54e8f4a61765e1,,1,usage,Time and age expressions are especially common nominal predicates at this level.,approved,
gnote_eded28183d0b4eb9b639b709af316329,glesson_8f0d645b2a3f4c93abb66903f3c5558f,,1,formation,A verbal modifier has no expressed internal subject; a subject-predicate modifier includes its own subject.,approved,
gnote_3b6f7d8ba78c4829af826c674f974f6c,glesson_47f3b0ed04bf4a36a6956dd0695c632a,,1,usage,"Choose the complement for the result: error, comprehension, readiness, acquired skill, or completion.",approved,
gnote_412697eb66bc4318ae79ad11999a8fdf,glesson_01b862ef28b441d2bc831c4224c8cc4a,,1,usage,The same physical action can select 来 or 去 when the conversational viewpoint changes.,approved,
gnote_fe4357e5e4e4459b930b21297b706147,glesson_f31d698d638445f1a9feb41d157fe04b,,1,usage,The six complements encode distinct paths; later compounds add 来 or 去 for viewpoint.,approved,
gnote_4557f93b08544f3b83fff1a515262cea,glesson_ee41e6416f824d27b1eb8c57691de21b,,1,usage,起来 lexicalizes the upward movement without a contrasting 去 form in this inventory.,approved,
gnote_414451b4c6e64d1e91034f1231f6c4ad,glesson_ede1b62f33a6494a85014b585331b428,,1,formation,"With an object, a common order is Object + Verb + 得 + Description, as in 汉语说得很好.",approved,
gnote_4ad2d7cd78ee475da226ce35b645f294,glesson_c3771e2abd7742728367260732b013c7,,1,formation,Simple intransitive actions can take the duration directly after the verb.,approved,
gnote_9933557f26dd40fd9bb71734164e9d6b,glesson_ffbf32e9af2f483ea949c0ad313f0001,,1,usage,"Age, price, and small degree differences commonly appear in this structure at HSK 2.",approved,
gnote_1ee32f4d5f974a109aaf2bac3b408b1f,glesson_a6853982d0af406fa888be25a7d45bd3,,1,usage,Body-part descriptions are common: the person is the topic and the body part is the internal subject.,approved,
gnote_73b77362f07041acb809610436dd0e86,glesson_52acdf2be231401cb6641db150ed1b78,,1,formation,Repeat the verb when the alternatives involve different complete actions.,approved,
gnote_55d037c6f5ef463ca917b9e6038f8fd3,glesson_b26122dc1f28458583e65e8d71623385,,1,pragmatics,"Tone and context determine whether the sentence sounds like advice, a warning, or a firm command.",approved,
gnote_4010c2ff09074ac0b49207901d38f6e0,glesson_a35f4c8b3a7545ddbd5495e9946d2dd3,,1,usage,A color phrase ending in 的 can serve as the descriptive expression after 是.,approved,
gnote_18a1af0afa024d72b2f2bc8be5b26150,glesson_a7c3f16190ef479f9dc90866f0f19fd3,,1,usage,The pattern commonly describes an activity that began earlier and remains relevant now.,approved,
gnote_ac916cb7625b484fa30cd72a7c150aaf,glesson_8406c000714148ed93355a655ae380e4,,1,formation,The post-verbal noun phrase is often indefinite because the sentence introduces it into the discourse.,approved,
gnote_c86d4148e2c34a4daeb638e9f246b4c9,glesson_8cd3774517fc4724be7340812ecbe749,,1,formation,A and B should be comparable in the property named by the adjective.,approved,
gnote_e4b438bc12974124a71f5e75970e9043,glesson_3eb252ea7d424841a3152d08aa6cc546,,1,usage,Use an exact measure such as 两岁 or an approximate degree such as 一点儿.,approved,
gnote_41877059cfba40518c59f6f4854799a1,glesson_6ef576543f8541009ddc1864bf774cfb,,1,usage,这么 and 那么 make the referenced degree more explicit; context guides the deictic choice.,approved,
gnote_2ec5f93d6d1a492aa501206f17bfd77b,glesson_0d882781e8774e09858c603addc4ffee,,1,formation,Keep 得 immediately after the performance verb in either variant.,approved,
gnote_4145aa4e6de9468c94416dcd0372e19b,glesson_ffe80b1988b84769a16676ccb04b2e61,,1,usage,"The focused material can be time, place, manner, or the event's doer.",approved,
gnote_fd8509cdb88f49d0b23dccb820edb004,glesson_ffe80b1988b84769a16676ccb04b2e61,,2,constraint,Do not use this focus frame for an event that is merely planned and not yet realized.,approved,
gnote_f7613f8308684447aa3ca8a7ef521b97,glesson_1498a4583ff14c99892cf06f0b72f6e6,,1,pragmatics,"请 is polite, 叫 commonly conveys telling, and 让 can mean either allow or cause depending on context.",approved,
gnote_892f62f586c94c7aa50b33cd16867efe,glesson_993586dc6e8f4916b41298d63695c08d,,1,formation,This order differs from prepositional 给 + Person placed before an unrelated main verb.,approved,
gnote_636f4636fb914edebde4bac298513923,glesson_68db8b2f6deb4411af949bf10e1bb513,,1,usage,The initial 是 can frame the contrast but is not required when the alternatives are already clear.,approved,
gnote_d59e16b286234e999307ae3e9e5407f8,glesson_03c64f5939e34fb5ae2e9318a50693cf,,1,usage,"但 may replace 但是 in a more compact version, but the full paired format is the target here.",approved,
gnote_c4a8e47471084b118d4adc12f0ced605,glesson_cd8a7497afe54bbeb49b0343599ed9ec,,1,usage,"In context one connector may sometimes be omitted, but the full paired construction displays both roles clearly.",approved,
gnote_e786588634a6427fa75d0fb70aa506a6,glesson_6f0127d426cf4bf68701631287733166,,1,usage,The construction can describe a specific immediate sequence or a regular whenever-then relationship.,approved,
gnote_632b0c862ede414dad84f5dfffc5f2e3,glesson_8ff45e3161d942abb8dd0470128fe4d5,,1,usage,"Open, held, worn, and seated postures commonly receive this state reading.",approved,
gnote_28777813d581430997f25aea79012893,glesson_5e4c4bb2dc1543c1b1e7afbef39ca393,,1,usage,This function emphasizes the continuing activity rather than a resulting posture.,approved,
gnote_6257e6373f6947409d5ab8c14d3a2f50,glesson_850e51837bbb4d249c84d673457cb2e1,,1,constraint,Negate an absent experience as 没 + Verb + 过.,approved,
gnote_a392386ff63d467aaa45ec0c171de3ab,glesson_e77d15c96ede4ed4b4125715ee306f3a,,1,usage,Floors and calendar dates commonly omit 第 in ordinary expressions.,approved,
gnote_df94b6e5f94c4730a1db4a7fbb02892a,glesson_00381ffa4caf46d8a88816e5c574b3e9,,1,usage,Aspect and sentence context distinguish an approximate statement from an information question.,approved,
gnote_eecb4c700ca342e3ba1816d8eed633e9,glesson_dd80611de9834c14b69a9d00ac756445,,1,formation,The base is normally a round value such as 十 or 二十.,approved,
gnote_fc816ce88f9e4cfb9a0916bacdfde667,glesson_237b83ef82744366b4ac454c615a734f,,1,usage,Time quantities such as 一个多小时 and 两年多 commonly use this order.,approved,
gnote_3ff943472d6b432e999b34ad19273538,glesson_6e7cfe6abe734612a4e5a72de1210257,,1,constraint,Use 老 only with conventional or contextually natural human labels.,approved,
gnote_da6ebb6ff8424ac19303e23a00b64a29,glesson_32471e0e6d8446e5baff7c10a29196dd,,1,usage,Learn the resulting forms as whole words while recognizing the contribution of the suffix.,approved,
gnote_3473f69672214ba586281e8d3c2d8a05,glesson_d72c52c17a7d49bf9fd6547f5900dcbc,,1,usage,Single direction nouns and 方 forms can identify an area; 中间 locates something within or between references.,approved,
gnote_d032bad3aa1c452cada621ce020debb0,glesson_ea19a49bbb6e415c8b9f24bb7aa1432a,,1,formation,These modals normally stand before the action they qualify; 需要 can also take a noun object.,approved,
gnote_c7db3d4f85db44c18bb4d175c5746d62,glesson_ea19a49bbb6e415c8b9f24bb7aa1432a,,2,pragmatics,"应该 gives advice or an expected duty, while 得 often presents the necessity as immediate and unavoidable.",approved,
gnote_f4ad702d68b94a3d8525f10d9caa38fd,glesson_d30968a42f4b4ef49c213b6271e5f4f4,,1,usage,"At this level, use each form naturally as an activity while recognizing its internal verb-object structure.",approved,
gnote_a52faecbfcc644d5baa73ca4ab2fb3ef,glesson_4b17ca4cd44f43268595621fcd28cb0b,,1,usage,"离开 commonly takes the place left, 完成 takes the task completed, and 分开 describes separation.",approved,
gnote_26aa215c41014129ba862f7bb62e2220,glesson_867901eb059049e79b6ff537b4ab9bed,,1,formation,The answer replaces 怎样 with the requested manner or description.,approved,
gnote_9373aba9e88a473da4cf731d0adfb883,glesson_5d546dc5765a4b47a1819003e41f0888,,1,usage,"Translate according to the question word: 谁都 is 'everyone/anyone,' 什么都 is 'everything/anything,' and 哪儿都 is 'everywhere/anywhere.'",approved,
gnote_b7fc9a0faa944391b2881bd117094cac,glesson_bea2dc463fb3437fac779d881872add9,,1,pragmatics,"Words such as 想, 好像, or an uncertain context often support the indefinite reading.",approved,
gnote_b09cd2ed072743d9a1c2fbe8d0ea3bd8,glesson_b6e0bf6e6140401d949ed1cd7a5e44a2,,1,usage,"Both forms can occupy ordinary noun-phrase positions as subject, object, or possessor.",approved,
gnote_ed698f9ef3da4c8b9a64dd027b347802,glesson_64a50251c82e4b31bf9ccb111190ae9f,,1,formation,Both can modify a following noun; 别的 can also stand alone when the noun is understood.,approved,
gnote_c7fa99ca4faf4407880889de642a49ce,glesson_df7aa22167ec4fc7b0f03bf2ab4b61a9,,1,formation,Place the selected measure word between the numeral or demonstrative and the noun.,approved,
gnote_a4cd9090938c435db838d31b845b984e,glesson_df7aa22167ec4fc7b0f03bf2ab4b61a9,,2,usage,"Weight, money, time, and length measures function as units after numbers, while classifiers such as 张 and 辆 select noun types.",approved,
gnote_5e2a8e8bbdfe46d996b3f387946b51ca,glesson_c3df0eb303974d85aac4214ca6128240,,1,formation,Put 碗 or 盘 after the numeral and before the food.,approved,
gnote_20996940993a49299ecacfcfbdc1dde7,glesson_e8773bfc98ae4f038b8e6a18d2d6ac8c,,1,formation,"Place the numeral and verbal measure after the action, with any object positioned according to the verb's normal pattern.",approved,
gnote_91fab89df26f470dba83625ed260bb32,glesson_67af68618b554c8e8f28c44bd041bfce,,1,usage,个个 is broadly useful for people or things; 张张 distributes over items counted with 张.,approved,
gnote_40517d33b9894b24b7af942be0871e6d,glesson_5f556af650a944789b0f58310ea9ff13,,1,formation,Most members stand before the adjective or mental-state verb; 极 also appears in the complement 极了.,approved,
gnote_1ec88d17cc8f495c9894e13a487545f7,glesson_17962a7ae6a74a4daa7a09ae22c027e3,,1,usage,Place the scope adverb before the expression it limits or quantifies.,approved,
gnote_424a1f5e519d460c8473b10769880909,glesson_07762125aabd4d749cf0f1832fee99fd,,1,formation,These adverbs normally appear before the verb; 先 can pair with 再 or 然后 to order actions.,approved,
gnote_0606e3ea09fd416caa1b9210805dd7f1,glesson_89059b179fe648e5b7ae36f476083e22,,1,formation,Place the frequency adverb before the repeated predicate.,approved,
gnote_859584fdc419431c8aa2381b3c10b83a,glesson_5fb2d0bf9f384280a2d05a727fbc624e,,1,usage,"When the subject is shared, state it once before the first 一边.",approved,
gnote_fab63f9c3a444bc39b9d1b689f7ba53b,glesson_177b3691e5374b388530d00a7c05979a,,1,usage,"Place these adverbs before the predicate or quantity whose certainty, necessity, or approximation they qualify.",approved,
gnote_6d4b8b7bbd5740649069b2b8249abaff,glesson_9e20456f2fa34fdeafcb9d9f0c07e386,,1,pragmatics,These forms organize the speaker's attitude toward the proposition rather than simply locating it in time.,approved,
gnote_b07727b6bc2e40d19756da01e4c5f68f,glesson_69679885521946b7a6801b6ca1c2716d,,1,pragmatics,不必 can sound slightly more formal; 不用 is frequent in everyday reassurance and replies.,approved,
gnote_f2aa883719ab4d1a832bf22ad1d73b34,glesson_0ca9c57f33894bcc9dfd898fbacfaf78,,1,formation,All three prepositional phrases normally appear before the main predicate.,approved,
gnote_2bb1781da3a74fb9b020b2ff9dec1ee1,glesson_309a16f37538472988dbe46293b62779,,1,usage,"Common direction objects include 左, 右, 前, 后, and place nouns.",approved,
gnote_015ecdfdaaed4fc6a9d98d2132ed7441,glesson_c8f640cc55c34c5ebcf4f8c68c0f9a83,,1,usage,The purpose or reason phrase can precede the subject when it frames the whole sentence.,approved,
gnote_162e386c6fb5438d87175af6b868e407,glesson_65181384815e48bb8984cea0ad0c86e5,,1,constraint,The object after 把 should normally be identifiable in context.,approved,
gnote_e5792dc65ba449489a2af20a426d1184,glesson_f8df5d8520dc416f90cc4c5f48366344,,1,usage,The 根据 phrase often stands at the beginning of the sentence but can also follow the subject.,approved,
gnote_43150d06c798419198afa41c37842bde,glesson_86045223657d499287380b3408184831,,1,formation,Place the conjunction between parallel words or phrases of the same grammatical role.,approved,
gnote_f59dd727d14c441ba0db8306ebc6e539,glesson_3e69ae1cd06d466fbbd76b265b767a9b,,1,usage,These connectors establish an explicit logical relation; later sentence-pattern lessons develop their common pairings.,approved,
gnote_cae99cc43cb94961ba1f22a3b7c172ac,glesson_00d57d729c7f4d23b440054ccc241d9b,,1,usage,"就 often introduces the result, but it is not required in every sentence.",approved,
gnote_91e944dea1bd48e28470cfb333b7def8,glesson_49c1ef7d1f3841548297a0b490d07b81,,1,formation,Put the broader reference and its identifying description next to each other without 的.,approved,
gnote_bfe3d5c036f74b5e9c81f7e839562a9f,glesson_5e921aa422d24b6a890431b12b32fc6f,,1,usage,This category extends earlier verb-complement phrases with additional complement types introduced at HSK 3.,approved,
gnote_a5ab9196401d4c90bb5dab617ab42bab,glesson_56c56a08a83a4a9fba7fb8f8edeac19e,,1,usage,"With 一, common forms include 一个一个 and 一天一天.",approved,
gnote_05844ec544304d20915700cd102f8f9a,glesson_c74f97e80cba4f0396cdf394f34eff1e,,1,pragmatics,The pattern often gives a neutral or mildly positive assessment of something being just right.,approved,
gnote_4648f2aae01d427b9e09d8210a8992f9,glesson_5f19781ab8ae438e8b3b96ed0eeba473,,1,usage,就 commonly reinforces the quick transition to the next event.,approved,
gnote_6c4ecf7e45ba482b9f4168f98e861a30,glesson_b0577291ea834c2d9ab205ab44afb00d,,1,pragmatics,The expression softens the speaker's commitment to the conclusion.,approved,
gnote_6bb1b77455f244e48933940a107cb920,glesson_17ce2c91cf0744cc88bc0f91363fc43c,,1,usage,The complete viewpoint phrase commonly appears before the statement it frames.,approved,
gnote_cc601379e6ed4e4ca82130b976170071,glesson_f7e879eb77834d0b821cb273f009fb0a,,1,constraint,Do not add 很 between 越来越 and the adjective.,approved,
gnote_a0fa12fa803e419e96df5aac261a8c41,glesson_a1dfe076faec4624ad1920ecf040d0c6,,1,pragmatics,This expression can soften an assessment by presenting it as an impression.,approved,
gnote_0cca3e05d6804f9d9aa4faa4c926aab6,glesson_f069e89cffa64b04ae56201517efa1f1,,1,usage,"The phrase often precedes an adjective such as 大, 高兴, or 漂亮.",approved,
gnote_685dd684c5ee4e3e9cb37db38d1d80fb,glesson_6846bb8213774651a3a0fc6f7ac335d6,,1,pragmatics,"The expression gives the claim a measured, non-absolute force.",approved,
gnote_510aff7083df4e40946c964b95c33116,glesson_316c9bec0f684aa884fe3be17c0d0fa8,,1,pragmatics,The fixed phrase often sounds less direct than saying something is very bad.,approved,
gnote_aff98a06ca5542379ee86b8f539de08a,glesson_9d70695e91ed42b9a1bf70af3cbe7279,,1,formation,以外 can be omitted when the relationship is clear.,approved,
gnote_5e4e6ff21c104fa9b4352a3b134cc348,glesson_2de4d47ffc894d33bc269b63cecd62ef,,1,usage,Time expressions are especially common in this pattern.,approved,
gnote_94533236cbbc4dc99c5ced9401d32248,glesson_86ade8b4e22942ec899e79e4ec99da30,,1,usage,The frame may begin the sentence or follow the topic being discussed.,approved,
gnote_eeacbbd7b5f04592934694b97f59bd44,glesson_dfd078bbb2674897a0fe8cbec750e3bb,,1,usage,The noun or measure phrase after 一 identifies what has a zero count or amount.,approved,
gnote_f76127a0db8f47f18f0fb9f7ac663300,glesson_6baf35e486cf4338aa6637ee28bd8262,,1,pragmatics,The pattern is stronger than a plain 不 before the adjective.,approved,
gnote_ec96acd2b6fc41db842ee79c52bcd291,glesson_6c2cdcd62e104b80b2eb3873a2b2787e,,1,usage,The two clauses may share a subject or use different subjects.,approved,
gnote_8a59d22907214d41889be06932853b21,glesson_31d755e440e645e5b0c80f741acaea2c,,1,formation,The completed time phrase normally appears before the main action.,approved,
gnote_7898f0ceff3c42a59f04c5340d742bcc,glesson_dcc7fa1a622346d5a68dd65fad261172,,1,pragmatics,"Tone and context determine whether the challenge sounds friendly, reassuring, or annoyed.",approved,
gnote_f414ac8f397547e485c000e29dd7c954,glesson_79689c9fb74747b391ce575ac4167555,,1,pragmatics,"Depending on context, the pattern can be a reminder, suggestion, or statement of obligation.",approved,
gnote_c3f689b343c7486cb67cb3190428babf,glesson_d0c6abcc416f408382b08b81f1e5aa2e,,1,usage,"Choose 上, 下, or 中 according to the intended relation, not as interchangeable endings.",approved,
gnote_20cf47887b7e416f98868623cc1bcfcb,glesson_0b941a74e636424585d377b2f70b4b2e,,1,usage,English often translates the verbal subject with an -ing form or an infinitive.,approved,
gnote_a7781c1f5dfc49028980f8b23ff5208d,glesson_931fa872891644ec9551798943541630,,1,usage,No nominalizing particle is required between the inner phrase and the main predicate.,approved,
gnote_ab0fc53427154ec8a842a53c02df3d19,glesson_d2efb4f8c516443bb43d91df0e487452,,1,formation,Common ordering favors possession or reference before number-classifier phrases and descriptive qualities.,approved,
gnote_777a484e2df146f2b72a5734f3de5021,glesson_f95efe2751dd4f9e8608c4eaa8b4e1e5,,1,usage,The verb-complement combination should be learned with the result it conventionally expresses.,approved,
gnote_371155d2d8344d09aa31568689482c0b,glesson_33ffecba3284470ea135a85bbe5d5923,,1,usage,"Common combinations include 看出, 想起, and 写下.",approved,
gnote_7930867481984ab598019c01bff52239,glesson_93490e12936e4c7eb4b0fe18d6f003ff,,1,usage,上 often suggests finally starting or getting access to something; 起来 directly highlights the transition into action.,approved,
gnote_081ea94859e74d829ff0fe857667629a,glesson_81a16c159ed04f33baf215dbe272a1bf,,1,usage,"The complements express temporal continuation here, not downward physical direction.",approved,
gnote_1746821a00464eb295b0936a88ef2bd6,glesson_cf0bf06ae7914411a782069d00b08c85,,1,constraint,Do not add 了 directly to the potential form to report a completed result.,approved,
gnote_00fa8a936ad24ea288b03a7ffa3d56a2,glesson_d55e66f484e44c9aa5ebbbf4fcded9b9,,1,pragmatics,The pattern can sound more emphatic or assertive than a plain 很 before the adjective.,approved,
gnote_1e1246dab0f94e21babf948d371ef352,glesson_46b1065e58094ca989310f1e3283e1e7,,1,usage,"极了 is broadly evaluative; 坏了 is common with experiences such as being tired, hungry, or anxious.",approved,
gnote_ac756f7ae87743dd980a07b47a75156d,glesson_a406d28084104510ad51f2f6d103ecc6,,1,usage,"Compare an ongoing duration such as 学了三年 with 离开家三年了, where the three years begin after leaving.",approved,
gnote_7b7d56b65c7b4731a989a3d677d30403,glesson_2e161ba40ebc413383365b8ee6d111c2,,1,usage,HSK 3 first lists 怎样 as a question pronoun; this row focuses on its specific placement before a verb.,approved,
gnote_5d5780c606fb4256b294a40aa1bb627a,glesson_662c3598b52345f1b16c437f9c50dd3f,,1,pragmatics,"Depending on tone, it can sound like a friendly reminder or a stronger challenge.",approved,
gnote_451c8bfd864d4ff99b14f0c47c8f8cf2,glesson_485f0c081660431cb26e6624feab453c,,1,constraint,A bare verb is insufficient here; 在 or 到 introduces the required spatial result.,approved,
gnote_14a43a87094e498ba297e2721b0cf377,glesson_8291206edc9b4948a350de4f51adecae,,1,usage,Object 1 is the item or information transferred; Object 2 is its recipient.,approved,
gnote_72cd32c1a2754dfbb216f92388af475f,glesson_902e37aedf50494fb982985426947899,,1,usage,Aspect particles and other required material follow the complement according to the completed predicate.,approved,
gnote_ea500f57733a4189bac5e8236d74726f,glesson_8c5b4c0a54594df08a901d349e971746,,1,usage,"被 often appears with an outcome that significantly affects the patient, whether negative or neutral.",approved,
gnote_dded687ea9c041a1a1fb0dd791fae584,glesson_4e1807cc26d140f79028dbc028fcaa1b,,1,usage,Omitting the agent is natural when it cannot be identified or adds nothing important.,approved,
gnote_41b5ecd0c60c4204844210a21a88b6bf,glesson_9e80e20829b14b17a957359bb6bbc67e,,1,usage,The two verbs share one subject in this serial-verb pattern.,approved,
gnote_28f7153d7c884e4a872911671c9b162c,glesson_756a581f98be48b5afa1b781494a4e72,,1,constraint,Do not add 很 before the adjective in this comparative pattern.,approved,
gnote_6d183450a6c042eeb37ae26f8262d819,glesson_081ca9efc2fb40d79a01e906847593b2,,1,usage,"和 can sometimes replace 跟, but the official target here uses 跟.",approved,
gnote_ba5c125f56a34c7197be4f69ee5514bc,glesson_aee8f5d56fa24588a6ce2de696dc7b13,,1,constraint,Do not insert 很 between 一样 and the adjective.,approved,
gnote_14b93125b1cc42dfbf8c694706e0e076,glesson_3c6e9fce50f743499075918414b62e11,,1,usage,Use 没有 when directly stating that A has a lower degree; 不比 can leave equality open.,approved,
gnote_9c847b2c8b474018b0c6d3da5537db0d,glesson_7208ea54ca48453fa88ace572360521e,,1,usage,"The final quantity measures only the difference between A and B, not A's total amount.",approved,
gnote_133e7442ccd0436dbb0266889601e6b4,glesson_ab55443f5842459e92950531f3a14640,,1,usage,The place is established information; the postverbal entity is the new information being introduced.,approved,
gnote_1dfa4f8a60934783bc40f6cf20c10160,glesson_37870b2f9f64465286774f5376432844,,1,usage,"Unlike the appearance construction, this pattern presents the postverbal entity as leaving or being removed from the scene.",approved,
gnote_30fb13c3b99c42e08c80e37ec6b85bac,glesson_1553ab51818642b2bc0841d9472a6c39,,1,pragmatics,"The frame can contrast the speaker's position with another view, even when that contrast is only implied.",approved,
gnote_a3bf8f2a06b54c2c8d4685b7a7bf8474,glesson_a0f1859f68cb4d54b2caf12ff9e8237b,,1,formation,The two verb occurrences must be the same lexical verb and share one subject.,approved,
gnote_3470890ef09d4b40adc8d433e73ebcdb,glesson_086668360c5544938de5ede95467808a,,1,usage,"The clauses often share a subject, which can be stated only once.",approved,
gnote_7b772a41b403478eb8294e98481d9cab,glesson_fafa2f30a8db4d60ab1046837b39b08e,,1,formation,Keep the two alternatives grammatically parallel for a clear contrast.,approved,
gnote_48ef2a511d44405cb7cdd7341dc6b133,glesson_7003f358f7df4bbeb820c60ae7eef247,,1,usage,The two parts normally describe the same subject or situation.,approved,
gnote_50e4058c93a54d54a70c324fa4d58878,glesson_3699ff1d274242dca062cce0908bec20,,1,usage,"Adjectives, verb phrases, or other matching predicate types can fill the two slots.",approved,
gnote_83b56105356749f38e7a06897c9b86f8,glesson_78985b77a53a429aa7bb1d642fdf7494,,1,usage,"A single 一边 can mark one action's manner, but the paired construction explicitly balances two simultaneous actions.",approved,
gnote_068fb4dfe3dd4dd28a678c4357ab9d46,glesson_b06d9fcf7b8d414eb52e92cdd74392a7,,1,usage,也 can appear in the 而且 clause when it helps mark the added predicate.,approved,
gnote_907e81024a6349dc822a1043b105dd60,glesson_ac8a06a59b734a0b9926e0b5e721fa87,,1,pragmatics,The 可是 clause usually carries greater discourse weight than the 虽然 clause.,approved,
gnote_f4d0bc47f1894d818dcfee557d0cda25,glesson_f182cc46e3b946abb96f53dda5e4df1c,,1,usage,The subjects of the two clauses may be the same or different.,approved,
gnote_ae919f2122d044a99779363d0d3abb51,glesson_7f858a43efcf4b10be8832af83ec2c3a,,1,usage,This sentence pattern develops the particle 的话 by pairing it systematically with a 就 consequence.,approved,
gnote_7dc294d84d074535bd15c706a605e6a0,glesson_498b753c7da54f61b6841874434f7a84,,1,usage,"The condition is required, but the pattern does not necessarily claim it is the only factor involved.",approved,
gnote_066c95f0c0184772aa62f180a8ab4a81,glesson_428b8aa5e9bd475cbf3fa5ef7ba5b5eb,,1,usage,Other conditions may also produce the result; the sentence says this one is sufficient.,approved,
gnote_29165752bd8f4f5db8f3661843512ccc,glesson_a0126ffa7598439aaae163fcd7508b72,,1,usage,The purpose clause often comes first to frame the reason for choosing the main action.,approved,
gnote_3da7baaf7626460e8acd32eee82303ff,glesson_9315a8f6d7df428daba515fc04d63e30,,1,usage,The pattern is common for instructions and plans tied to completion of the first event.,approved,
gnote_33c8224211364d708d592bc63cb0fa90,glesson_e253e9a29c714cd8a4333d3f8428b903,,1,usage,"This is the approximate-number function of 大概, distinct from its earlier modal use meaning 'probably.'",approved,
gnote_d8b21367535a46bd9e4ae6be339e33e3,glesson_687cfec23a554ec897fe4131b27568d7,,1,formation,Do not insert 和 or 或者 between the two numerals.,approved,
