topic_id,level_min,level_max,row_order,topic_l1_zh,topic_l1_en,topic_l2_zh,topic_l2_en,topic_l3_zh,topic_l3_en,source_id,source_locator_zh,source_locator_en,notes
hsk26-t1-001,1,1,1,基本信息,Basic information,个人信息,Personal information,姓名、国籍、年龄、性别、喜好、习惯等,"Name, nationality, age, gender, preferences, habits, etc.",hsk26-zh+hsk26-en,reference/HSK_SYLLABUS_ZH.md:1260,reference/HSK_SYLLABUS_EN.md:1261,
hsk26-t1-002,1,1,2,基本信息,Basic information,个人信息,Personal information,身份、家庭成员、朋友、技能等,"Identity, family members, friends, skills, etc.",hsk26-zh+hsk26-en,reference/HSK_SYLLABUS_ZH.md:1261,reference/HSK_SYLLABUS_EN.md:1262,
hsk26-t1-003,1,1,3,基本信息,Basic information,事件信息,Event information,日期、时间、地点、方位、参加者、号码等,"Date, time, place, direction/location, participants, numbers, etc.",hsk26-zh+hsk26-en,reference/HSK_SYLLABUS_ZH.md:1262,reference/HSK_SYLLABUS_EN.md:1263,
hsk26-t1-004,1,1,4,基本信息,Basic information,物品信息,Object information,物品名称,Object names,hsk26-zh+hsk26-en,reference/HSK_SYLLABUS_ZH.md:1263,reference/HSK_SYLLABUS_EN.md:1264,
hsk26-t1-005,1,1,5,基本信息,Basic information,物品信息,Object information,物品特征,Object features,hsk26-zh+hsk26-en,reference/HSK_SYLLABUS_ZH.md:1264,reference/HSK_SYLLABUS_EN.md:1265,
hsk26-t1-006,1,1,6,基本信息,Basic information,环境信息,Environmental information,天气,Weather,hsk26-zh+hsk26-en,reference/HSK_SYLLABUS_ZH.md:1265,reference/HSK_SYLLABUS_EN.md:1266,
hsk26-t1-007,1,1,7,基本信息,Basic information,环境信息,Environmental information,环境特点,Environmental features,hsk26-zh+hsk26-en,reference/HSK_SYLLABUS_ZH.md:1266,reference/HSK_SYLLABUS_EN.md:1267,
hsk26-t1-008,1,1,8,日常生活,Daily life,交往,Interaction,基本礼貌行为,Basic polite behavior,hsk26-zh+hsk26-en,reference/HSK_SYLLABUS_ZH.md:1267,reference/HSK_SYLLABUS_EN.md:1268,
hsk26-t1-009,1,1,9,日常生活,Daily life,交往,Interaction,简单互动行为,Simple interaction behavior,hsk26-zh+hsk26-en,reference/HSK_SYLLABUS_ZH.md:1268,reference/HSK_SYLLABUS_EN.md:1269,
hsk26-t1-010,1,1,10,日常生活,Daily life,交往,Interaction,意愿感受,Wishes and feelings,hsk26-zh+hsk26-en,reference/HSK_SYLLABUS_ZH.md:1269,reference/HSK_SYLLABUS_EN.md:1270,
hsk26-t1-011,1,1,11,日常生活,Daily life,饮食,Food and drink,食物饮品,Food and beverages,hsk26-zh+hsk26-en,reference/HSK_SYLLABUS_ZH.md:1270,reference/HSK_SYLLABUS_EN.md:1271,
hsk26-t1-012,1,1,12,日常生活,Daily life,饮食,Food and drink,就餐,Dining,hsk26-zh+hsk26-en,reference/HSK_SYLLABUS_ZH.md:1271,reference/HSK_SYLLABUS_EN.md:1272,
hsk26-t1-013,1,1,13,日常生活,Daily life,交通出行,Transportation and travel,问路,Asking directions,hsk26-zh+hsk26-en,reference/HSK_SYLLABUS_ZH.md:1272,reference/HSK_SYLLABUS_EN.md:1273,
hsk26-t1-014,1,1,14,日常生活,Daily life,交通出行,Transportation and travel,出行方式,Travel modes,hsk26-zh+hsk26-en,reference/HSK_SYLLABUS_ZH.md:1273,reference/HSK_SYLLABUS_EN.md:1274,
hsk26-t1-015,1,1,15,日常生活,Daily life,交通出行,Transportation and travel,出行安排,Travel arrangements,hsk26-zh+hsk26-en,reference/HSK_SYLLABUS_ZH.md:1274,reference/HSK_SYLLABUS_EN.md:1275,
hsk26-t1-016,1,1,16,日常生活,Daily life,购物,Shopping,商品名称,Product names,hsk26-zh+hsk26-en,reference/HSK_SYLLABUS_ZH.md:1275,reference/HSK_SYLLABUS_EN.md:1276,
hsk26-t1-017,1,1,17,日常生活,Daily life,购物,Shopping,商品价格,Product prices,hsk26-zh+hsk26-en,reference/HSK_SYLLABUS_ZH.md:1276,reference/HSK_SYLLABUS_EN.md:1277,
hsk26-t1-018,1,1,18,日常生活,Daily life,购物,Shopping,商品选购,Product selection and purchase,hsk26-zh+hsk26-en,reference/HSK_SYLLABUS_ZH.md:1277,reference/HSK_SYLLABUS_EN.md:1278,
hsk26-t1-019,1,1,19,日常生活,Daily life,医疗健康,Medical care and health,生病、看病、探病等,"Illness, seeing a doctor, visiting patients, etc.",hsk26-zh+hsk26-en,reference/HSK_SYLLABUS_ZH.md:1278,reference/HSK_SYLLABUS_EN.md:1279,
hsk26-t1-020,1,1,20,日常生活,Daily life,休闲,Leisure,休闲活动,Leisure activities,hsk26-zh+hsk26-en,reference/HSK_SYLLABUS_ZH.md:1279,reference/HSK_SYLLABUS_EN.md:1280,
hsk26-t1-021,1,1,21,教育情况,Education situations,学习情况,Study situations,课程信息,Course information,hsk26-zh+hsk26-en,reference/HSK_SYLLABUS_ZH.md:1280,reference/HSK_SYLLABUS_EN.md:1281,
hsk26-t1-022,1,1,22,教育情况,Education situations,学习情况,Study situations,学习内容,Learning content,hsk26-zh+hsk26-en,reference/HSK_SYLLABUS_ZH.md:1281,reference/HSK_SYLLABUS_EN.md:1282,
hsk26-t1-023,1,1,23,教育情况,Education situations,学习情况,Study situations,教育层次,Education levels,hsk26-zh+hsk26-en,reference/HSK_SYLLABUS_ZH.md:1282,reference/HSK_SYLLABUS_EN.md:1283,
hsk26-t1-024,1,1,24,教育情况,Education situations,校园生活,Campus life,学校情况,School situations,hsk26-zh+hsk26-en,reference/HSK_SYLLABUS_ZH.md:1283,reference/HSK_SYLLABUS_EN.md:1284,
hsk26-t1-025,1,1,25,教育情况,Education situations,校园生活,Campus life,课后活动,After-class activities,hsk26-zh+hsk26-en,reference/HSK_SYLLABUS_ZH.md:1284,reference/HSK_SYLLABUS_EN.md:1285,
hsk26-t1-026,1,1,26,职场生活,Workplace life,工作情况,Work situations,工作信息,Work information,hsk26-zh+hsk26-en,reference/HSK_SYLLABUS_ZH.md:1285,reference/HSK_SYLLABUS_EN.md:1286,
hsk26-t1-027,1,1,27,职场生活,Workplace life,工作情况,Work situations,工作评价,Work evaluation,hsk26-zh+hsk26-en,reference/HSK_SYLLABUS_ZH.md:1286,reference/HSK_SYLLABUS_EN.md:1287,
hsk26-t1-028,1,1,28,职场生活,Workplace life,职业,Occupations,职业种类,Types of occupations,hsk26-zh+hsk26-en,reference/HSK_SYLLABUS_ZH.md:1287,reference/HSK_SYLLABUS_EN.md:1288,
hsk26-t1-029,1,1,29,文化与传统,Culture and traditions,饮食文化,Food culture,中餐,Chinese meals,hsk26-zh+hsk26-en,reference/HSK_SYLLABUS_ZH.md:1288,reference/HSK_SYLLABUS_EN.md:1289,
hsk26-t1-030,1,1,30,文化与传统,Culture and traditions,饮食文化,Food culture,传统饮品,Traditional beverages,hsk26-zh+hsk26-en,reference/HSK_SYLLABUS_ZH.md:1289,reference/HSK_SYLLABUS_EN.md:1290,
hsk26-t2-001,2,2,1,基本信息,Basic information,个人信息,Personal information,外貌、穿着、生日等,"Appearance, clothing, birthday, etc.",hsk26-zh+hsk26-en,reference/HSK_SYLLABUS_ZH.md:1296,reference/HSK_SYLLABUS_EN.md:1297,
hsk26-t2-002,2,2,2,基本信息,Basic information,个人信息,Personal information,身份、习惯、爱好、来处等,"Identity, habits, hobbies, place of origin, etc.",hsk26-zh+hsk26-en,reference/HSK_SYLLABUS_ZH.md:1297,reference/HSK_SYLLABUS_EN.md:1298,
hsk26-t2-003,2,2,3,基本信息,Basic information,事件信息,Event information,事件、人物、时间、方式、地址、原因、变化、状态等,"Events, people, time, method, address, reason, change, state, etc.",hsk26-zh+hsk26-en,reference/HSK_SYLLABUS_ZH.md:1298,reference/HSK_SYLLABUS_EN.md:1299,
hsk26-t2-004,2,2,4,基本信息,Basic information,物品信息,Object information,名称、颜色、差别、数量、所在、特点等,"Names, colors, differences, quantities, locations, features, etc.",hsk26-zh+hsk26-en,reference/HSK_SYLLABUS_ZH.md:1299,reference/HSK_SYLLABUS_EN.md:1300,
hsk26-t2-005,2,2,5,基本信息,Basic information,环境信息,Environmental information,天气,Weather,hsk26-zh+hsk26-en,reference/HSK_SYLLABUS_ZH.md:1300,reference/HSK_SYLLABUS_EN.md:1301,
hsk26-t2-006,2,2,6,基本信息,Basic information,环境信息,Environmental information,环境特征,Environmental characteristics,hsk26-zh+hsk26-en,reference/HSK_SYLLABUS_ZH.md:1301,reference/HSK_SYLLABUS_EN.md:1302,
hsk26-t2-007,2,2,7,日常生活,Daily life,交往,Interaction,基本礼貌行为,Basic polite behavior,hsk26-zh+hsk26-en,reference/HSK_SYLLABUS_ZH.md:1302,reference/HSK_SYLLABUS_EN.md:1303,
hsk26-t2-008,2,2,8,日常生活,Daily life,交往,Interaction,简单互动行为,Simple interaction behavior,hsk26-zh+hsk26-en,reference/HSK_SYLLABUS_ZH.md:1303,reference/HSK_SYLLABUS_EN.md:1304,
hsk26-t2-009,2,2,9,日常生活,Daily life,交往,Interaction,意愿感受,Wishes and feelings,hsk26-zh+hsk26-en,reference/HSK_SYLLABUS_ZH.md:1304,reference/HSK_SYLLABUS_EN.md:1305,
hsk26-t2-010,2,2,10,日常生活,Daily life,饮食,Food and drink,食物饮品,Food and beverages,hsk26-zh+hsk26-en,reference/HSK_SYLLABUS_ZH.md:1305,reference/HSK_SYLLABUS_EN.md:1306,
hsk26-t2-011,2,2,11,日常生活,Daily life,饮食,Food and drink,饮食习惯,Eating habits,hsk26-zh+hsk26-en,reference/HSK_SYLLABUS_ZH.md:1306,reference/HSK_SYLLABUS_EN.md:1307,
hsk26-t2-012,2,2,12,日常生活,Daily life,饮食,Food and drink,就餐,Dining,hsk26-zh+hsk26-en,reference/HSK_SYLLABUS_ZH.md:1307,reference/HSK_SYLLABUS_EN.md:1308,
hsk26-t2-013,2,2,13,日常生活,Daily life,交通出行,Transportation and travel,问路,Asking directions,hsk26-zh+hsk26-en,reference/HSK_SYLLABUS_ZH.md:1308,reference/HSK_SYLLABUS_EN.md:1309,
hsk26-t2-014,2,2,14,日常生活,Daily life,交通出行,Transportation and travel,出行方式,Travel modes,hsk26-zh+hsk26-en,reference/HSK_SYLLABUS_ZH.md:1309,reference/HSK_SYLLABUS_EN.md:1310,
hsk26-t2-015,2,2,15,日常生活,Daily life,交通出行,Transportation and travel,出行安排,Travel arrangements,hsk26-zh+hsk26-en,reference/HSK_SYLLABUS_ZH.md:1310,reference/HSK_SYLLABUS_EN.md:1311,
hsk26-t2-016,2,2,16,日常生活,Daily life,交通出行,Transportation and travel,出行感受,Travel feelings,hsk26-zh+hsk26-en,reference/HSK_SYLLABUS_ZH.md:1311,reference/HSK_SYLLABUS_EN.md:1312,
hsk26-t2-017,2,2,17,日常生活,Daily life,购物,Shopping,商品选购,Product selection and purchase,hsk26-zh+hsk26-en,reference/HSK_SYLLABUS_ZH.md:1312,reference/HSK_SYLLABUS_EN.md:1313,
hsk26-t2-018,2,2,18,日常生活,Daily life,购物,Shopping,商品描述,Product description,hsk26-zh+hsk26-en,reference/HSK_SYLLABUS_ZH.md:1313,reference/HSK_SYLLABUS_EN.md:1314,
hsk26-t2-019,2,2,19,日常生活,Daily life,医疗健康,Medical care and health,生病,Illness,hsk26-zh+hsk26-en,reference/HSK_SYLLABUS_ZH.md:1314,reference/HSK_SYLLABUS_EN.md:1315,
hsk26-t2-020,2,2,20,日常生活,Daily life,医疗健康,Medical care and health,就医,Medical treatment,hsk26-zh+hsk26-en,reference/HSK_SYLLABUS_ZH.md:1315,reference/HSK_SYLLABUS_EN.md:1316,
hsk26-t2-021,2,2,21,日常生活,Daily life,休闲,Leisure,休闲活动,Leisure activities,hsk26-zh+hsk26-en,reference/HSK_SYLLABUS_ZH.md:1316,reference/HSK_SYLLABUS_EN.md:1317,
hsk26-t2-022,2,2,22,日常生活,Daily life,休闲,Leisure,休闲安排,Leisure arrangements,hsk26-zh+hsk26-en,reference/HSK_SYLLABUS_ZH.md:1317,reference/HSK_SYLLABUS_EN.md:1318,
hsk26-t2-023,2,2,23,日常生活,Daily life,家庭生活,Family life,家庭关系,Family relationships,hsk26-zh+hsk26-en,reference/HSK_SYLLABUS_ZH.md:1318,reference/HSK_SYLLABUS_EN.md:1319,
hsk26-t2-024,2,2,24,日常生活,Daily life,家庭生活,Family life,家庭活动,Family activities,hsk26-zh+hsk26-en,reference/HSK_SYLLABUS_ZH.md:1319,reference/HSK_SYLLABUS_EN.md:1320,
hsk26-t2-025,2,2,25,教育情况,Education situations,学习情况,Study situations,基本情况,Basic situation,hsk26-zh+hsk26-en,reference/HSK_SYLLABUS_ZH.md:1320,reference/HSK_SYLLABUS_EN.md:1321,
hsk26-t2-026,2,2,26,教育情况,Education situations,学习情况,Study situations,学习经历,Learning experience,hsk26-zh+hsk26-en,reference/HSK_SYLLABUS_ZH.md:1321,reference/HSK_SYLLABUS_EN.md:1322,
hsk26-t2-027,2,2,27,教育情况,Education situations,校园生活,Campus life,学校情况,School situations,hsk26-zh+hsk26-en,reference/HSK_SYLLABUS_ZH.md:1322,reference/HSK_SYLLABUS_EN.md:1323,
hsk26-t2-028,2,2,28,教育情况,Education situations,校园生活,Campus life,课后活动,After-class activities,hsk26-zh+hsk26-en,reference/HSK_SYLLABUS_ZH.md:1323,reference/HSK_SYLLABUS_EN.md:1324,
hsk26-t2-029,2,2,29,职场生活,Workplace life,工作情况,Work situations,工作信息,Work information,hsk26-zh+hsk26-en,reference/HSK_SYLLABUS_ZH.md:1324,reference/HSK_SYLLABUS_EN.md:1325,
hsk26-t2-030,2,2,30,职场生活,Workplace life,工作情况,Work situations,工作经历、工作感受,Work experience and feelings about work,hsk26-zh+hsk26-en,reference/HSK_SYLLABUS_ZH.md:1325,reference/HSK_SYLLABUS_EN.md:1326,
hsk26-t2-031,2,2,31,职场生活,Workplace life,职业,Occupations,职业状况,Professional status,hsk26-zh+hsk26-en,reference/HSK_SYLLABUS_ZH.md:1326,reference/HSK_SYLLABUS_EN.md:1327,
hsk26-t2-032,2,2,32,文化与传统,Culture and traditions,传统习俗,Traditional customs,节日,Festivals,hsk26-zh+hsk26-en,reference/HSK_SYLLABUS_ZH.md:1327,reference/HSK_SYLLABUS_EN.md:1328,
hsk26-t2-033,2,2,33,文化与传统,Culture and traditions,饮食文化,Food culture,中餐印象,Impressions of Chinese meals,hsk26-zh+hsk26-en,reference/HSK_SYLLABUS_ZH.md:1328,reference/HSK_SYLLABUS_EN.md:1329,
hsk26-t2-034,2,2,34,文化与传统,Culture and traditions,姓氏文化,Surname culture,主要姓氏、正式称谓等,"Major surnames, formal forms of address, etc.",hsk26-zh+hsk26-en,reference/HSK_SYLLABUS_ZH.md:1329,reference/HSK_SYLLABUS_EN.md:1330,
hsk26-t3-001,3,3,1,日常生活,Daily life,个人情况,Personal situation,个人信息,Personal information,hsk26-zh+hsk26-en,reference/HSK_SYLLABUS_ZH.md:1336,reference/HSK_SYLLABUS_EN.md:1337,
hsk26-t3-002,3,3,2,日常生活,Daily life,个人情况,Personal situation,个人特征,Personal characteristics,hsk26-zh+hsk26-en,reference/HSK_SYLLABUS_ZH.md:1337,reference/HSK_SYLLABUS_EN.md:1338,
hsk26-t3-003,3,3,3,日常生活,Daily life,日常事务,Everyday affairs,事务处理,Affair handling,hsk26-zh+hsk26-en,reference/HSK_SYLLABUS_ZH.md:1338,reference/HSK_SYLLABUS_EN.md:1339,
hsk26-t3-004,3,3,4,日常生活,Daily life,日常事务,Everyday affairs,业务办理,Service handling,hsk26-zh+hsk26-en,reference/HSK_SYLLABUS_ZH.md:1339,reference/HSK_SYLLABUS_EN.md:1340,
hsk26-t3-005,3,3,5,日常生活,Daily life,交往,Interaction,礼貌行为,Polite behavior,hsk26-zh+hsk26-en,reference/HSK_SYLLABUS_ZH.md:1340,reference/HSK_SYLLABUS_EN.md:1341,
hsk26-t3-006,3,3,6,日常生活,Daily life,交往,Interaction,意愿感受,Wishes and feelings,hsk26-zh+hsk26-en,reference/HSK_SYLLABUS_ZH.md:1341,reference/HSK_SYLLABUS_EN.md:1342,
hsk26-t3-007,3,3,7,日常生活,Daily life,饮食,Food and drink,食物饮品,Food and beverages,hsk26-zh+hsk26-en,reference/HSK_SYLLABUS_ZH.md:1342,reference/HSK_SYLLABUS_EN.md:1343,
hsk26-t3-008,3,3,8,日常生活,Daily life,饮食,Food and drink,饮食习惯,Eating habits,hsk26-zh+hsk26-en,reference/HSK_SYLLABUS_ZH.md:1343,reference/HSK_SYLLABUS_EN.md:1344,
hsk26-t3-009,3,3,9,日常生活,Daily life,饮食,Food and drink,就餐,Dining,hsk26-zh+hsk26-en,reference/HSK_SYLLABUS_ZH.md:1344,reference/HSK_SYLLABUS_EN.md:1345,
hsk26-t3-010,3,3,10,日常生活,Daily life,交通出行,Transportation and travel,出行方式,Travel modes,hsk26-zh+hsk26-en,reference/HSK_SYLLABUS_ZH.md:1345,reference/HSK_SYLLABUS_EN.md:1346,
hsk26-t3-011,3,3,11,日常生活,Daily life,交通出行,Transportation and travel,出行安排,Travel arrangements,hsk26-zh+hsk26-en,reference/HSK_SYLLABUS_ZH.md:1346,reference/HSK_SYLLABUS_EN.md:1347,
hsk26-t3-012,3,3,12,日常生活,Daily life,交通出行,Transportation and travel,出行经历,Travel experiences,hsk26-zh+hsk26-en,reference/HSK_SYLLABUS_ZH.md:1347,reference/HSK_SYLLABUS_EN.md:1348,
hsk26-t3-013,3,3,13,日常生活,Daily life,交通出行,Transportation and travel,交通规则,Traffic rules,hsk26-zh+hsk26-en,reference/HSK_SYLLABUS_ZH.md:1348,reference/HSK_SYLLABUS_EN.md:1349,
hsk26-t3-014,3,3,14,日常生活,Daily life,购物,Shopping,商品选购,Product selection and purchase,hsk26-zh+hsk26-en,reference/HSK_SYLLABUS_ZH.md:1349,reference/HSK_SYLLABUS_EN.md:1350,
hsk26-t3-015,3,3,15,日常生活,Daily life,购物,Shopping,购物经历,Shopping experiences,hsk26-zh+hsk26-en,reference/HSK_SYLLABUS_ZH.md:1350,reference/HSK_SYLLABUS_EN.md:1351,
hsk26-t3-016,3,3,16,日常生活,Daily life,医疗健康,Medical care and health,生病,Illness,hsk26-zh+hsk26-en,reference/HSK_SYLLABUS_ZH.md:1351,reference/HSK_SYLLABUS_EN.md:1352,
hsk26-t3-017,3,3,17,日常生活,Daily life,医疗健康,Medical care and health,就医,Medical treatment,hsk26-zh+hsk26-en,reference/HSK_SYLLABUS_ZH.md:1352,reference/HSK_SYLLABUS_EN.md:1353,
hsk26-t3-018,3,3,18,日常生活,Daily life,医疗健康,Medical care and health,探病,Visiting patients,hsk26-zh+hsk26-en,reference/HSK_SYLLABUS_ZH.md:1353,reference/HSK_SYLLABUS_EN.md:1354,
hsk26-t3-019,3,3,19,日常生活,Daily life,医疗健康,Medical care and health,健康观念,Health concepts,hsk26-zh+hsk26-en,reference/HSK_SYLLABUS_ZH.md:1354,reference/HSK_SYLLABUS_EN.md:1355,
hsk26-t3-020,3,3,20,日常生活,Daily life,休闲,Leisure,休闲活动,Leisure activities,hsk26-zh+hsk26-en,reference/HSK_SYLLABUS_ZH.md:1355,reference/HSK_SYLLABUS_EN.md:1356,
hsk26-t3-021,3,3,21,日常生活,Daily life,休闲,Leisure,活动体验,Activity experiences,hsk26-zh+hsk26-en,reference/HSK_SYLLABUS_ZH.md:1356,reference/HSK_SYLLABUS_EN.md:1357,
hsk26-t3-022,3,3,22,日常生活,Daily life,社区,Community,居住情况,Living situation,hsk26-zh+hsk26-en,reference/HSK_SYLLABUS_ZH.md:1357,reference/HSK_SYLLABUS_EN.md:1358,
hsk26-t3-023,3,3,23,日常生活,Daily life,家庭生活,Family life,生活习惯,Living habits,hsk26-zh+hsk26-en,reference/HSK_SYLLABUS_ZH.md:1358,reference/HSK_SYLLABUS_EN.md:1359,
hsk26-t3-024,3,3,24,日常生活,Daily life,家庭生活,Family life,家庭关系,Family relationships,hsk26-zh+hsk26-en,reference/HSK_SYLLABUS_ZH.md:1359,reference/HSK_SYLLABUS_EN.md:1360,
hsk26-t3-025,3,3,25,日常生活,Daily life,家庭生活,Family life,家庭事务,Family affairs,hsk26-zh+hsk26-en,reference/HSK_SYLLABUS_ZH.md:1360,reference/HSK_SYLLABUS_EN.md:1361,
hsk26-t3-026,3,3,26,日常生活,Daily life,家庭生活,Family life,居家生活,Home life,hsk26-zh+hsk26-en,reference/HSK_SYLLABUS_ZH.md:1361,reference/HSK_SYLLABUS_EN.md:1362,
hsk26-t3-027,3,3,27,教育情况,Education situations,学习情况,Study situations,课程情况,Course situations,hsk26-zh+hsk26-en,reference/HSK_SYLLABUS_ZH.md:1362,reference/HSK_SYLLABUS_EN.md:1363,
hsk26-t3-028,3,3,28,教育情况,Education situations,学习情况,Study situations,学习活动,Learning activities,hsk26-zh+hsk26-en,reference/HSK_SYLLABUS_ZH.md:1363,reference/HSK_SYLLABUS_EN.md:1364,
hsk26-t3-029,3,3,29,教育情况,Education situations,学习情况,Study situations,学习环境,Learning environment,hsk26-zh+hsk26-en,reference/HSK_SYLLABUS_ZH.md:1364,reference/HSK_SYLLABUS_EN.md:1365,
hsk26-t3-030,3,3,30,教育情况,Education situations,学习情况,Study situations,学习经历,Learning experience,hsk26-zh+hsk26-en,reference/HSK_SYLLABUS_ZH.md:1365,reference/HSK_SYLLABUS_EN.md:1366,
hsk26-t3-031,3,3,31,教育情况,Education situations,校园生活,Campus life,校园活动,Campus activities,hsk26-zh+hsk26-en,reference/HSK_SYLLABUS_ZH.md:1366,reference/HSK_SYLLABUS_EN.md:1367,
hsk26-t3-032,3,3,32,教育情况,Education situations,校园生活,Campus life,学校情况,School situations,hsk26-zh+hsk26-en,reference/HSK_SYLLABUS_ZH.md:1367,reference/HSK_SYLLABUS_EN.md:1368,
hsk26-t3-033,3,3,33,教育情况,Education situations,教育问题,Educational issues,家庭教育,Family education,hsk26-zh+hsk26-en,reference/HSK_SYLLABUS_ZH.md:1368,reference/HSK_SYLLABUS_EN.md:1369,
hsk26-t3-034,3,3,34,职场生活,Workplace life,日常办公,Everyday office work,办公事务,Office affairs,hsk26-zh+hsk26-en,reference/HSK_SYLLABUS_ZH.md:1369,reference/HSK_SYLLABUS_EN.md:1370,
hsk26-t3-035,3,3,35,职场生活,Workplace life,日常办公,Everyday office work,工作表现,Work performance,hsk26-zh+hsk26-en,reference/HSK_SYLLABUS_ZH.md:1370,reference/HSK_SYLLABUS_EN.md:1371,
hsk26-t3-036,3,3,36,职场生活,Workplace life,日常办公,Everyday office work,工作环境,Work environment,hsk26-zh+hsk26-en,reference/HSK_SYLLABUS_ZH.md:1371,reference/HSK_SYLLABUS_EN.md:1372,
hsk26-t3-037,3,3,37,职场生活,Workplace life,日常办公,Everyday office work,同事相处,Getting along with colleagues,hsk26-zh+hsk26-en,reference/HSK_SYLLABUS_ZH.md:1372,reference/HSK_SYLLABUS_EN.md:1373,
hsk26-t3-038,3,3,38,职场生活,Workplace life,职业与经历,Profession and experience,工作经历,Work experience,hsk26-zh+hsk26-en,reference/HSK_SYLLABUS_ZH.md:1373,reference/HSK_SYLLABUS_EN.md:1374,
hsk26-t3-039,3,3,39,职场生活,Workplace life,职业与经历,Profession and experience,职业评价,Professional evaluation,hsk26-zh+hsk26-en,reference/HSK_SYLLABUS_ZH.md:1374,reference/HSK_SYLLABUS_EN.md:1375,
hsk26-t3-040,3,3,40,自然与环境,Nature and environment,自然,Nature,气候,Climate,hsk26-zh+hsk26-en,reference/HSK_SYLLABUS_ZH.md:1375,reference/HSK_SYLLABUS_EN.md:1376,
hsk26-t3-041,3,3,41,自然与环境,Nature and environment,自然,Nature,季节,Seasons,hsk26-zh+hsk26-en,reference/HSK_SYLLABUS_ZH.md:1376,reference/HSK_SYLLABUS_EN.md:1377,
hsk26-t3-042,3,3,42,自然与环境,Nature and environment,自然,Nature,动植物,Animals and plants,hsk26-zh+hsk26-en,reference/HSK_SYLLABUS_ZH.md:1377,reference/HSK_SYLLABUS_EN.md:1378,
hsk26-t3-043,3,3,43,自然与环境,Nature and environment,自然,Nature,自然风景,Natural scenery,hsk26-zh+hsk26-en,reference/HSK_SYLLABUS_ZH.md:1378,reference/HSK_SYLLABUS_EN.md:1379,
hsk26-t3-044,3,3,44,自然与环境,Nature and environment,环境,Environment,环境状况,Environmental conditions,hsk26-zh+hsk26-en,reference/HSK_SYLLABUS_ZH.md:1379,reference/HSK_SYLLABUS_EN.md:1380,
hsk26-t3-045,3,3,45,自然与环境,Nature and environment,环境,Environment,环境保护,Environmental protection,hsk26-zh+hsk26-en,reference/HSK_SYLLABUS_ZH.md:1380,reference/HSK_SYLLABUS_EN.md:1381,
hsk26-t3-046,3,3,46,当代社会,Contemporary society,社会情况,Social situations,现代生活,Modern life,hsk26-zh+hsk26-en,reference/HSK_SYLLABUS_ZH.md:1381,reference/HSK_SYLLABUS_EN.md:1382,
hsk26-t3-047,3,3,47,当代社会,Contemporary society,社会情况,Social situations,城市发展,Urban development,hsk26-zh+hsk26-en,reference/HSK_SYLLABUS_ZH.md:1382,reference/HSK_SYLLABUS_EN.md:1383,
hsk26-t3-048,3,3,48,当代社会,Contemporary society,文艺,Literature and art,文艺活动,Literary and artistic activities,hsk26-zh+hsk26-en,reference/HSK_SYLLABUS_ZH.md:1383,reference/HSK_SYLLABUS_EN.md:1384,
hsk26-t3-049,3,3,49,当代社会,Contemporary society,体育,Sports,运动项目,Sports events,hsk26-zh+hsk26-en,reference/HSK_SYLLABUS_ZH.md:1384,reference/HSK_SYLLABUS_EN.md:1385,
hsk26-t3-050,3,3,50,当代社会,Contemporary society,体育,Sports,体育比赛,Sports competitions,hsk26-zh+hsk26-en,reference/HSK_SYLLABUS_ZH.md:1385,reference/HSK_SYLLABUS_EN.md:1386,
hsk26-t3-051,3,3,51,文化与传统,Culture and traditions,饮食文化,Food culture,特色饮食,Specialty foods,hsk26-zh+hsk26-en,reference/HSK_SYLLABUS_ZH.md:1386,reference/HSK_SYLLABUS_EN.md:1387,
hsk26-t3-052,3,3,52,文化与传统,Culture and traditions,饮食文化,Food culture,餐具,Tableware,hsk26-zh+hsk26-en,reference/HSK_SYLLABUS_ZH.md:1387,reference/HSK_SYLLABUS_EN.md:1388,
hsk26-t3-053,3,3,53,文化与传统,Culture and traditions,风俗传统,Customs and traditions,传统节日与习俗,Traditional festivals and customs,hsk26-zh+hsk26-en,reference/HSK_SYLLABUS_ZH.md:1388,reference/HSK_SYLLABUS_EN.md:1389,
hsk26-t3-054,3,3,54,文化与传统,Culture and traditions,风俗传统,Customs and traditions,地区差异,Regional differences,hsk26-zh+hsk26-en,reference/HSK_SYLLABUS_ZH.md:1389,reference/HSK_SYLLABUS_EN.md:1390,
hsk26-t4-001,4,4,1,日常生活,Daily life,个人情况,Personal situation,个人信息,Personal information,hsk26-zh+hsk26-en,reference/HSK_SYLLABUS_ZH.md:1396,reference/HSK_SYLLABUS_EN.md:1397,
hsk26-t4-002,4,4,2,日常生活,Daily life,个人情况,Personal situation,个人特征,Personal characteristics,hsk26-zh+hsk26-en,reference/HSK_SYLLABUS_ZH.md:1397,reference/HSK_SYLLABUS_EN.md:1398,
hsk26-t4-003,4,4,3,日常生活,Daily life,日常事务,Everyday affairs,业务办理,Service handling,hsk26-zh+hsk26-en,reference/HSK_SYLLABUS_ZH.md:1398,reference/HSK_SYLLABUS_EN.md:1399,
hsk26-t4-004,4,4,4,日常生活,Daily life,日常事务,Everyday affairs,困难求助,Seeking help with difficulties,hsk26-zh+hsk26-en,reference/HSK_SYLLABUS_ZH.md:1399,reference/HSK_SYLLABUS_EN.md:1400,
hsk26-t4-005,4,4,5,日常生活,Daily life,交往,Interaction,礼貌行为,Polite behavior,hsk26-zh+hsk26-en,reference/HSK_SYLLABUS_ZH.md:1400,reference/HSK_SYLLABUS_EN.md:1401,
hsk26-t4-006,4,4,6,日常生活,Daily life,交往,Interaction,情感,Emotions,hsk26-zh+hsk26-en,reference/HSK_SYLLABUS_ZH.md:1401,reference/HSK_SYLLABUS_EN.md:1402,
hsk26-t4-007,4,4,7,日常生活,Daily life,交往,Interaction,感悟,Reflections,hsk26-zh+hsk26-en,reference/HSK_SYLLABUS_ZH.md:1402,reference/HSK_SYLLABUS_EN.md:1403,
hsk26-t4-008,4,4,8,日常生活,Daily life,饮食,Food and drink,食物饮品,Food and beverages,hsk26-zh+hsk26-en,reference/HSK_SYLLABUS_ZH.md:1403,reference/HSK_SYLLABUS_EN.md:1404,
hsk26-t4-009,4,4,9,日常生活,Daily life,饮食,Food and drink,就餐,Dining,hsk26-zh+hsk26-en,reference/HSK_SYLLABUS_ZH.md:1404,reference/HSK_SYLLABUS_EN.md:1405,
hsk26-t4-010,4,4,10,日常生活,Daily life,饮食,Food and drink,做菜,Cooking dishes,hsk26-zh+hsk26-en,reference/HSK_SYLLABUS_ZH.md:1405,reference/HSK_SYLLABUS_EN.md:1406,
hsk26-t4-011,4,4,11,日常生活,Daily life,交通出行,Transportation and travel,出行经历,Travel experiences,hsk26-zh+hsk26-en,reference/HSK_SYLLABUS_ZH.md:1406,reference/HSK_SYLLABUS_EN.md:1407,
hsk26-t4-012,4,4,12,日常生活,Daily life,交通出行,Transportation and travel,交通,Transportation,hsk26-zh+hsk26-en,reference/HSK_SYLLABUS_ZH.md:1407,reference/HSK_SYLLABUS_EN.md:1408,
hsk26-t4-013,4,4,13,日常生活,Daily life,购物,Shopping,商品选购,Product selection and purchase,hsk26-zh+hsk26-en,reference/HSK_SYLLABUS_ZH.md:1408,reference/HSK_SYLLABUS_EN.md:1409,
hsk26-t4-014,4,4,14,日常生活,Daily life,购物,Shopping,购物体验,Shopping experience,hsk26-zh+hsk26-en,reference/HSK_SYLLABUS_ZH.md:1409,reference/HSK_SYLLABUS_EN.md:1410,
hsk26-t4-015,4,4,15,日常生活,Daily life,购物,Shopping,商家活动,Merchant activities,hsk26-zh+hsk26-en,reference/HSK_SYLLABUS_ZH.md:1410,reference/HSK_SYLLABUS_EN.md:1411,
hsk26-t4-016,4,4,16,日常生活,Daily life,医疗健康,Medical care and health,就医,Medical treatment,hsk26-zh+hsk26-en,reference/HSK_SYLLABUS_ZH.md:1411,reference/HSK_SYLLABUS_EN.md:1412,
hsk26-t4-017,4,4,17,日常生活,Daily life,医疗健康,Medical care and health,健康生活,Healthy living,hsk26-zh+hsk26-en,reference/HSK_SYLLABUS_ZH.md:1412,reference/HSK_SYLLABUS_EN.md:1413,
hsk26-t4-018,4,4,18,日常生活,Daily life,休闲,Leisure,休闲活动,Leisure activities,hsk26-zh+hsk26-en,reference/HSK_SYLLABUS_ZH.md:1413,reference/HSK_SYLLABUS_EN.md:1414,
hsk26-t4-019,4,4,19,日常生活,Daily life,休闲,Leisure,活动感受、看法等,"Activity feelings, views, etc.",hsk26-zh+hsk26-en,reference/HSK_SYLLABUS_ZH.md:1414,reference/HSK_SYLLABUS_EN.md:1415,
hsk26-t4-020,4,4,20,日常生活,Daily life,社区,Community,居住情况,Living situation,hsk26-zh+hsk26-en,reference/HSK_SYLLABUS_ZH.md:1415,reference/HSK_SYLLABUS_EN.md:1416,
hsk26-t4-021,4,4,21,日常生活,Daily life,社区,Community,社区生活,Community life,hsk26-zh+hsk26-en,reference/HSK_SYLLABUS_ZH.md:1416,reference/HSK_SYLLABUS_EN.md:1417,
hsk26-t4-022,4,4,22,日常生活,Daily life,社区,Community,房屋租赁与买卖,Housing rental and sale,hsk26-zh+hsk26-en,reference/HSK_SYLLABUS_ZH.md:1417,reference/HSK_SYLLABUS_EN.md:1418,
hsk26-t4-023,4,4,23,日常生活,Daily life,家庭生活,Family life,居家生活,Home life,hsk26-zh+hsk26-en,reference/HSK_SYLLABUS_ZH.md:1418,reference/HSK_SYLLABUS_EN.md:1419,
hsk26-t4-024,4,4,24,日常生活,Daily life,家庭生活,Family life,家庭关系,Family relationships,hsk26-zh+hsk26-en,reference/HSK_SYLLABUS_ZH.md:1419,reference/HSK_SYLLABUS_EN.md:1420,
hsk26-t4-025,4,4,25,日常生活,Daily life,家庭生活,Family life,成长过程,Growth process,hsk26-zh+hsk26-en,reference/HSK_SYLLABUS_ZH.md:1420,reference/HSK_SYLLABUS_EN.md:1421,
hsk26-t4-026,4,4,26,日常生活,Daily life,家庭生活,Family life,生活习惯,Living habits,hsk26-zh+hsk26-en,reference/HSK_SYLLABUS_ZH.md:1421,reference/HSK_SYLLABUS_EN.md:1422,
hsk26-t4-027,4,4,27,日常生活,Daily life,家庭生活,Family life,家庭事务,Family affairs,hsk26-zh+hsk26-en,reference/HSK_SYLLABUS_ZH.md:1422,reference/HSK_SYLLABUS_EN.md:1423,
hsk26-t4-028,4,4,28,教育情况,Education situations,学习情况,Study situations,课程情况,Course situations,hsk26-zh+hsk26-en,reference/HSK_SYLLABUS_ZH.md:1423,reference/HSK_SYLLABUS_EN.md:1424,
hsk26-t4-029,4,4,29,教育情况,Education situations,学习情况,Study situations,教学情况,Teaching situation,hsk26-zh+hsk26-en,reference/HSK_SYLLABUS_ZH.md:1424,reference/HSK_SYLLABUS_EN.md:1425,
hsk26-t4-030,4,4,30,教育情况,Education situations,学习情况,Study situations,学习经历,Learning experience,hsk26-zh+hsk26-en,reference/HSK_SYLLABUS_ZH.md:1425,reference/HSK_SYLLABUS_EN.md:1426,
hsk26-t4-031,4,4,31,教育情况,Education situations,学习情况,Study situations,学习心得,Learning reflections,hsk26-zh+hsk26-en,reference/HSK_SYLLABUS_ZH.md:1426,reference/HSK_SYLLABUS_EN.md:1427,
hsk26-t4-032,4,4,32,教育情况,Education situations,校园生活,Campus life,校园活动,Campus activities,hsk26-zh+hsk26-en,reference/HSK_SYLLABUS_ZH.md:1427,reference/HSK_SYLLABUS_EN.md:1428,
hsk26-t4-033,4,4,33,教育情况,Education situations,校园生活,Campus life,学校情况,School situations,hsk26-zh+hsk26-en,reference/HSK_SYLLABUS_ZH.md:1428,reference/HSK_SYLLABUS_EN.md:1429,
hsk26-t4-034,4,4,34,教育情况,Education situations,教育问题,Educational issues,家庭教育,Family education,hsk26-zh+hsk26-en,reference/HSK_SYLLABUS_ZH.md:1429,reference/HSK_SYLLABUS_EN.md:1430,
hsk26-t4-035,4,4,35,教育情况,Education situations,教育问题,Educational issues,社会教育,Social education,hsk26-zh+hsk26-en,reference/HSK_SYLLABUS_ZH.md:1430,reference/HSK_SYLLABUS_EN.md:1431,
hsk26-t4-036,4,4,36,职场生活,Workplace life,日常办公,Everyday office work,办公事务,Office affairs,hsk26-zh+hsk26-en,reference/HSK_SYLLABUS_ZH.md:1431,reference/HSK_SYLLABUS_EN.md:1432,
hsk26-t4-037,4,4,37,职场生活,Workplace life,日常办公,Everyday office work,工作表现,Work performance,hsk26-zh+hsk26-en,reference/HSK_SYLLABUS_ZH.md:1432,reference/HSK_SYLLABUS_EN.md:1433,
hsk26-t4-038,4,4,38,职场生活,Workplace life,日常办公,Everyday office work,职场交往,Workplace interaction,hsk26-zh+hsk26-en,reference/HSK_SYLLABUS_ZH.md:1433,reference/HSK_SYLLABUS_EN.md:1434,
hsk26-t4-039,4,4,39,职场生活,Workplace life,职业与经历,Profession and experience,工作经历,Work experience,hsk26-zh+hsk26-en,reference/HSK_SYLLABUS_ZH.md:1434,reference/HSK_SYLLABUS_EN.md:1435,
hsk26-t4-040,4,4,40,职场生活,Workplace life,职业与经历,Profession and experience,职业现状、职业评价,Professional status and evaluation,hsk26-zh+hsk26-en,reference/HSK_SYLLABUS_ZH.md:1435,reference/HSK_SYLLABUS_EN.md:1436,
hsk26-t4-041,4,4,41,职场生活,Workplace life,单位情况,Work-unit situation,人事管理,Personnel management,hsk26-zh+hsk26-en,reference/HSK_SYLLABUS_ZH.md:1436,reference/HSK_SYLLABUS_EN.md:1437,
hsk26-t4-042,4,4,42,职场生活,Workplace life,单位情况,Work-unit situation,工作环境与待遇,Work environment and benefits,hsk26-zh+hsk26-en,reference/HSK_SYLLABUS_ZH.md:1437,reference/HSK_SYLLABUS_EN.md:1438,
hsk26-t4-043,4,4,43,自然与环境,Nature and environment,自然,Nature,地理,Geography,hsk26-zh+hsk26-en,reference/HSK_SYLLABUS_ZH.md:1438,reference/HSK_SYLLABUS_EN.md:1439,
hsk26-t4-044,4,4,44,自然与环境,Nature and environment,自然,Nature,气候,Climate,hsk26-zh+hsk26-en,reference/HSK_SYLLABUS_ZH.md:1439,reference/HSK_SYLLABUS_EN.md:1440,
hsk26-t4-045,4,4,45,自然与环境,Nature and environment,自然,Nature,动植物,Animals and plants,hsk26-zh+hsk26-en,reference/HSK_SYLLABUS_ZH.md:1440,reference/HSK_SYLLABUS_EN.md:1441,
hsk26-t4-046,4,4,46,自然与环境,Nature and environment,自然,Nature,自然景观,Natural landscapes,hsk26-zh+hsk26-en,reference/HSK_SYLLABUS_ZH.md:1441,reference/HSK_SYLLABUS_EN.md:1442,
hsk26-t4-047,4,4,47,自然与环境,Nature and environment,自然,Nature,自然现象,Natural phenomena,hsk26-zh+hsk26-en,reference/HSK_SYLLABUS_ZH.md:1442,reference/HSK_SYLLABUS_EN.md:1443,
hsk26-t4-048,4,4,48,自然与环境,Nature and environment,环境,Environment,环境状况,Environmental conditions,hsk26-zh+hsk26-en,reference/HSK_SYLLABUS_ZH.md:1443,reference/HSK_SYLLABUS_EN.md:1444,
hsk26-t4-049,4,4,49,自然与环境,Nature and environment,环境,Environment,环境保护,Environmental protection,hsk26-zh+hsk26-en,reference/HSK_SYLLABUS_ZH.md:1444,reference/HSK_SYLLABUS_EN.md:1445,
hsk26-t4-050,4,4,50,科学技术,Science and technology,科技发展,Technological development,新技术运用,Application of new technology,hsk26-zh+hsk26-en,reference/HSK_SYLLABUS_ZH.md:1445,reference/HSK_SYLLABUS_EN.md:1446,
hsk26-t4-051,4,4,51,科学技术,Science and technology,科学知识,Scientific knowledge,科普知识,Popular science knowledge,hsk26-zh+hsk26-en,reference/HSK_SYLLABUS_ZH.md:1446,reference/HSK_SYLLABUS_EN.md:1447,
hsk26-t4-052,4,4,52,科学技术,Science and technology,科学知识,Scientific knowledge,科研成果,Research achievements,hsk26-zh+hsk26-en,reference/HSK_SYLLABUS_ZH.md:1447,reference/HSK_SYLLABUS_EN.md:1448,
hsk26-t4-053,4,4,53,当代社会,Contemporary society,概况,Overview,首都、主要省市,Capital and major provinces/cities,hsk26-zh+hsk26-en,reference/HSK_SYLLABUS_ZH.md:1448,reference/HSK_SYLLABUS_EN.md:1449,
hsk26-t4-054,4,4,54,当代社会,Contemporary society,概况,Overview,少数民族,Ethnic minorities,hsk26-zh+hsk26-en,reference/HSK_SYLLABUS_ZH.md:1449,reference/HSK_SYLLABUS_EN.md:1450,
hsk26-t4-055,4,4,55,当代社会,Contemporary society,经济现象,Economic phenomena,流行产品,Popular products,hsk26-zh+hsk26-en,reference/HSK_SYLLABUS_ZH.md:1450,reference/HSK_SYLLABUS_EN.md:1451,
hsk26-t4-056,4,4,56,当代社会,Contemporary society,经济现象,Economic phenomena,新商业形态,New business forms,hsk26-zh+hsk26-en,reference/HSK_SYLLABUS_ZH.md:1451,reference/HSK_SYLLABUS_EN.md:1452,
hsk26-t4-057,4,4,57,当代社会,Contemporary society,经济现象,Economic phenomena,经济状况,Economic conditions,hsk26-zh+hsk26-en,reference/HSK_SYLLABUS_ZH.md:1452,reference/HSK_SYLLABUS_EN.md:1453,
hsk26-t4-058,4,4,58,当代社会,Contemporary society,社会现象,Social phenomena,生活观念,Views on life,hsk26-zh+hsk26-en,reference/HSK_SYLLABUS_ZH.md:1453,reference/HSK_SYLLABUS_EN.md:1454,
hsk26-t4-059,4,4,59,当代社会,Contemporary society,社会现象,Social phenomena,网络生活,Online life,hsk26-zh+hsk26-en,reference/HSK_SYLLABUS_ZH.md:1454,reference/HSK_SYLLABUS_EN.md:1455,
hsk26-t4-060,4,4,60,当代社会,Contemporary society,社会现象,Social phenomena,基础设施,Infrastructure,hsk26-zh+hsk26-en,reference/HSK_SYLLABUS_ZH.md:1455,reference/HSK_SYLLABUS_EN.md:1456,
hsk26-t4-061,4,4,61,当代社会,Contemporary society,社会现象,Social phenomena,流行事物,Popular things,hsk26-zh+hsk26-en,reference/HSK_SYLLABUS_ZH.md:1456,reference/HSK_SYLLABUS_EN.md:1457,
hsk26-t4-062,4,4,62,当代社会,Contemporary society,文艺,Literature and art,文艺形式,Literary and artistic forms,hsk26-zh+hsk26-en,reference/HSK_SYLLABUS_ZH.md:1457,reference/HSK_SYLLABUS_EN.md:1458,
hsk26-t4-063,4,4,63,当代社会,Contemporary society,文艺,Literature and art,文艺活动,Literary and artistic activities,hsk26-zh+hsk26-en,reference/HSK_SYLLABUS_ZH.md:1458,reference/HSK_SYLLABUS_EN.md:1459,
hsk26-t4-064,4,4,64,当代社会,Contemporary society,文艺,Literature and art,创作者及其作品,Creators and their works,hsk26-zh+hsk26-en,reference/HSK_SYLLABUS_ZH.md:1459,reference/HSK_SYLLABUS_EN.md:1460,
hsk26-t4-065,4,4,65,当代社会,Contemporary society,体育,Sports,运动项目,Sports events,hsk26-zh+hsk26-en,reference/HSK_SYLLABUS_ZH.md:1460,reference/HSK_SYLLABUS_EN.md:1461,
hsk26-t4-066,4,4,66,当代社会,Contemporary society,体育,Sports,体育比赛,Sports competitions,hsk26-zh+hsk26-en,reference/HSK_SYLLABUS_ZH.md:1461,reference/HSK_SYLLABUS_EN.md:1462,
hsk26-t4-067,4,4,67,当代社会,Contemporary society,体育,Sports,体育名人、体育故事,Sports celebrities and sports stories,hsk26-zh+hsk26-en,reference/HSK_SYLLABUS_ZH.md:1462,reference/HSK_SYLLABUS_EN.md:1463,
hsk26-t4-068,4,4,68,当代社会,Contemporary society,中外交流,China-foreign exchange,友好往来,Friendly exchanges,hsk26-zh+hsk26-en,reference/HSK_SYLLABUS_ZH.md:1463,reference/HSK_SYLLABUS_EN.md:1464,
hsk26-t4-069,4,4,69,文化与传统,Culture and traditions,语言文字,Language and writing,俗语、名言等,"Sayings, famous quotations, etc.",hsk26-zh+hsk26-en,reference/HSK_SYLLABUS_ZH.md:1464,reference/HSK_SYLLABUS_EN.md:1465,
hsk26-t4-070,4,4,70,文化与传统,Culture and traditions,饮食文化,Food culture,传统饮食观念,Traditional food concepts,hsk26-zh+hsk26-en,reference/HSK_SYLLABUS_ZH.md:1465,reference/HSK_SYLLABUS_EN.md:1466,
hsk26-t4-071,4,4,71,文化与传统,Culture and traditions,饮食文化,Food culture,各地饮食、传统店铺、品牌等,"Regional foods, traditional shops, brands, etc.",hsk26-zh+hsk26-en,reference/HSK_SYLLABUS_ZH.md:1466,reference/HSK_SYLLABUS_EN.md:1467,
hsk26-t4-072,4,4,72,文化与传统,Culture and traditions,民俗传统,Folk customs and traditions,传统节日与习俗,Traditional festivals and customs,hsk26-zh+hsk26-en,reference/HSK_SYLLABUS_ZH.md:1467,reference/HSK_SYLLABUS_EN.md:1468,
hsk26-t4-073,4,4,73,文化与传统,Culture and traditions,民俗传统,Folk customs and traditions,国粹,National cultural essences,hsk26-zh+hsk26-en,reference/HSK_SYLLABUS_ZH.md:1468,reference/HSK_SYLLABUS_EN.md:1469,
hsk26-t4-074,4,4,74,文化与传统,Culture and traditions,民俗传统,Folk customs and traditions,各地传统,Local traditions,hsk26-zh+hsk26-en,reference/HSK_SYLLABUS_ZH.md:1469,reference/HSK_SYLLABUS_EN.md:1470,
hsk26-t4-075,4,4,75,文化与传统,Culture and traditions,民俗传统,Folk customs and traditions,人际交往礼仪,Interpersonal etiquette,hsk26-zh+hsk26-en,reference/HSK_SYLLABUS_ZH.md:1470,reference/HSK_SYLLABUS_EN.md:1471,
hsk26-t4-076,4,4,76,文化与传统,Culture and traditions,人文景观,Cultural landscapes,名胜古迹等,"Famous scenic and historic sites, etc.",hsk26-zh+hsk26-en,reference/HSK_SYLLABUS_ZH.md:1471,reference/HSK_SYLLABUS_EN.md:1472,
hsk26-t4-077,4,4,77,文化与传统,Culture and traditions,历史,History,历史人物、历史事件,Historical figures and historical events,hsk26-zh+hsk26-en,reference/HSK_SYLLABUS_ZH.md:1472,reference/HSK_SYLLABUS_EN.md:1473,
hsk26-t5-001,5,5,1,日常生活,Daily life,日常事务,Everyday affairs,业务办理,Service handling,hsk26-zh+hsk26-en,reference/HSK_SYLLABUS_ZH.md:1479,reference/HSK_SYLLABUS_EN.md:1480,
hsk26-t5-002,5,5,2,日常生活,Daily life,日常事务,Everyday affairs,困难求助,Seeking help with difficulties,hsk26-zh+hsk26-en,reference/HSK_SYLLABUS_ZH.md:1480,reference/HSK_SYLLABUS_EN.md:1481,
hsk26-t5-003,5,5,3,日常生活,Daily life,饮食,Food and drink,就餐,Dining,hsk26-zh+hsk26-en,reference/HSK_SYLLABUS_ZH.md:1481,reference/HSK_SYLLABUS_EN.md:1482,
hsk26-t5-004,5,5,4,日常生活,Daily life,饮食,Food and drink,餐饮体验,Dining experience,hsk26-zh+hsk26-en,reference/HSK_SYLLABUS_ZH.md:1482,reference/HSK_SYLLABUS_EN.md:1483,
hsk26-t5-005,5,5,5,日常生活,Daily life,交通出行,Transportation and travel,交通运输,Transportation and transport,hsk26-zh+hsk26-en,reference/HSK_SYLLABUS_ZH.md:1483,reference/HSK_SYLLABUS_EN.md:1484,
hsk26-t5-006,5,5,6,日常生活,Daily life,交通出行,Transportation and travel,出行体验,Travel experience,hsk26-zh+hsk26-en,reference/HSK_SYLLABUS_ZH.md:1484,reference/HSK_SYLLABUS_EN.md:1485,
hsk26-t5-007,5,5,7,日常生活,Daily life,购物,Shopping,商品选购,Product selection and purchase,hsk26-zh+hsk26-en,reference/HSK_SYLLABUS_ZH.md:1485,reference/HSK_SYLLABUS_EN.md:1486,
hsk26-t5-008,5,5,8,日常生活,Daily life,购物,Shopping,消费活动,Consumer activities,hsk26-zh+hsk26-en,reference/HSK_SYLLABUS_ZH.md:1486,reference/HSK_SYLLABUS_EN.md:1487,
hsk26-t5-009,5,5,9,日常生活,Daily life,医疗健康,Medical care and health,就医,Medical treatment,hsk26-zh+hsk26-en,reference/HSK_SYLLABUS_ZH.md:1487,reference/HSK_SYLLABUS_EN.md:1488,
hsk26-t5-010,5,5,10,日常生活,Daily life,医疗健康,Medical care and health,心理健康,Mental health,hsk26-zh+hsk26-en,reference/HSK_SYLLABUS_ZH.md:1488,reference/HSK_SYLLABUS_EN.md:1489,
hsk26-t5-011,5,5,11,日常生活,Daily life,医疗健康,Medical care and health,健康生活,Healthy living,hsk26-zh+hsk26-en,reference/HSK_SYLLABUS_ZH.md:1489,reference/HSK_SYLLABUS_EN.md:1490,
hsk26-t5-012,5,5,12,日常生活,Daily life,休闲,Leisure,休闲活动,Leisure activities,hsk26-zh+hsk26-en,reference/HSK_SYLLABUS_ZH.md:1490,reference/HSK_SYLLABUS_EN.md:1491,
hsk26-t5-013,5,5,13,日常生活,Daily life,休闲,Leisure,活动感受、生活随感、人生感悟等,"Activity feelings, life reflections, life insights, etc.",hsk26-zh+hsk26-en,reference/HSK_SYLLABUS_ZH.md:1491,reference/HSK_SYLLABUS_EN.md:1492,
hsk26-t5-014,5,5,14,日常生活,Daily life,社区,Community,居住情况,Living situation,hsk26-zh+hsk26-en,reference/HSK_SYLLABUS_ZH.md:1492,reference/HSK_SYLLABUS_EN.md:1493,
hsk26-t5-015,5,5,15,日常生活,Daily life,社区,Community,社区管理,Community management,hsk26-zh+hsk26-en,reference/HSK_SYLLABUS_ZH.md:1493,reference/HSK_SYLLABUS_EN.md:1494,
hsk26-t5-016,5,5,16,日常生活,Daily life,社区,Community,社区生活,Community life,hsk26-zh+hsk26-en,reference/HSK_SYLLABUS_ZH.md:1494,reference/HSK_SYLLABUS_EN.md:1495,
hsk26-t5-017,5,5,17,日常生活,Daily life,家庭生活,Family life,居家生活,Home life,hsk26-zh+hsk26-en,reference/HSK_SYLLABUS_ZH.md:1495,reference/HSK_SYLLABUS_EN.md:1496,
hsk26-t5-018,5,5,18,日常生活,Daily life,家庭生活,Family life,家庭活动,Family activities,hsk26-zh+hsk26-en,reference/HSK_SYLLABUS_ZH.md:1496,reference/HSK_SYLLABUS_EN.md:1497,
hsk26-t5-019,5,5,19,日常生活,Daily life,家庭生活,Family life,家庭问题,Family issues,hsk26-zh+hsk26-en,reference/HSK_SYLLABUS_ZH.md:1497,reference/HSK_SYLLABUS_EN.md:1498,
hsk26-t5-020,5,5,20,教育情况,Education situations,学习情况,Study situations,课程情况,Course situations,hsk26-zh+hsk26-en,reference/HSK_SYLLABUS_ZH.md:1498,reference/HSK_SYLLABUS_EN.md:1499,
hsk26-t5-021,5,5,21,教育情况,Education situations,学习情况,Study situations,教学情况,Teaching situation,hsk26-zh+hsk26-en,reference/HSK_SYLLABUS_ZH.md:1499,reference/HSK_SYLLABUS_EN.md:1500,
hsk26-t5-022,5,5,22,教育情况,Education situations,学习情况,Study situations,学习经历,Learning experience,hsk26-zh+hsk26-en,reference/HSK_SYLLABUS_ZH.md:1500,reference/HSK_SYLLABUS_EN.md:1501,
hsk26-t5-023,5,5,23,教育情况,Education situations,学习情况,Study situations,学习心得,Learning reflections,hsk26-zh+hsk26-en,reference/HSK_SYLLABUS_ZH.md:1501,reference/HSK_SYLLABUS_EN.md:1502,
hsk26-t5-024,5,5,24,教育情况,Education situations,校园生活,Campus life,校园活动,Campus activities,hsk26-zh+hsk26-en,reference/HSK_SYLLABUS_ZH.md:1502,reference/HSK_SYLLABUS_EN.md:1503,
hsk26-t5-025,5,5,25,教育情况,Education situations,校园生活,Campus life,学校情况,School situations,hsk26-zh+hsk26-en,reference/HSK_SYLLABUS_ZH.md:1503,reference/HSK_SYLLABUS_EN.md:1504,
hsk26-t5-026,5,5,26,教育情况,Education situations,教育问题,Educational issues,家庭教育,Family education,hsk26-zh+hsk26-en,reference/HSK_SYLLABUS_ZH.md:1504,reference/HSK_SYLLABUS_EN.md:1505,
hsk26-t5-027,5,5,27,教育情况,Education situations,教育问题,Educational issues,学校教育、社会教育、职业教育等,"School education, social education, vocational education, etc.",hsk26-zh+hsk26-en,reference/HSK_SYLLABUS_ZH.md:1505,reference/HSK_SYLLABUS_EN.md:1506,
hsk26-t5-028,5,5,28,职场生活,Workplace life,职业与经历,Profession and experience,工作内容,Work content,hsk26-zh+hsk26-en,reference/HSK_SYLLABUS_ZH.md:1506,reference/HSK_SYLLABUS_EN.md:1507,
hsk26-t5-029,5,5,29,职场生活,Workplace life,职业与经历,Profession and experience,工作经历,Work experience,hsk26-zh+hsk26-en,reference/HSK_SYLLABUS_ZH.md:1507,reference/HSK_SYLLABUS_EN.md:1508,
hsk26-t5-030,5,5,30,职场生活,Workplace life,经营与管理,Operation and management,团队合作,Teamwork,hsk26-zh+hsk26-en,reference/HSK_SYLLABUS_ZH.md:1508,reference/HSK_SYLLABUS_EN.md:1509,
hsk26-t5-031,5,5,31,职场生活,Workplace life,经营与管理,Operation and management,人员管理,Personnel management,hsk26-zh+hsk26-en,reference/HSK_SYLLABUS_ZH.md:1509,reference/HSK_SYLLABUS_EN.md:1510,
hsk26-t5-032,5,5,32,职场生活,Workplace life,经营与管理,Operation and management,企业发展,Enterprise development,hsk26-zh+hsk26-en,reference/HSK_SYLLABUS_ZH.md:1510,reference/HSK_SYLLABUS_EN.md:1511,
hsk26-t5-033,5,5,33,自然与环境,Nature and environment,自然,Nature,自然资源,Natural resources,hsk26-zh+hsk26-en,reference/HSK_SYLLABUS_ZH.md:1511,reference/HSK_SYLLABUS_EN.md:1512,
hsk26-t5-034,5,5,34,自然与环境,Nature and environment,自然,Nature,地形地貌,Topography and landforms,hsk26-zh+hsk26-en,reference/HSK_SYLLABUS_ZH.md:1512,reference/HSK_SYLLABUS_EN.md:1513,
hsk26-t5-035,5,5,35,自然与环境,Nature and environment,自然,Nature,自然现象、自然规律,Natural phenomena and natural laws,hsk26-zh+hsk26-en,reference/HSK_SYLLABUS_ZH.md:1513,reference/HSK_SYLLABUS_EN.md:1514,
hsk26-t5-036,5,5,36,自然与环境,Nature and environment,自然,Nature,动植物,Animals and plants,hsk26-zh+hsk26-en,reference/HSK_SYLLABUS_ZH.md:1514,reference/HSK_SYLLABUS_EN.md:1515,
hsk26-t5-037,5,5,37,自然与环境,Nature and environment,环境,Environment,生态平衡,Ecological balance,hsk26-zh+hsk26-en,reference/HSK_SYLLABUS_ZH.md:1515,reference/HSK_SYLLABUS_EN.md:1516,
hsk26-t5-038,5,5,38,自然与环境,Nature and environment,环境,Environment,城市与乡村,Cities and villages,hsk26-zh+hsk26-en,reference/HSK_SYLLABUS_ZH.md:1516,reference/HSK_SYLLABUS_EN.md:1517,
hsk26-t5-039,5,5,39,自然与环境,Nature and environment,环境,Environment,环境保护,Environmental protection,hsk26-zh+hsk26-en,reference/HSK_SYLLABUS_ZH.md:1517,reference/HSK_SYLLABUS_EN.md:1518,
hsk26-t5-040,5,5,40,科学技术,Science and technology,科技发展,Technological development,产品介绍与应用,Product introduction and application,hsk26-zh+hsk26-en,reference/HSK_SYLLABUS_ZH.md:1518,reference/HSK_SYLLABUS_EN.md:1519,
hsk26-t5-041,5,5,41,科学技术,Science and technology,科学知识,Scientific knowledge,科普知识,Popular science knowledge,hsk26-zh+hsk26-en,reference/HSK_SYLLABUS_ZH.md:1519,reference/HSK_SYLLABUS_EN.md:1520,
hsk26-t5-042,5,5,42,科学技术,Science and technology,科学知识,Scientific knowledge,科研成果,Research achievements,hsk26-zh+hsk26-en,reference/HSK_SYLLABUS_ZH.md:1520,reference/HSK_SYLLABUS_EN.md:1521,
hsk26-t5-043,5,5,43,当代社会,Contemporary society,概况,Overview,行政区划,Administrative divisions,hsk26-zh+hsk26-en,reference/HSK_SYLLABUS_ZH.md:1521,reference/HSK_SYLLABUS_EN.md:1522,
hsk26-t5-044,5,5,44,当代社会,Contemporary society,概况,Overview,人口情况,Population situation,hsk26-zh+hsk26-en,reference/HSK_SYLLABUS_ZH.md:1522,reference/HSK_SYLLABUS_EN.md:1523,
hsk26-t5-045,5,5,45,当代社会,Contemporary society,概况,Overview,时代特征,Features of the times,hsk26-zh+hsk26-en,reference/HSK_SYLLABUS_ZH.md:1523,reference/HSK_SYLLABUS_EN.md:1524,
hsk26-t5-046,5,5,46,当代社会,Contemporary society,经济现象,Economic phenomena,进出口贸易,Import and export trade,hsk26-zh+hsk26-en,reference/HSK_SYLLABUS_ZH.md:1524,reference/HSK_SYLLABUS_EN.md:1525,
hsk26-t5-047,5,5,47,当代社会,Contemporary society,经济现象,Economic phenomena,商业活动,Commercial activities,hsk26-zh+hsk26-en,reference/HSK_SYLLABUS_ZH.md:1525,reference/HSK_SYLLABUS_EN.md:1526,
hsk26-t5-048,5,5,48,当代社会,Contemporary society,经济现象,Economic phenomena,经济发展,Economic development,hsk26-zh+hsk26-en,reference/HSK_SYLLABUS_ZH.md:1526,reference/HSK_SYLLABUS_EN.md:1527,
hsk26-t5-049,5,5,49,当代社会,Contemporary society,社会现象,Social phenomena,民生发展,Livelihood development,hsk26-zh+hsk26-en,reference/HSK_SYLLABUS_ZH.md:1527,reference/HSK_SYLLABUS_EN.md:1528,
hsk26-t5-050,5,5,50,当代社会,Contemporary society,社会现象,Social phenomena,新兴事物,Emerging things,hsk26-zh+hsk26-en,reference/HSK_SYLLABUS_ZH.md:1528,reference/HSK_SYLLABUS_EN.md:1529,
hsk26-t5-051,5,5,51,当代社会,Contemporary society,社会现象,Social phenomena,社会观念,Social ideas,hsk26-zh+hsk26-en,reference/HSK_SYLLABUS_ZH.md:1529,reference/HSK_SYLLABUS_EN.md:1530,
hsk26-t5-052,5,5,52,当代社会,Contemporary society,社会现象,Social phenomena,基础设施,Infrastructure,hsk26-zh+hsk26-en,reference/HSK_SYLLABUS_ZH.md:1530,reference/HSK_SYLLABUS_EN.md:1531,
hsk26-t5-053,5,5,53,当代社会,Contemporary society,文艺,Literature and art,文艺形式,Literary and artistic forms,hsk26-zh+hsk26-en,reference/HSK_SYLLABUS_ZH.md:1531,reference/HSK_SYLLABUS_EN.md:1532,
hsk26-t5-054,5,5,54,当代社会,Contemporary society,文艺,Literature and art,文艺常识,Literary and artistic common knowledge,hsk26-zh+hsk26-en,reference/HSK_SYLLABUS_ZH.md:1532,reference/HSK_SYLLABUS_EN.md:1533,
hsk26-t5-055,5,5,55,当代社会,Contemporary society,文艺,Literature and art,创作者及其作品,Creators and their works,hsk26-zh+hsk26-en,reference/HSK_SYLLABUS_ZH.md:1533,reference/HSK_SYLLABUS_EN.md:1534,
hsk26-t5-056,5,5,56,当代社会,Contemporary society,文艺,Literature and art,文艺活动,Literary and artistic activities,hsk26-zh+hsk26-en,reference/HSK_SYLLABUS_ZH.md:1534,reference/HSK_SYLLABUS_EN.md:1535,
hsk26-t5-057,5,5,57,当代社会,Contemporary society,体育,Sports,运动项目,Sports events,hsk26-zh+hsk26-en,reference/HSK_SYLLABUS_ZH.md:1535,reference/HSK_SYLLABUS_EN.md:1536,
hsk26-t5-058,5,5,58,当代社会,Contemporary society,体育,Sports,体育赛事,Sports events,hsk26-zh+hsk26-en,reference/HSK_SYLLABUS_ZH.md:1536,reference/HSK_SYLLABUS_EN.md:1537,
hsk26-t5-059,5,5,59,当代社会,Contemporary society,体育,Sports,体育名人、体育故事,Sports celebrities and sports stories,hsk26-zh+hsk26-en,reference/HSK_SYLLABUS_ZH.md:1537,reference/HSK_SYLLABUS_EN.md:1538,
hsk26-t5-060,5,5,60,当代社会,Contemporary society,中外交流,China-foreign exchange,交往故事、友好访问、国际合作等,"Exchange stories, friendly visits, international cooperation, etc.",hsk26-zh+hsk26-en,reference/HSK_SYLLABUS_ZH.md:1538,reference/HSK_SYLLABUS_EN.md:1539,
hsk26-t5-061,5,5,61,文化与传统,Culture and traditions,语言文字,Language and writing,俗语、成语、名言名句等,"Sayings, idioms, famous quotations and lines, etc.",hsk26-zh+hsk26-en,reference/HSK_SYLLABUS_ZH.md:1539,reference/HSK_SYLLABUS_EN.md:1540,
hsk26-t5-062,5,5,62,文化与传统,Culture and traditions,语言文字,Language and writing,语言现象,Language phenomena,hsk26-zh+hsk26-en,reference/HSK_SYLLABUS_ZH.md:1540,reference/HSK_SYLLABUS_EN.md:1541,
hsk26-t5-063,5,5,63,文化与传统,Culture and traditions,民俗传统,Folk customs and traditions,地方饮食及差异等,"Local foods and differences, etc.",hsk26-zh+hsk26-en,reference/HSK_SYLLABUS_ZH.md:1541,reference/HSK_SYLLABUS_EN.md:1542,
hsk26-t5-064,5,5,64,文化与传统,Culture and traditions,民俗传统,Folk customs and traditions,传统节日与习俗,Traditional festivals and customs,hsk26-zh+hsk26-en,reference/HSK_SYLLABUS_ZH.md:1542,reference/HSK_SYLLABUS_EN.md:1543,
hsk26-t5-065,5,5,65,文化与传统,Culture and traditions,民俗传统,Folk customs and traditions,民间传说,Folk legends,hsk26-zh+hsk26-en,reference/HSK_SYLLABUS_ZH.md:1543,reference/HSK_SYLLABUS_EN.md:1544,
hsk26-t5-066,5,5,66,文化与传统,Culture and traditions,民俗传统,Folk customs and traditions,古代生活,Ancient life,hsk26-zh+hsk26-en,reference/HSK_SYLLABUS_ZH.md:1544,reference/HSK_SYLLABUS_EN.md:1545,
hsk26-t5-067,5,5,67,文化与传统,Culture and traditions,人文景观,Cultural landscapes,名胜古迹、传统民居、建筑等,"Famous scenic and historic sites, traditional dwellings, buildings, etc.",hsk26-zh+hsk26-en,reference/HSK_SYLLABUS_ZH.md:1545,reference/HSK_SYLLABUS_EN.md:1546,
hsk26-t5-068,5,5,68,文化与传统,Culture and traditions,传统思想与艺术,Traditional thought and art,哲学思想,Philosophical thought,hsk26-zh+hsk26-en,reference/HSK_SYLLABUS_ZH.md:1546,reference/HSK_SYLLABUS_EN.md:1547,
hsk26-t5-069,5,5,69,文化与传统,Culture and traditions,传统思想与艺术,Traditional thought and art,传统艺术,Traditional arts,hsk26-zh+hsk26-en,reference/HSK_SYLLABUS_ZH.md:1547,reference/HSK_SYLLABUS_EN.md:1548,
hsk26-t5-070,5,5,70,文化与传统,Culture and traditions,历史,History,历史人物、历史事件,Historical figures and historical events,hsk26-zh+hsk26-en,reference/HSK_SYLLABUS_ZH.md:1548,reference/HSK_SYLLABUS_EN.md:1549,
hsk26-t5-071,5,5,71,文化与传统,Culture and traditions,古代科技,Ancient science and technology,古代科技成就,Ancient technological achievements,hsk26-zh+hsk26-en,reference/HSK_SYLLABUS_ZH.md:1549,reference/HSK_SYLLABUS_EN.md:1550,
hsk26-t5-072,5,5,72,文化与传统,Culture and traditions,古代科技,Ancient science and technology,古人科学观念、古代科学家事迹,Ancient scientific concepts and deeds of ancient scientists,hsk26-zh+hsk26-en,reference/HSK_SYLLABUS_ZH.md:1550,reference/HSK_SYLLABUS_EN.md:1551,
hsk26-t6-001,6,6,1,日常生活,Daily life,日常事务,Everyday affairs,业务办理,Service handling,hsk26-zh+hsk26-en,reference/HSK_SYLLABUS_ZH.md:1557,reference/HSK_SYLLABUS_EN.md:1558,
hsk26-t6-002,6,6,2,日常生活,Daily life,日常事务,Everyday affairs,困难求助,Seeking help with difficulties,hsk26-zh+hsk26-en,reference/HSK_SYLLABUS_ZH.md:1558,reference/HSK_SYLLABUS_EN.md:1559,
hsk26-t6-003,6,6,3,日常生活,Daily life,饮食,Food and drink,餐饮体验,Dining experience,hsk26-zh+hsk26-en,reference/HSK_SYLLABUS_ZH.md:1559,reference/HSK_SYLLABUS_EN.md:1560,
hsk26-t6-004,6,6,4,日常生活,Daily life,饮食,Food and drink,食品安全,Food safety,hsk26-zh+hsk26-en,reference/HSK_SYLLABUS_ZH.md:1560,reference/HSK_SYLLABUS_EN.md:1561,
hsk26-t6-005,6,6,5,日常生活,Daily life,交通出行,Transportation and travel,出行体验,Travel experience,hsk26-zh+hsk26-en,reference/HSK_SYLLABUS_ZH.md:1561,reference/HSK_SYLLABUS_EN.md:1562,
hsk26-t6-006,6,6,6,日常生活,Daily life,交通出行,Transportation and travel,出行攻略,Travel guides,hsk26-zh+hsk26-en,reference/HSK_SYLLABUS_ZH.md:1562,reference/HSK_SYLLABUS_EN.md:1563,
hsk26-t6-007,6,6,7,日常生活,Daily life,医疗健康,Medical care and health,就医,Medical treatment,hsk26-zh+hsk26-en,reference/HSK_SYLLABUS_ZH.md:1563,reference/HSK_SYLLABUS_EN.md:1564,
hsk26-t6-008,6,6,8,日常生活,Daily life,医疗健康,Medical care and health,健康生活,Healthy living,hsk26-zh+hsk26-en,reference/HSK_SYLLABUS_ZH.md:1564,reference/HSK_SYLLABUS_EN.md:1565,
hsk26-t6-009,6,6,9,日常生活,Daily life,社区,Community,居住情况,Living situation,hsk26-zh+hsk26-en,reference/HSK_SYLLABUS_ZH.md:1565,reference/HSK_SYLLABUS_EN.md:1566,
hsk26-t6-010,6,6,10,日常生活,Daily life,社区,Community,社区服务,Community services,hsk26-zh+hsk26-en,reference/HSK_SYLLABUS_ZH.md:1566,reference/HSK_SYLLABUS_EN.md:1567,
hsk26-t6-011,6,6,11,日常生活,Daily life,社区,Community,社区管理,Community management,hsk26-zh+hsk26-en,reference/HSK_SYLLABUS_ZH.md:1567,reference/HSK_SYLLABUS_EN.md:1568,
hsk26-t6-012,6,6,12,日常生活,Daily life,社区,Community,居民生活,Residents’ lives,hsk26-zh+hsk26-en,reference/HSK_SYLLABUS_ZH.md:1568,reference/HSK_SYLLABUS_EN.md:1569,
hsk26-t6-013,6,6,13,教育情况,Education situations,学习情况,Study situations,课程情况,Course situations,hsk26-zh+hsk26-en,reference/HSK_SYLLABUS_ZH.md:1569,reference/HSK_SYLLABUS_EN.md:1570,
hsk26-t6-014,6,6,14,教育情况,Education situations,学习情况,Study situations,教学情况,Teaching situation,hsk26-zh+hsk26-en,reference/HSK_SYLLABUS_ZH.md:1570,reference/HSK_SYLLABUS_EN.md:1571,
hsk26-t6-015,6,6,15,教育情况,Education situations,学习情况,Study situations,学习者,Learners,hsk26-zh+hsk26-en,reference/HSK_SYLLABUS_ZH.md:1571,reference/HSK_SYLLABUS_EN.md:1572,
hsk26-t6-016,6,6,16,教育情况,Education situations,校园生活,Campus life,校园活动,Campus activities,hsk26-zh+hsk26-en,reference/HSK_SYLLABUS_ZH.md:1572,reference/HSK_SYLLABUS_EN.md:1573,
hsk26-t6-017,6,6,17,教育情况,Education situations,校园生活,Campus life,学校情况,School situations,hsk26-zh+hsk26-en,reference/HSK_SYLLABUS_ZH.md:1573,reference/HSK_SYLLABUS_EN.md:1574,
hsk26-t6-018,6,6,18,教育情况,Education situations,教育问题,Educational issues,教育事件、教育理念、教育热点问题,"Educational events, educational ideas, and hot educational issues",hsk26-zh+hsk26-en,reference/HSK_SYLLABUS_ZH.md:1574,reference/HSK_SYLLABUS_EN.md:1575,
hsk26-t6-019,6,6,19,职场生活,Workplace life,职业与经历,Profession and experience,工作内容,Work content,hsk26-zh+hsk26-en,reference/HSK_SYLLABUS_ZH.md:1575,reference/HSK_SYLLABUS_EN.md:1576,
hsk26-t6-020,6,6,20,职场生活,Workplace life,职业与经历,Profession and experience,职场定位,Workplace positioning,hsk26-zh+hsk26-en,reference/HSK_SYLLABUS_ZH.md:1576,reference/HSK_SYLLABUS_EN.md:1577,
hsk26-t6-021,6,6,21,职场生活,Workplace life,经营与管理,Operation and management,人员管理,Personnel management,hsk26-zh+hsk26-en,reference/HSK_SYLLABUS_ZH.md:1577,reference/HSK_SYLLABUS_EN.md:1578,
hsk26-t6-022,6,6,22,职场生活,Workplace life,经营与管理,Operation and management,企业发展,Enterprise development,hsk26-zh+hsk26-en,reference/HSK_SYLLABUS_ZH.md:1578,reference/HSK_SYLLABUS_EN.md:1579,
hsk26-t6-023,6,6,23,自然与环境,Nature and environment,自然,Nature,地理分区,Geographic divisions,hsk26-zh+hsk26-en,reference/HSK_SYLLABUS_ZH.md:1579,reference/HSK_SYLLABUS_EN.md:1580,topic hierarchy corrected from aligned EN structure
hsk26-t6-024,6,6,24,自然与环境,Nature and environment,自然,Nature,地形地貌,Topography and landforms,hsk26-zh+hsk26-en,reference/HSK_SYLLABUS_ZH.md:1580,reference/HSK_SYLLABUS_EN.md:1581,
hsk26-t6-025,6,6,25,自然与环境,Nature and environment,自然,Nature,自然现象,Natural phenomena,hsk26-zh+hsk26-en,reference/HSK_SYLLABUS_ZH.md:1581,reference/HSK_SYLLABUS_EN.md:1582,
hsk26-t6-026,6,6,26,自然与环境,Nature and environment,自然,Nature,动植物,Animals and plants,hsk26-zh+hsk26-en,reference/HSK_SYLLABUS_ZH.md:1582,reference/HSK_SYLLABUS_EN.md:1583,
hsk26-t6-027,6,6,27,自然与环境,Nature and environment,自然,Nature,自然资源,Natural resources,hsk26-zh+hsk26-en,reference/HSK_SYLLABUS_ZH.md:1583,reference/HSK_SYLLABUS_EN.md:1584,
hsk26-t6-028,6,6,28,自然与环境,Nature and environment,自然,Nature,自然规律,Natural laws,hsk26-zh+hsk26-en,reference/HSK_SYLLABUS_ZH.md:1584,reference/HSK_SYLLABUS_EN.md:1585,
hsk26-t6-029,6,6,29,自然与环境,Nature and environment,环境,Environment,灾害,Disasters,hsk26-zh+hsk26-en,reference/HSK_SYLLABUS_ZH.md:1585,reference/HSK_SYLLABUS_EN.md:1586,
hsk26-t6-030,6,6,30,自然与环境,Nature and environment,环境,Environment,能源开发,Energy development,hsk26-zh+hsk26-en,reference/HSK_SYLLABUS_ZH.md:1586,reference/HSK_SYLLABUS_EN.md:1587,
hsk26-t6-031,6,6,31,自然与环境,Nature and environment,环境,Environment,环境保护,Environmental protection,hsk26-zh+hsk26-en,reference/HSK_SYLLABUS_ZH.md:1587,reference/HSK_SYLLABUS_EN.md:1588,
hsk26-t6-032,6,6,32,自然与环境,Nature and environment,环境,Environment,基础设施,Infrastructure,hsk26-zh+hsk26-en,reference/HSK_SYLLABUS_ZH.md:1588,reference/HSK_SYLLABUS_EN.md:1589,
hsk26-t6-033,6,6,33,科学技术,Science and technology,科技发展,Technological development,生活类科技产品,Life-related technology products,hsk26-zh+hsk26-en,reference/HSK_SYLLABUS_ZH.md:1589,reference/HSK_SYLLABUS_EN.md:1590,
hsk26-t6-034,6,6,34,科学技术,Science and technology,科技发展,Technological development,信息科技产品,Information technology products,hsk26-zh+hsk26-en,reference/HSK_SYLLABUS_ZH.md:1590,reference/HSK_SYLLABUS_EN.md:1591,
hsk26-t6-035,6,6,35,科学技术,Science and technology,科学知识,Scientific knowledge,科普知识,Popular science knowledge,hsk26-zh+hsk26-en,reference/HSK_SYLLABUS_ZH.md:1591,reference/HSK_SYLLABUS_EN.md:1592,
hsk26-t6-036,6,6,36,科学技术,Science and technology,科学知识,Scientific knowledge,科研成果,Research achievements,hsk26-zh+hsk26-en,reference/HSK_SYLLABUS_ZH.md:1592,reference/HSK_SYLLABUS_EN.md:1593,
hsk26-t6-037,6,6,37,科学技术,Science and technology,科学知识,Scientific knowledge,科普工作,Popular science work,hsk26-zh+hsk26-en,reference/HSK_SYLLABUS_ZH.md:1593,reference/HSK_SYLLABUS_EN.md:1594,
hsk26-t6-038,6,6,38,当代社会,Contemporary society,经济现象,Economic phenomena,商贸活动,Trade and commercial activities,hsk26-zh+hsk26-en,reference/HSK_SYLLABUS_ZH.md:1594,reference/HSK_SYLLABUS_EN.md:1595,
hsk26-t6-039,6,6,39,当代社会,Contemporary society,经济现象,Economic phenomena,投资理财,Investment and financial management,hsk26-zh+hsk26-en,reference/HSK_SYLLABUS_ZH.md:1595,reference/HSK_SYLLABUS_EN.md:1596,
hsk26-t6-040,6,6,40,当代社会,Contemporary society,经济现象,Economic phenomena,财务与消费,Finance and consumption,hsk26-zh+hsk26-en,reference/HSK_SYLLABUS_ZH.md:1596,reference/HSK_SYLLABUS_EN.md:1597,
hsk26-t6-041,6,6,41,当代社会,Contemporary society,经济现象,Economic phenomena,经济发展,Economic development,hsk26-zh+hsk26-en,reference/HSK_SYLLABUS_ZH.md:1597,reference/HSK_SYLLABUS_EN.md:1598,
hsk26-t6-042,6,6,42,当代社会,Contemporary society,社会现象,Social phenomena,民生发展,Livelihood development,hsk26-zh+hsk26-en,reference/HSK_SYLLABUS_ZH.md:1598,reference/HSK_SYLLABUS_EN.md:1599,
hsk26-t6-043,6,6,43,当代社会,Contemporary society,社会现象,Social phenomena,新兴事物,Emerging things,hsk26-zh+hsk26-en,reference/HSK_SYLLABUS_ZH.md:1599,reference/HSK_SYLLABUS_EN.md:1600,
hsk26-t6-044,6,6,44,当代社会,Contemporary society,社会现象,Social phenomena,潮流风气,Trends and fashions,hsk26-zh+hsk26-en,reference/HSK_SYLLABUS_ZH.md:1600,reference/HSK_SYLLABUS_EN.md:1601,
hsk26-t6-045,6,6,45,当代社会,Contemporary society,社会现象,Social phenomena,公益活动,Public-interest activities,hsk26-zh+hsk26-en,reference/HSK_SYLLABUS_ZH.md:1601,reference/HSK_SYLLABUS_EN.md:1602,
hsk26-t6-046,6,6,46,当代社会,Contemporary society,社会现象,Social phenomena,新闻热点,News hot topics,hsk26-zh+hsk26-en,reference/HSK_SYLLABUS_ZH.md:1602,reference/HSK_SYLLABUS_EN.md:1603,
hsk26-t6-047,6,6,47,当代社会,Contemporary society,文艺,Literature and art,文艺形式,Literary and artistic forms,hsk26-zh+hsk26-en,reference/HSK_SYLLABUS_ZH.md:1603,reference/HSK_SYLLABUS_EN.md:1604,
hsk26-t6-048,6,6,48,当代社会,Contemporary society,文艺,Literature and art,文艺常识,Literary and artistic common knowledge,hsk26-zh+hsk26-en,reference/HSK_SYLLABUS_ZH.md:1604,reference/HSK_SYLLABUS_EN.md:1605,
hsk26-t6-049,6,6,49,当代社会,Contemporary society,文艺,Literature and art,创作者及其作品,Creators and their works,hsk26-zh+hsk26-en,reference/HSK_SYLLABUS_ZH.md:1605,reference/HSK_SYLLABUS_EN.md:1606,
hsk26-t6-050,6,6,50,当代社会,Contemporary society,文艺,Literature and art,文艺活动,Literary and artistic activities,hsk26-zh+hsk26-en,reference/HSK_SYLLABUS_ZH.md:1606,reference/HSK_SYLLABUS_EN.md:1607,
hsk26-t6-051,6,6,51,当代社会,Contemporary society,体育,Sports,运动项目,Sports events,hsk26-zh+hsk26-en,reference/HSK_SYLLABUS_ZH.md:1607,reference/HSK_SYLLABUS_EN.md:1608,
hsk26-t6-052,6,6,52,当代社会,Contemporary society,体育,Sports,体育赛事,Sports events,hsk26-zh+hsk26-en,reference/HSK_SYLLABUS_ZH.md:1608,reference/HSK_SYLLABUS_EN.md:1609,
hsk26-t6-053,6,6,53,当代社会,Contemporary society,体育,Sports,体育名人、体育故事等,"Sports celebrities, sports stories, etc.",hsk26-zh+hsk26-en,reference/HSK_SYLLABUS_ZH.md:1609,reference/HSK_SYLLABUS_EN.md:1610,
hsk26-t6-054,6,6,54,当代社会,Contemporary society,中外交流,China-foreign exchange,国际活动,International activities,hsk26-zh+hsk26-en,reference/HSK_SYLLABUS_ZH.md:1610,reference/HSK_SYLLABUS_EN.md:1611,
hsk26-t6-055,6,6,55,当代社会,Contemporary society,中外交流,China-foreign exchange,友好交流事件,Friendly exchange events,hsk26-zh+hsk26-en,reference/HSK_SYLLABUS_ZH.md:1611,reference/HSK_SYLLABUS_EN.md:1612,
hsk26-t6-056,6,6,56,文化与传统,Culture and traditions,语言文字,Language and writing,古诗词,Classical poems and lyrics,hsk26-zh+hsk26-en,reference/HSK_SYLLABUS_ZH.md:1612,reference/HSK_SYLLABUS_EN.md:1613,
hsk26-t6-057,6,6,57,文化与传统,Culture and traditions,语言文字,Language and writing,成语、俗语、方言等,"Idioms, sayings, dialects, etc.",hsk26-zh+hsk26-en,reference/HSK_SYLLABUS_ZH.md:1613,reference/HSK_SYLLABUS_EN.md:1614,
hsk26-t6-058,6,6,58,文化与传统,Culture and traditions,民俗传统,Folk customs and traditions,传统节日与习俗,Traditional festivals and customs,hsk26-zh+hsk26-en,reference/HSK_SYLLABUS_ZH.md:1614,reference/HSK_SYLLABUS_EN.md:1615,
hsk26-t6-059,6,6,59,文化与传统,Culture and traditions,民俗传统,Folk customs and traditions,民间传说,Folk legends,hsk26-zh+hsk26-en,reference/HSK_SYLLABUS_ZH.md:1615,reference/HSK_SYLLABUS_EN.md:1616,
hsk26-t6-060,6,6,60,文化与传统,Culture and traditions,民俗传统,Folk customs and traditions,古代生活,Ancient life,hsk26-zh+hsk26-en,reference/HSK_SYLLABUS_ZH.md:1616,reference/HSK_SYLLABUS_EN.md:1617,
hsk26-t6-061,6,6,61,文化与传统,Culture and traditions,人文景观,Cultural landscapes,名胜古迹、传统民居、建筑等,"Famous scenic and historic sites, traditional dwellings, buildings, etc.",hsk26-zh+hsk26-en,reference/HSK_SYLLABUS_ZH.md:1617,reference/HSK_SYLLABUS_EN.md:1618,
hsk26-t6-062,6,6,62,文化与传统,Culture and traditions,传统思想与艺术,Traditional thought and art,哲学思想,Philosophical thought,hsk26-zh+hsk26-en,reference/HSK_SYLLABUS_ZH.md:1618,reference/HSK_SYLLABUS_EN.md:1619,
hsk26-t6-063,6,6,63,文化与传统,Culture and traditions,传统思想与艺术,Traditional thought and art,传统艺术,Traditional arts,hsk26-zh+hsk26-en,reference/HSK_SYLLABUS_ZH.md:1619,reference/HSK_SYLLABUS_EN.md:1620,
hsk26-t6-064,6,6,64,文化与传统,Culture and traditions,传统思想与艺术,Traditional thought and art,传统审美意象,Traditional aesthetic images,hsk26-zh+hsk26-en,reference/HSK_SYLLABUS_ZH.md:1620,reference/HSK_SYLLABUS_EN.md:1621,
hsk26-t6-065,6,6,65,文化与传统,Culture and traditions,历史,History,历史人物、器物与事件,"Historical figures, artifacts, and events",hsk26-zh+hsk26-en,reference/HSK_SYLLABUS_ZH.md:1621,reference/HSK_SYLLABUS_EN.md:1622,
hsk26-t6-066,6,6,66,文化与传统,Culture and traditions,历史,History,朝代概况,Overview of dynasties,hsk26-zh+hsk26-en,reference/HSK_SYLLABUS_ZH.md:1622,reference/HSK_SYLLABUS_EN.md:1623,
hsk26-t6-067,6,6,67,文化与传统,Culture and traditions,古代科技,Ancient science and technology,古代科技成就,Ancient technological achievements,hsk26-zh+hsk26-en,reference/HSK_SYLLABUS_ZH.md:1623,reference/HSK_SYLLABUS_EN.md:1624,
hsk26-t6-068,6,6,68,文化与传统,Culture and traditions,古代科技,Ancient science and technology,古人科学观念、古代科学家事迹,Ancient scientific concepts and deeds of ancient scientists,hsk26-zh+hsk26-en,reference/HSK_SYLLABUS_ZH.md:1624,reference/HSK_SYLLABUS_EN.md:1625,
hsk26-t79-001,7,9,1,个体与社会,Individuals and society,人际交往,Interpersonal interaction,人际关系,Interpersonal relationships,hsk26-zh+hsk26-en,reference/HSK_SYLLABUS_ZH.md:1631,reference/HSK_SYLLABUS_EN.md:1632,
hsk26-t79-002,7,9,2,个体与社会,Individuals and society,人际交往,Interpersonal interaction,中国人际交往中的品行观念和评价,Concepts and evaluations of conduct in Chinese interpersonal interaction,hsk26-zh+hsk26-en,reference/HSK_SYLLABUS_ZH.md:1632,reference/HSK_SYLLABUS_EN.md:1633,
hsk26-t79-003,7,9,3,个体与社会,Individuals and society,形象服饰,Image and clothing,不同文化和场合符合礼仪的形象,Etiquette-appropriate image in different cultures and occasions,hsk26-zh+hsk26-en,reference/HSK_SYLLABUS_ZH.md:1633,reference/HSK_SYLLABUS_EN.md:1634,
hsk26-t79-004,7,9,4,个体与社会,Individuals and society,形象服饰,Image and clothing,服饰搭配与风格,Clothing matching and style,hsk26-zh+hsk26-en,reference/HSK_SYLLABUS_ZH.md:1634,reference/HSK_SYLLABUS_EN.md:1635,
hsk26-t79-005,7,9,5,个体与社会,Individuals and society,形象服饰,Image and clothing,中式服装特点与审美,Features and aesthetics of Chinese-style clothing,hsk26-zh+hsk26-en,reference/HSK_SYLLABUS_ZH.md:1635,reference/HSK_SYLLABUS_EN.md:1636,
hsk26-t79-006,7,9,6,个体与社会,Individuals and society,饮食餐饮,Food and dining,具有代表性的中国饮食观念、烹饪方法,Representative Chinese food concepts and cooking methods,hsk26-zh+hsk26-en,reference/HSK_SYLLABUS_ZH.md:1636,reference/HSK_SYLLABUS_EN.md:1637,
hsk26-t79-007,7,9,7,个体与社会,Individuals and society,饮食餐饮,Food and dining,多样化的地域饮食特色,Diverse regional food characteristics,hsk26-zh+hsk26-en,reference/HSK_SYLLABUS_ZH.md:1637,reference/HSK_SYLLABUS_EN.md:1638,
hsk26-t79-008,7,9,8,个体与社会,Individuals and society,饮食餐饮,Food and dining,各种餐饮形态的特点和代表品种,Characteristics and representative varieties of various dining forms,hsk26-zh+hsk26-en,reference/HSK_SYLLABUS_ZH.md:1638,reference/HSK_SYLLABUS_EN.md:1639,
hsk26-t79-009,7,9,9,个体与社会,Individuals and society,饮食餐饮,Food and dining,中国餐桌文化及含义,Chinese table culture and its meanings,hsk26-zh+hsk26-en,reference/HSK_SYLLABUS_ZH.md:1639,reference/HSK_SYLLABUS_EN.md:1640,
hsk26-t79-010,7,9,10,个体与社会,Individuals and society,建筑与社区,Architecture and community,建筑与社区文化,Architecture and community culture,hsk26-zh+hsk26-en,reference/HSK_SYLLABUS_ZH.md:1640,reference/HSK_SYLLABUS_EN.md:1641,
hsk26-t79-011,7,9,11,个体与社会,Individuals and society,建筑与社区,Architecture and community,社区空间、设施的规划与建设,Planning and construction of community spaces and facilities,hsk26-zh+hsk26-en,reference/HSK_SYLLABUS_ZH.md:1641,reference/HSK_SYLLABUS_EN.md:1642,
hsk26-t79-012,7,9,12,个体与社会,Individuals and society,建筑与社区,Architecture and community,建筑功能设计与建设,Building functional design and construction,hsk26-zh+hsk26-en,reference/HSK_SYLLABUS_ZH.md:1642,reference/HSK_SYLLABUS_EN.md:1643,
hsk26-t79-013,7,9,13,个体与社会,Individuals and society,建筑与社区,Architecture and community,房屋买卖与租赁,"Housing purchase, sale, and rental",hsk26-zh+hsk26-en,reference/HSK_SYLLABUS_ZH.md:1643,reference/HSK_SYLLABUS_EN.md:1644,
hsk26-t79-014,7,9,14,个体与社会,Individuals and society,休闲娱乐,Leisure and entertainment,旅游度假,Travel and vacation,hsk26-zh+hsk26-en,reference/HSK_SYLLABUS_ZH.md:1644,reference/HSK_SYLLABUS_EN.md:1645,
hsk26-t79-015,7,9,15,个体与社会,Individuals and society,休闲娱乐,Leisure and entertainment,运动健身,Sports and fitness,hsk26-zh+hsk26-en,reference/HSK_SYLLABUS_ZH.md:1645,reference/HSK_SYLLABUS_EN.md:1646,
hsk26-t79-016,7,9,16,个体与社会,Individuals and society,休闲娱乐,Leisure and entertainment,文化娱乐,Cultural entertainment,hsk26-zh+hsk26-en,reference/HSK_SYLLABUS_ZH.md:1646,reference/HSK_SYLLABUS_EN.md:1647,
hsk26-t79-017,7,9,17,个体与社会,Individuals and society,休闲娱乐,Leisure and entertainment,购物休闲,Shopping and leisure,hsk26-zh+hsk26-en,reference/HSK_SYLLABUS_ZH.md:1647,reference/HSK_SYLLABUS_EN.md:1648,
hsk26-t79-018,7,9,18,个体与社会,Individuals and society,学业职业,Studies and careers,专业学习,Specialized study,hsk26-zh+hsk26-en,reference/HSK_SYLLABUS_ZH.md:1648,reference/HSK_SYLLABUS_EN.md:1649,
hsk26-t79-019,7,9,19,个体与社会,Individuals and society,学业职业,Studies and careers,学业发展与生涯规划,Academic development and career planning,hsk26-zh+hsk26-en,reference/HSK_SYLLABUS_ZH.md:1649,reference/HSK_SYLLABUS_EN.md:1650,
hsk26-t79-020,7,9,20,个体与社会,Individuals and society,学业职业,Studies and careers,职业发展,Career development,hsk26-zh+hsk26-en,reference/HSK_SYLLABUS_ZH.md:1650,reference/HSK_SYLLABUS_EN.md:1651,
hsk26-t79-021,7,9,21,国家与社会,Country and society,人口与发展,Population and development,人口流动与管理,Population mobility and management,hsk26-zh+hsk26-en,reference/HSK_SYLLABUS_ZH.md:1651,reference/HSK_SYLLABUS_EN.md:1652,topic hierarchy corrected from aligned EN structure
hsk26-t79-022,7,9,22,国家与社会,Country and society,人口与发展,Population and development,老龄化,Aging,hsk26-zh+hsk26-en,reference/HSK_SYLLABUS_ZH.md:1652,reference/HSK_SYLLABUS_EN.md:1653,
hsk26-t79-023,7,9,23,国家与社会,Country and society,人口与发展,Population and development,人口发展,Population development,hsk26-zh+hsk26-en,reference/HSK_SYLLABUS_ZH.md:1653,reference/HSK_SYLLABUS_EN.md:1654,
hsk26-t79-024,7,9,24,国家与社会,Country and society,教育发展,Educational development,教育政策,Educational policy,hsk26-zh+hsk26-en,reference/HSK_SYLLABUS_ZH.md:1654,reference/HSK_SYLLABUS_EN.md:1655,
hsk26-t79-025,7,9,25,国家与社会,Country and society,教育发展,Educational development,高等教育体制,Higher education system,hsk26-zh+hsk26-en,reference/HSK_SYLLABUS_ZH.md:1655,reference/HSK_SYLLABUS_EN.md:1656,
hsk26-t79-026,7,9,26,国家与社会,Country and society,教育发展,Educational development,教育高质量发展,High-quality development of education,hsk26-zh+hsk26-en,reference/HSK_SYLLABUS_ZH.md:1656,reference/HSK_SYLLABUS_EN.md:1657,
hsk26-t79-027,7,9,27,国家与社会,Country and society,媒介与传播,Media and communication,正式表达与非正式表达,Formal and informal expression,hsk26-zh+hsk26-en,reference/HSK_SYLLABUS_ZH.md:1657,reference/HSK_SYLLABUS_EN.md:1658,
hsk26-t79-028,7,9,28,国家与社会,Country and society,媒介与传播,Media and communication,媒介与信息传播,Media and information dissemination,hsk26-zh+hsk26-en,reference/HSK_SYLLABUS_ZH.md:1658,reference/HSK_SYLLABUS_EN.md:1659,
hsk26-t79-029,7,9,29,国家与社会,Country and society,媒介与传播,Media and communication,数字媒介素养,Digital media literacy,hsk26-zh+hsk26-en,reference/HSK_SYLLABUS_ZH.md:1659,reference/HSK_SYLLABUS_EN.md:1660,
hsk26-t79-030,7,9,30,国家与社会,Country and society,媒介与传播,Media and communication,知识共享与版权保护,Knowledge sharing and copyright protection,hsk26-zh+hsk26-en,reference/HSK_SYLLABUS_ZH.md:1660,reference/HSK_SYLLABUS_EN.md:1661,
hsk26-t79-031,7,9,31,国家与社会,Country and society,健康与医疗,Health and medical care,疾病诊疗与公共卫生,Disease diagnosis and treatment and public health,hsk26-zh+hsk26-en,reference/HSK_SYLLABUS_ZH.md:1661,reference/HSK_SYLLABUS_EN.md:1662,
hsk26-t79-032,7,9,32,国家与社会,Country and society,健康与医疗,Health and medical care,心理健康与心理治疗,Mental health and psychotherapy,hsk26-zh+hsk26-en,reference/HSK_SYLLABUS_ZH.md:1662,reference/HSK_SYLLABUS_EN.md:1663,
hsk26-t79-033,7,9,33,国家与社会,Country and society,健康与医疗,Health and medical care,医学技术创新与伦理,Medical technology innovation and ethics,hsk26-zh+hsk26-en,reference/HSK_SYLLABUS_ZH.md:1663,reference/HSK_SYLLABUS_EN.md:1664,
hsk26-t79-034,7,9,34,国家与社会,Country and society,健康与医疗,Health and medical care,中医和西医,Chinese medicine and Western medicine,hsk26-zh+hsk26-en,reference/HSK_SYLLABUS_ZH.md:1664,reference/HSK_SYLLABUS_EN.md:1665,
hsk26-t79-035,7,9,35,国家与社会,Country and society,交通与运输,Transportation and transport,交通运输系统建设和影响,Construction and influence of transportation systems,hsk26-zh+hsk26-en,reference/HSK_SYLLABUS_ZH.md:1665,reference/HSK_SYLLABUS_EN.md:1666,
hsk26-t79-036,7,9,36,国家与社会,Country and society,交通与运输,Transportation and transport,各种运输方式的特点和发展趋势,Characteristics and development trends of various transport modes,hsk26-zh+hsk26-en,reference/HSK_SYLLABUS_ZH.md:1666,reference/HSK_SYLLABUS_EN.md:1667,
hsk26-t79-037,7,9,37,国家与社会,Country and society,交通与运输,Transportation and transport,城市交通系统规划与发展,Urban transportation system planning and development,hsk26-zh+hsk26-en,reference/HSK_SYLLABUS_ZH.md:1667,reference/HSK_SYLLABUS_EN.md:1668,
hsk26-t79-038,7,9,38,国家与社会,Country and society,经济与生产,Economy and production,宏观经济,Macroeconomy,hsk26-zh+hsk26-en,reference/HSK_SYLLABUS_ZH.md:1668,reference/HSK_SYLLABUS_EN.md:1669,
hsk26-t79-039,7,9,39,国家与社会,Country and society,经济与生产,Economy and production,产业发展,Industrial development,hsk26-zh+hsk26-en,reference/HSK_SYLLABUS_ZH.md:1669,reference/HSK_SYLLABUS_EN.md:1670,
hsk26-t79-040,7,9,40,国家与社会,Country and society,经济与生产,Economy and production,农、林、牧、渔业生产,"Agricultural, forestry, animal-husbandry, and fishery production",hsk26-zh+hsk26-en,reference/HSK_SYLLABUS_ZH.md:1670,reference/HSK_SYLLABUS_EN.md:1671,
hsk26-t79-041,7,9,41,国家与社会,Country and society,经济与生产,Economy and production,工业生产,Industrial production,hsk26-zh+hsk26-en,reference/HSK_SYLLABUS_ZH.md:1671,reference/HSK_SYLLABUS_EN.md:1672,
hsk26-t79-042,7,9,42,国家与社会,Country and society,经济与生产,Economy and production,金融服务贸易,Financial services and trade,hsk26-zh+hsk26-en,reference/HSK_SYLLABUS_ZH.md:1672,reference/HSK_SYLLABUS_EN.md:1673,
hsk26-t79-043,7,9,43,国家与社会,Country and society,经济与生产,Economy and production,企业运营,Enterprise operations,hsk26-zh+hsk26-en,reference/HSK_SYLLABUS_ZH.md:1673,reference/HSK_SYLLABUS_EN.md:1674,
hsk26-t79-044,7,9,44,国家与社会,Country and society,法制与治安,Legal system and public security,法制建设,Legal-system construction,hsk26-zh+hsk26-en,reference/HSK_SYLLABUS_ZH.md:1674,reference/HSK_SYLLABUS_EN.md:1675,
hsk26-t79-045,7,9,45,国家与社会,Country and society,法制与治安,Legal system and public security,治安管理,Public security management,hsk26-zh+hsk26-en,reference/HSK_SYLLABUS_ZH.md:1675,reference/HSK_SYLLABUS_EN.md:1676,
hsk26-t79-046,7,9,46,国家与社会,Country and society,社会公共管理,Social public administration,社会保障,Social security,hsk26-zh+hsk26-en,reference/HSK_SYLLABUS_ZH.md:1676,reference/HSK_SYLLABUS_EN.md:1677,
hsk26-t79-047,7,9,47,国家与社会,Country and society,社会公共管理,Social public administration,劳动就业,Labor and employment,hsk26-zh+hsk26-en,reference/HSK_SYLLABUS_ZH.md:1677,reference/HSK_SYLLABUS_EN.md:1678,
hsk26-t79-048,7,9,48,国家与社会,Country and society,社会公共管理,Social public administration,公共基础设施建设,Public infrastructure construction,hsk26-zh+hsk26-en,reference/HSK_SYLLABUS_ZH.md:1678,reference/HSK_SYLLABUS_EN.md:1679,
hsk26-t79-049,7,9,49,国家与社会,Country and society,社会公共管理,Social public administration,社会公共组织,Social public organizations,hsk26-zh+hsk26-en,reference/HSK_SYLLABUS_ZH.md:1679,reference/HSK_SYLLABUS_EN.md:1680,
hsk26-t79-050,7,9,50,国家与社会,Country and society,社会公共管理,Social public administration,社会基层治理,Grassroots social governance,hsk26-zh+hsk26-en,reference/HSK_SYLLABUS_ZH.md:1680,reference/HSK_SYLLABUS_EN.md:1681,
hsk26-t79-051,7,9,51,文化与传统,Culture and traditions,文学艺术,Literature and art,中国传统文化意象及在不同文学艺术形式中的表现,Chinese traditional cultural images and their expression in different literary and artistic forms,hsk26-zh+hsk26-en,reference/HSK_SYLLABUS_ZH.md:1681,reference/HSK_SYLLABUS_EN.md:1682,topic hierarchy corrected from aligned EN structure
hsk26-t79-052,7,9,52,文化与传统,Culture and traditions,文学艺术,Literature and art,不同文学形式的特点和作品欣赏,Characteristics and appreciation of works in different literary forms,hsk26-zh+hsk26-en,reference/HSK_SYLLABUS_ZH.md:1682,reference/HSK_SYLLABUS_EN.md:1683,
hsk26-t79-053,7,9,53,文化与传统,Culture and traditions,文学艺术,Literature and art,不同艺术形式的特点和作品欣赏,Characteristics and appreciation of works in different art forms,hsk26-zh+hsk26-en,reference/HSK_SYLLABUS_ZH.md:1683,reference/HSK_SYLLABUS_EN.md:1684,
hsk26-t79-054,7,9,54,文化与传统,Culture and traditions,历史,History,中国历史发展基本脉络,Basic trajectory of Chinese historical development,hsk26-zh+hsk26-en,reference/HSK_SYLLABUS_ZH.md:1684,reference/HSK_SYLLABUS_EN.md:1685,
hsk26-t79-055,7,9,55,文化与传统,Culture and traditions,历史,History,中国重大历史事件和历史人物,Major Chinese historical events and historical figures,hsk26-zh+hsk26-en,reference/HSK_SYLLABUS_ZH.md:1685,reference/HSK_SYLLABUS_EN.md:1686,
hsk26-t79-056,7,9,56,文化与传统,Culture and traditions,哲学思想,Philosophical thought,儒家主要思想、代表人物和影响,"Main Confucian ideas, representative figures, and influence",hsk26-zh+hsk26-en,reference/HSK_SYLLABUS_ZH.md:1686,reference/HSK_SYLLABUS_EN.md:1687,
hsk26-t79-057,7,9,57,文化与传统,Culture and traditions,哲学思想,Philosophical thought,道家主要思想、代表人物和影响,"Main Daoist ideas, representative figures, and influence",hsk26-zh+hsk26-en,reference/HSK_SYLLABUS_ZH.md:1687,reference/HSK_SYLLABUS_EN.md:1688,
hsk26-t79-058,7,9,58,文化与传统,Culture and traditions,习俗礼俗,Customs and rites,农历岁时节令习俗,Lunar-calendar seasonal and festival customs,hsk26-zh+hsk26-en,reference/HSK_SYLLABUS_ZH.md:1688,reference/HSK_SYLLABUS_EN.md:1689,
hsk26-t79-059,7,9,59,文化与传统,Culture and traditions,习俗礼俗,Customs and rites,节庆习俗,Festival customs,hsk26-zh+hsk26-en,reference/HSK_SYLLABUS_ZH.md:1689,reference/HSK_SYLLABUS_EN.md:1690,
hsk26-t79-060,7,9,60,文化与传统,Culture and traditions,习俗礼俗,Customs and rites,婚嫁习俗,Marriage customs,hsk26-zh+hsk26-en,reference/HSK_SYLLABUS_ZH.md:1690,reference/HSK_SYLLABUS_EN.md:1691,
hsk26-t79-061,7,9,61,文化与传统,Culture and traditions,习俗礼俗,Customs and rites,生日习俗,Birthday customs,hsk26-zh+hsk26-en,reference/HSK_SYLLABUS_ZH.md:1691,reference/HSK_SYLLABUS_EN.md:1692,
hsk26-t79-062,7,9,62,文化与传统,Culture and traditions,习俗礼俗,Customs and rites,丧葬习俗,Funeral customs,hsk26-zh+hsk26-en,reference/HSK_SYLLABUS_ZH.md:1692,reference/HSK_SYLLABUS_EN.md:1693,
hsk26-t79-063,7,9,63,文化与传统,Culture and traditions,文化遗产,Cultural heritage,中国重要的人类物质文化遗产及影响,Important Chinese tangible cultural heritage of humanity and its influence,hsk26-zh+hsk26-en,reference/HSK_SYLLABUS_ZH.md:1693,reference/HSK_SYLLABUS_EN.md:1694,
hsk26-t79-064,7,9,64,文化与传统,Culture and traditions,文化遗产,Cultural heritage,中国重要的人类非物质文化遗产及影响,Important Chinese intangible cultural heritage of humanity and its influence,hsk26-zh+hsk26-en,reference/HSK_SYLLABUS_ZH.md:1694,reference/HSK_SYLLABUS_EN.md:1695,
hsk26-t79-065,7,9,65,文化与传统,Culture and traditions,文化遗产,Cultural heritage,文化遗产保护、传承与发扬,"Protection, transmission, and development of cultural heritage",hsk26-zh+hsk26-en,reference/HSK_SYLLABUS_ZH.md:1695,reference/HSK_SYLLABUS_EN.md:1696,
hsk26-t79-066,7,9,66,自然与环境,Nature and environment,宇宙环境,Cosmic environment,宇宙的起源与演化,Origin and evolution of the universe,hsk26-zh+hsk26-en,reference/HSK_SYLLABUS_ZH.md:1696,reference/HSK_SYLLABUS_EN.md:1697,
hsk26-t79-067,7,9,67,自然与环境,Nature and environment,宇宙环境,Cosmic environment,宇宙的结构与物质,Structure and matter of the universe,hsk26-zh+hsk26-en,reference/HSK_SYLLABUS_ZH.md:1697,reference/HSK_SYLLABUS_EN.md:1698,
hsk26-t79-068,7,9,68,自然与环境,Nature and environment,宇宙环境,Cosmic environment,人类的太空探索与发现,Human space exploration and discoveries,hsk26-zh+hsk26-en,reference/HSK_SYLLABUS_ZH.md:1698,reference/HSK_SYLLABUS_EN.md:1699,
hsk26-t79-069,7,9,69,自然与环境,Nature and environment,地质环境,Geological environment,地球构造,Earth structure,hsk26-zh+hsk26-en,reference/HSK_SYLLABUS_ZH.md:1699,reference/HSK_SYLLABUS_EN.md:1700,
hsk26-t79-070,7,9,70,自然与环境,Nature and environment,地质环境,Geological environment,地形、地势、地貌特点,"Features of terrain, topography, and landforms",hsk26-zh+hsk26-en,reference/HSK_SYLLABUS_ZH.md:1700,reference/HSK_SYLLABUS_EN.md:1701,
hsk26-t79-071,7,9,71,自然与环境,Nature and environment,地质环境,Geological environment,地形、地势对经济、人文活动的影响,Influence of terrain and topography on economic and human activities,hsk26-zh+hsk26-en,reference/HSK_SYLLABUS_ZH.md:1701,reference/HSK_SYLLABUS_EN.md:1702,
hsk26-t79-072,7,9,72,自然与环境,Nature and environment,地质环境,Geological environment,矿产资源,Mineral resources,hsk26-zh+hsk26-en,reference/HSK_SYLLABUS_ZH.md:1702,reference/HSK_SYLLABUS_EN.md:1703,
hsk26-t79-073,7,9,73,自然与环境,Nature and environment,大气环境,Atmospheric environment,不同气候类型,Different climate types,hsk26-zh+hsk26-en,reference/HSK_SYLLABUS_ZH.md:1703,reference/HSK_SYLLABUS_EN.md:1704,
hsk26-t79-074,7,9,74,自然与环境,Nature and environment,大气环境,Atmospheric environment,气候变化,Climate change,hsk26-zh+hsk26-en,reference/HSK_SYLLABUS_ZH.md:1704,reference/HSK_SYLLABUS_EN.md:1705,
hsk26-t79-075,7,9,75,自然与环境,Nature and environment,大气环境,Atmospheric environment,大气监测,Atmospheric monitoring,hsk26-zh+hsk26-en,reference/HSK_SYLLABUS_ZH.md:1705,reference/HSK_SYLLABUS_EN.md:1706,
hsk26-t79-076,7,9,76,自然与环境,Nature and environment,水环境,Water environment,水资源分布和利用,Distribution and use of water resources,hsk26-zh+hsk26-en,reference/HSK_SYLLABUS_ZH.md:1706,reference/HSK_SYLLABUS_EN.md:1707,
hsk26-t79-077,7,9,77,自然与环境,Nature and environment,水环境,Water environment,水生态保护与可持续发展,Water-ecology protection and sustainable development,hsk26-zh+hsk26-en,reference/HSK_SYLLABUS_ZH.md:1707,reference/HSK_SYLLABUS_EN.md:1708,
hsk26-t79-078,7,9,78,自然与环境,Nature and environment,土地环境,Land environment,土地资源分布和利用,Distribution and use of land resources,hsk26-zh+hsk26-en,reference/HSK_SYLLABUS_ZH.md:1708,reference/HSK_SYLLABUS_EN.md:1709,
hsk26-t79-079,7,9,79,自然与环境,Nature and environment,土地环境,Land environment,土地资源保护与可持续发展,Land-resource protection and sustainable development,hsk26-zh+hsk26-en,reference/HSK_SYLLABUS_ZH.md:1709,reference/HSK_SYLLABUS_EN.md:1710,
hsk26-t79-080,7,9,80,自然与环境,Nature and environment,生物环境,Biological environment,生物资源分布特点和利用,Distribution characteristics and use of biological resources,hsk26-zh+hsk26-en,reference/HSK_SYLLABUS_ZH.md:1710,reference/HSK_SYLLABUS_EN.md:1711,
hsk26-t79-081,7,9,81,自然与环境,Nature and environment,生物环境,Biological environment,生物资源保护与可持续发展,Biological-resource protection and sustainable development,hsk26-zh+hsk26-en,reference/HSK_SYLLABUS_ZH.md:1711,reference/HSK_SYLLABUS_EN.md:1712,
hsk26-t79-082,7,9,82,科学技术,Science and technology,信息科学 技术,Information science and technology,计算机科学,Computer science,hsk26-zh+hsk26-en,reference/HSK_SYLLABUS_ZH.md:1712,reference/HSK_SYLLABUS_EN.md:1713,
hsk26-t79-083,7,9,83,科学技术,Science and technology,信息科学 技术,Information science and technology,网络通信技术,Network communication technology,hsk26-zh+hsk26-en,reference/HSK_SYLLABUS_ZH.md:1713,reference/HSK_SYLLABUS_EN.md:1714,
hsk26-t79-084,7,9,84,科学技术,Science and technology,信息科学 技术,Information science and technology,大数据与数据分析,Big data and data analysis,hsk26-zh+hsk26-en,reference/HSK_SYLLABUS_ZH.md:1714,reference/HSK_SYLLABUS_EN.md:1715,
hsk26-t79-085,7,9,85,科学技术,Science and technology,信息科学 技术,Information science and technology,人工智能与机器学习,Artificial intelligence and machine learning,hsk26-zh+hsk26-en,reference/HSK_SYLLABUS_ZH.md:1715,reference/HSK_SYLLABUS_EN.md:1716,
hsk26-t79-086,7,9,86,科学技术,Science and technology,航空航天科学 技术,Aerospace science and technology,航天航空科技,Aerospace science and technology,hsk26-zh+hsk26-en,reference/HSK_SYLLABUS_ZH.md:1716,reference/HSK_SYLLABUS_EN.md:1717,
hsk26-t79-087,7,9,87,科学技术,Science and technology,航空航天科学 技术,Aerospace science and technology,航空航天技术应用,Applications of aerospace technology,hsk26-zh+hsk26-en,reference/HSK_SYLLABUS_ZH.md:1717,reference/HSK_SYLLABUS_EN.md:1718,
hsk26-t79-088,7,9,88,科学技术,Science and technology,生物科学 技术,Biological science and technology,生物科技与农业,Biotechnology and agriculture,hsk26-zh+hsk26-en,reference/HSK_SYLLABUS_ZH.md:1718,reference/HSK_SYLLABUS_EN.md:1719,
hsk26-t79-089,7,9,89,科学技术,Science and technology,生物科学 技术,Biological science and technology,生物科技与环保,Biotechnology and environmental protection,hsk26-zh+hsk26-en,reference/HSK_SYLLABUS_ZH.md:1719,reference/HSK_SYLLABUS_EN.md:1720,
hsk26-t79-090,7,9,90,科学技术,Science and technology,生物科学 技术,Biological science and technology,生物科技与医疗,Biotechnology and medical care,hsk26-zh+hsk26-en,reference/HSK_SYLLABUS_ZH.md:1720,reference/HSK_SYLLABUS_EN.md:1721,
hsk26-t79-091,7,9,91,科学技术,Science and technology,其他新兴科学 技术,Other emerging sciences and technologies,先进材料与制造,Advanced materials and manufacturing,hsk26-zh+hsk26-en,reference/HSK_SYLLABUS_ZH.md:1721,reference/HSK_SYLLABUS_EN.md:1722,
hsk26-t79-092,7,9,92,科学技术,Science and technology,其他新兴科学 技术,Other emerging sciences and technologies,可再生能源技术,Renewable energy technology,hsk26-zh+hsk26-en,reference/HSK_SYLLABUS_ZH.md:1722,reference/HSK_SYLLABUS_EN.md:1723,
