vocab_id,syllabus_form,hanzi,pinyin,part_of_speech_zh,active_exact_sentence_count,active_exact_card_count,approved_active_context_count,legacy_unreviewed_active_context_count,other_active_context_count,deficit_to_2,deficit_to_3,surplus_above_3,at_least_one,at_least_two,at_least_three,active_open_issue_count,active_open_issue_ids,active_sentence_ids,active_card_ids
hsk26-v00001,爱,爱,ài,动,2,2,1,1,0,0,1,0,True,True,False,0,,hsk1_sent_aug_seed_015|sent_18561d5478444e2c81d15f9f85e835e6,hsk1_sent_aug_seed_015|scard_3dc65bd203244a21bcf6a11fde2e33a7
hsk26-v00002,八,八,bā,数,3,3,1,2,0,0,0,0,True,True,True,0,,hsk1_sent_aug_dense_0001|hsk1_sent_zh_en_003|sent_4c77126929fe49fcaeb5f503f1c5fd68,hsk1_sent_aug_dense_0001|hsk1_sent_zh_en_003|scard_b6e0f9af11e84e10b8b0757c8561ac3a
hsk26-v00003,爸爸,爸爸,bàba,名,5,5,1,4,0,0,0,2,True,True,True,0,,hsk1_sent_aug_seed_012|hsk1_sent_en_zh_025|hsk1_sent_zh_en_012|hsk1_sent_zh_en_022|sent_171537a9c2644dedac6b191be2df3508,hsk1_sent_aug_seed_012|hsk1_sent_en_zh_025|hsk1_sent_zh_en_012|hsk1_sent_zh_en_022|scard_44a506c4da014e4b8ea2cba82a96a9c3
hsk26-v00004,吧,吧,ba,助,3,3,0,3,0,0,0,0,True,True,True,0,,hsk1_sent_aug_dense_0024|hsk1_sent_aug_dense_0076|hsk1_sent_aug_dense_0175,hsk1_sent_aug_dense_0024|hsk1_sent_aug_dense_0076|hsk1_sent_aug_dense_0175
hsk26-v00005,白天,白天,báitiān,名,2,2,0,2,0,0,1,0,True,True,False,0,,hsk1_sent_aug_dense_0028|hsk1_sent_aug_seed_001,hsk1_sent_aug_dense_0028|hsk1_sent_aug_seed_001
hsk26-v00006,百,百,bǎi,数,2,2,0,2,0,0,1,0,True,True,False,0,,hsk1_sent_aug_dense_0005|hsk1_sent_aug_dense_0033,hsk1_sent_aug_dense_0005|hsk1_sent_aug_dense_0033
hsk26-v00007,半,半,bàn,数、（副）,2,2,0,2,0,0,1,0,True,True,False,0,,hsk1_sent_aug_dense_0003|hsk1_sent_zh_en_003,hsk1_sent_aug_dense_0003|hsk1_sent_zh_en_003
hsk26-v00008,包子,包子,bāozi,名,2,2,0,2,0,0,1,0,True,True,False,0,,hsk1_sent_aug_dense_0016|hsk1_sent_en_zh_015,hsk1_sent_aug_dense_0016|hsk1_sent_en_zh_015
hsk26-v00009,杯子,杯子,bēizi,名,3,3,0,3,0,0,0,0,True,True,True,0,,hsk1_sent_aug_dense_0133|hsk1_sent_en_zh_051|hsk1_sent_zh_en_008,hsk1_sent_aug_dense_0133|hsk1_sent_en_zh_051|hsk1_sent_zh_en_008
hsk26-v00010,本1,本,běn,量,7,7,5,2,0,0,0,4,True,True,True,0,,hsk1_sent_zh_en_009|hsk1_sent_zh_en_050|sent_82fb2bd8c74742a29d0483a66e641d4e|sent_9386ffe143b24d46b2a376dcbbdea719|sent_9f38b94deeaf4000958519cea94ef95b|sent_a93625ea74b0463e99208b34d8e82689|sent_c33c8ebc7c724a9491362f1e25783bd2,hsk1_sent_zh_en_009|hsk1_sent_zh_en_050|scard_757ae2260a5a44998607ff53d0d939c0|scard_856e9eb024874d7e9c3ff3f26455b9e2|scard_997895700c1846b4b034f11be376bf16|scard_cbfa664785ff443e89cec95ac23a9270|scard_efb13945bdc54c6d81e5b653b3eb32b4
hsk26-v00011,边,边,biān,名、后缀,3,3,1,2,0,0,0,0,True,True,True,0,,hsk1_sent_aug_dense_0011|hsk1_sent_en_zh_045|sent_47b5f4878e474a33960398d6fd7ba005,hsk1_sent_aug_dense_0011|hsk1_sent_en_zh_045|scard_8580bb4d36824181a2b446d4668d7e01
hsk26-v00012,病,病,bìng,名、动,2,2,0,2,0,0,1,0,True,True,False,0,,hsk1_sent_aug_dense_0027|hsk1_sent_aug_dense_0061,hsk1_sent_aug_dense_0027|hsk1_sent_aug_dense_0061
hsk26-v00013,不,不,bù,副,19,19,3,16,0,0,0,16,True,True,True,0,,hsk1_sent_aug_dense_0066|hsk1_sent_en_zh_027|hsk1_sent_en_zh_028|hsk1_sent_en_zh_033|hsk1_sent_zh_en_008|hsk1_sent_zh_en_010|hsk1_sent_zh_en_026|hsk1_sent_zh_en_031|hsk1_sent_zh_en_040|hsk1_sent_zh_en_053|hsk1_sent_zh_en_054|hsk1_sent_zh_en_059|hsk1_sent_zh_qa_015|hsk1_sent_zh_qa_019|hsk1_sent_zh_qa_030|hsk1_sent_zh_qa_058|sent_030467c180204224a0b239d79f2747a3|sent_bf91994c98aa4fc08e3cf05a1b3562e8|sent_d6f18a0032f54d028b1a55e20f8ce91a,hsk1_sent_aug_dense_0066|hsk1_sent_en_zh_027|hsk1_sent_en_zh_028|hsk1_sent_en_zh_033|hsk1_sent_zh_en_008|hsk1_sent_zh_en_010|hsk1_sent_zh_en_026|hsk1_sent_zh_en_031|hsk1_sent_zh_en_040|hsk1_sent_zh_en_053|hsk1_sent_zh_en_054|hsk1_sent_zh_en_059|hsk1_sent_zh_qa_015|hsk1_sent_zh_qa_019|hsk1_sent_zh_qa_030|hsk1_sent_zh_qa_058|scard_00afde74ed6e4caba5f97c859c4d1164|scard_ac129e812d0d429493f54204cf0aa4b5|scard_dc7fe4682c80437d906870030bae0912
hsk26-v00014,不客气,不客气,búkèqi,,2,2,1,1,0,0,1,0,True,True,False,0,,hsk1_sent_aug_seed_019|sent_7f751624bf42464d8fb1f42aaee4dbe9,hsk1_sent_aug_seed_019|scard_cc79883d22e2488cb038fde6386af4a9
hsk26-v00015,不要,不要,búyào,副,6,6,1,5,0,0,0,3,True,True,True,0,,hsk1_sent_aug_dense_0049|hsk1_sent_aug_dense_0097|hsk1_sent_en_zh_052|hsk1_sent_zh_en_057|hsk1_sent_zh_en_068|sent_cf4cbc7f9e1847178411e459e6de2fc2,hsk1_sent_aug_dense_0049|hsk1_sent_aug_dense_0097|hsk1_sent_en_zh_052|hsk1_sent_zh_en_057|hsk1_sent_zh_en_068|scard_7fb4b2280aa74d64a958f2fdca88d604
hsk26-v00016,菜,菜,cài,名,4,4,0,4,0,0,0,1,True,True,True,0,,hsk1_sent_aug_dense_0080|hsk1_sent_aug_dense_0175|hsk1_sent_aug_seed_038|hsk1_sent_en_zh_053,hsk1_sent_aug_dense_0080|hsk1_sent_aug_dense_0175|hsk1_sent_aug_seed_038|hsk1_sent_en_zh_053
hsk26-v00017,茶,茶,chá,名,5,5,0,5,0,0,0,2,True,True,True,0,,hsk1_sent_aug_dense_0052|hsk1_sent_aug_dense_0076|hsk1_sent_en_zh_002|hsk1_sent_en_zh_026|hsk1_sent_zh_en_042,hsk1_sent_aug_dense_0052|hsk1_sent_aug_dense_0076|hsk1_sent_en_zh_002|hsk1_sent_en_zh_026|hsk1_sent_zh_en_042
hsk26-v00018,唱,唱,chàng,动,2,2,1,1,0,0,1,0,True,True,False,0,,hsk1_sent_zh_en_028|sent_18561d5478444e2c81d15f9f85e835e6,hsk1_sent_zh_en_028|scard_3dc65bd203244a21bcf6a11fde2e33a7
hsk26-v00019,超市,超市,chāoshì,名,3,3,0,3,0,0,0,0,True,True,True,0,,hsk1_sent_aug_dense_0063|hsk1_sent_en_zh_053|hsk1_sent_zh_en_041,hsk1_sent_aug_dense_0063|hsk1_sent_en_zh_053|hsk1_sent_zh_en_041
hsk26-v00020,车,车,chē,名,4,4,0,4,0,0,0,1,True,True,True,0,,hsk1_sent_aug_dense_0009|hsk1_sent_aug_dense_0029|hsk1_sent_aug_dense_0100|hsk1_sent_aug_dense_0157,hsk1_sent_aug_dense_0009|hsk1_sent_aug_dense_0029|hsk1_sent_aug_dense_0100|hsk1_sent_aug_dense_0157
hsk26-v00021,吃,吃,chī,动,16,16,4,12,0,0,0,13,True,True,True,0,,hsk1_sent_aug_dense_0024|hsk1_sent_aug_dense_0049|hsk1_sent_aug_dense_0175|hsk1_sent_aug_seed_003|hsk1_sent_aug_seed_004|hsk1_sent_aug_seed_015|hsk1_sent_aug_seed_039|hsk1_sent_en_zh_024|hsk1_sent_en_zh_041|hsk1_sent_en_zh_046|hsk1_sent_zh_en_021|hsk1_sent_zh_en_037|sent_1dbd1d4b62b8422d8c710c88943250e0|sent_5863ab8fa394403dbe00acb444e4b73b|sent_5c6ba6a91f3846df9a91bc494d0288a7|sent_6ac43e56e9484e87bcde466994844080,hsk1_sent_aug_dense_0024|hsk1_sent_aug_dense_0049|hsk1_sent_aug_dense_0175|hsk1_sent_aug_seed_003|hsk1_sent_aug_seed_004|hsk1_sent_aug_seed_015|hsk1_sent_aug_seed_039|hsk1_sent_en_zh_024|hsk1_sent_en_zh_041|hsk1_sent_en_zh_046|hsk1_sent_zh_en_021|hsk1_sent_zh_en_037|scard_8671487747e6400c85ea0bae8fcaeca5|scard_8f4700f9f36b497e88b512515a00b915|scard_bde49f6ec4834f8e9322accf24d06ad9|scard_d8878a768e11496e8b1f248e80f0a12a
hsk26-v00022,出租车,出租车,chūzūchē,名,3,3,1,2,0,0,0,0,True,True,True,0,,hsk1_sent_aug_seed_031|hsk1_sent_en_zh_054|sent_5156211469c0422d97f94e18773c751f,hsk1_sent_aug_seed_031|hsk1_sent_en_zh_054|scard_279454f376f2425b9256b9efab1db5ac
hsk26-v00023,穿,穿,chuān,动,2,2,0,2,0,0,1,0,True,True,False,0,,hsk1_sent_aug_dense_0023|hsk1_sent_zh_qa_058,hsk1_sent_aug_dense_0023|hsk1_sent_zh_qa_058
hsk26-v00024,打电话,打电话,dǎdiànhuà,,3,3,0,3,0,0,0,0,True,True,True,0,,hsk1_sent_aug_dense_0097|hsk1_sent_en_zh_020|hsk1_sent_zh_en_057,hsk1_sent_aug_dense_0097|hsk1_sent_en_zh_020|hsk1_sent_zh_en_057
hsk26-v00025,大,大,dà,形,4,4,1,3,0,0,0,1,True,True,True,0,,hsk1_sent_aug_dense_0009|hsk1_sent_en_zh_034|hsk1_sent_zh_en_015|sent_65dd419a485047f184561cd99f4cc991,hsk1_sent_aug_dense_0009|hsk1_sent_en_zh_034|hsk1_sent_zh_en_015|scard_1b199f2124f14b11a5b3eea64215e4a1
hsk26-v00026,大家,大家,dàjiā,代,2,2,0,2,0,0,1,0,True,True,False,0,,hsk1_sent_aug_dense_0024|hsk1_sent_aug_seed_017,hsk1_sent_aug_dense_0024|hsk1_sent_aug_seed_017
hsk26-v00027,大学,大学,dàxué,名,3,3,0,3,0,0,0,0,True,True,True,0,,hsk1_sent_aug_dense_0145|hsk1_sent_aug_seed_026|hsk1_sent_zh_en_023,hsk1_sent_aug_dense_0145|hsk1_sent_aug_seed_026|hsk1_sent_zh_en_023
hsk26-v00028,大学生,大学生,dàxuéshēng,名,2,2,1,1,0,0,1,0,True,True,False,0,,hsk1_sent_zh_en_053|sent_21e4b7552883442b9a491fa3fa4d36a2,hsk1_sent_zh_en_053|scard_af6df558c1b74827a6cecc877935ef24
hsk26-v00029,到,到,dào,动,2,2,1,1,0,0,1,0,True,True,False,0,,hsk1_sent_aug_seed_029|sent_271fb1996ff640cb9c03d570c458807c,hsk1_sent_aug_seed_029|scard_2481581a3ebd4f26b5e625ddb1f47ed6
hsk26-v00030,的,的,de,助,24,24,8,16,0,0,0,21,True,True,True,0,,hsk1_sent_aug_dense_0049|hsk1_sent_aug_dense_0072|hsk1_sent_aug_dense_0101|hsk1_sent_aug_dense_0133|hsk1_sent_aug_seed_010|hsk1_sent_aug_seed_038|hsk1_sent_aug_seed_044|hsk1_sent_aug_seed_061|hsk1_sent_en_zh_011|hsk1_sent_en_zh_027|hsk1_sent_en_zh_051|hsk1_sent_en_zh_055|hsk1_sent_zh_en_015|hsk1_sent_zh_en_031|hsk1_sent_zh_en_035|hsk1_sent_zh_en_059|sent_18561d5478444e2c81d15f9f85e835e6|sent_713e7d9abace43bb8309a108e6fda6dc|sent_83682ea952f645d386b536dfd9a54b73|sent_955d4777a10f44b4a4df800fd57b2b12|sent_9d827b803dbe4235921190719e6f0407|sent_d7d00eafcb964916843aed6118cadcc8|sent_e9e60ec94d954c9ebae4cc7a45b7a05a|sent_f6c4e9273f674f5f9a9f10bbf2c5b631,hsk1_sent_aug_dense_0049|hsk1_sent_aug_dense_0072|hsk1_sent_aug_dense_0101|hsk1_sent_aug_dense_0133|hsk1_sent_aug_seed_010|hsk1_sent_aug_seed_038|hsk1_sent_aug_seed_044|hsk1_sent_aug_seed_061|hsk1_sent_en_zh_011|hsk1_sent_en_zh_027|hsk1_sent_en_zh_051|hsk1_sent_en_zh_055|hsk1_sent_zh_en_015|hsk1_sent_zh_en_031|hsk1_sent_zh_en_035|hsk1_sent_zh_en_059|scard_008e69f9cf1848ab92121e66bc7f7b75|scard_049880a9d27c4f20b6230d8e3106607e|scard_06dc84f9fe374c43a1d35545f145c47a|scard_121aaf3201934f809364dbb20798b8a7|scard_3dc65bd203244a21bcf6a11fde2e33a7|scard_a9bd4598da874f438e1ddf6155ee9107|scard_b0e3de0dc0ff4fac822c906b37016b71|scard_c135a7bf0fb847b7a53f9b8889466e83
hsk26-v00031,第,第,dì,前缀,2,2,1,1,0,0,1,0,True,True,False,0,,hsk1_sent_aug_dense_0038|sent_d345335b423a49e79a45db26ac2f454e,hsk1_sent_aug_dense_0038|scard_6ea77f720a3b467dab6249b0d4d78ca7
hsk26-v00032,弟弟,弟弟,dìdi,名,3,3,0,3,0,0,0,0,True,True,True,0,,hsk1_sent_aug_seed_015|hsk1_sent_en_zh_049|hsk1_sent_zh_en_060,hsk1_sent_aug_seed_015|hsk1_sent_en_zh_049|hsk1_sent_zh_en_060
hsk26-v00033,点1,点,diǎn,量、（名）,15,15,3,12,0,0,0,12,True,True,True,0,,hsk1_sent_aug_dense_0001|hsk1_sent_aug_dense_0003|hsk1_sent_aug_dense_0013|hsk1_sent_aug_dense_0097|hsk1_sent_aug_dense_0130|hsk1_sent_aug_dense_0143|hsk1_sent_aug_seed_029|hsk1_sent_en_zh_032|hsk1_sent_en_zh_058|hsk1_sent_zh_en_003|hsk1_sent_zh_en_004|hsk1_sent_zh_en_058|sent_24976a1023f74aa1904b98829654609c|sent_271fb1996ff640cb9c03d570c458807c|sent_4c77126929fe49fcaeb5f503f1c5fd68,hsk1_sent_aug_dense_0001|hsk1_sent_aug_dense_0003|hsk1_sent_aug_dense_0013|hsk1_sent_aug_dense_0097|hsk1_sent_aug_dense_0130|hsk1_sent_aug_dense_0143|hsk1_sent_aug_seed_029|hsk1_sent_en_zh_032|hsk1_sent_en_zh_058|hsk1_sent_zh_en_003|hsk1_sent_zh_en_004|hsk1_sent_zh_en_058|scard_2481581a3ebd4f26b5e625ddb1f47ed6|scard_b0cdcfabdc8641cdbb8474e84850e66e|scard_b6e0f9af11e84e10b8b0757c8561ac3a
hsk26-v00034,店,店,diàn,名,2,2,0,2,0,0,1,0,True,True,False,0,,hsk1_sent_aug_dense_0007|hsk1_sent_aug_dense_0016,hsk1_sent_aug_dense_0007|hsk1_sent_aug_dense_0016
hsk26-v00035,电话,电话,diànhuà,名,2,2,0,2,0,0,1,0,True,True,False,0,,hsk1_sent_en_zh_011|hsk1_sent_zh_en_034,hsk1_sent_en_zh_011|hsk1_sent_zh_en_034
hsk26-v00036,电脑,电脑,diànnǎo,名,5,5,2,3,0,0,0,2,True,True,True,0,,hsk1_sent_aug_dense_0088|hsk1_sent_en_zh_037|hsk1_sent_zh_en_035|sent_982128db504f42bab4a9368dca099385|sent_e9e60ec94d954c9ebae4cc7a45b7a05a,hsk1_sent_aug_dense_0088|hsk1_sent_en_zh_037|hsk1_sent_zh_en_035|scard_121aaf3201934f809364dbb20798b8a7|scard_9180f8a65df84ee087263a03678b776c
hsk26-v00037,电视,电视,diànshì,名,3,3,0,3,0,0,0,0,True,True,True,0,,hsk1_sent_aug_dense_0150|hsk1_sent_en_zh_049|hsk1_sent_zh_en_036,hsk1_sent_aug_dense_0150|hsk1_sent_en_zh_049|hsk1_sent_zh_en_036
hsk26-v00038,电影,电影,diànyǐng,名,4,4,2,2,0,0,0,1,True,True,True,0,,hsk1_sent_aug_dense_0168|hsk1_sent_zh_en_030|sent_07add31485cd4813a7bb064070f8ce3e|sent_713e7d9abace43bb8309a108e6fda6dc,hsk1_sent_aug_dense_0168|hsk1_sent_zh_en_030|scard_06dc84f9fe374c43a1d35545f145c47a|scard_bbabf078123c407c8991469701b3183e
hsk26-v00039,电影院,电影院,diànyǐngyuàn,名,2,2,0,2,0,0,1,0,True,True,False,0,,hsk1_sent_aug_seed_031|hsk1_sent_zh_en_013,hsk1_sent_aug_seed_031|hsk1_sent_zh_en_013
hsk26-v00040,东西,东西,dōngxi,名,2,2,0,2,0,0,1,0,True,True,False,0,,hsk1_sent_en_zh_034|hsk1_sent_zh_en_059,hsk1_sent_en_zh_034|hsk1_sent_zh_en_059
hsk26-v00041,都,都,dōu,副,6,6,2,4,0,0,0,3,True,True,True,0,,hsk1_sent_aug_seed_017|hsk1_sent_en_zh_013|hsk1_sent_en_zh_048|hsk1_sent_zh_en_064|sent_e489b1992acd4ca1baa290a9b4b38dc1|sent_f41c7062720541a18d1d57000d5e7137,hsk1_sent_aug_seed_017|hsk1_sent_en_zh_013|hsk1_sent_en_zh_048|hsk1_sent_zh_en_064|scard_7827e4fc916747c8a0a12fa0e765e0a6|scard_f6ac9d3bc32d4915883cac82742af623
hsk26-v00042,读,读,dú,动,2,2,0,2,0,0,1,0,True,True,False,0,,hsk1_sent_aug_dense_0038|hsk1_sent_aug_dense_0044,hsk1_sent_aug_dense_0038|hsk1_sent_aug_dense_0044
hsk26-v00043,读书,读书,dúshū,动,4,4,1,3,0,0,0,1,True,True,True,0,,hsk1_sent_aug_seed_001|hsk1_sent_zh_en_024|hsk1_sent_zh_en_064|sent_2475b659732a473fba021e60b58e835e,hsk1_sent_aug_seed_001|hsk1_sent_zh_en_024|hsk1_sent_zh_en_064|scard_2e0ff88103bf4ff0b108249d4e40fb1b
hsk26-v00044,对,对,duì,形、介、（动、量）,2,2,1,1,0,0,1,0,True,True,False,0,,hsk1_sent_aug_dense_0006|sent_49a397ac4790417ea1188e33c417fb48,hsk1_sent_aug_dense_0006|scard_4e3dc4d465194354b57fc65e45765480
hsk26-v00045,对不起,对不起,duìbuqǐ,动,3,3,0,3,0,0,0,0,True,True,True,0,,hsk1_sent_aug_dense_0056|hsk1_sent_aug_seed_020|hsk1_sent_zh_en_040,hsk1_sent_aug_dense_0056|hsk1_sent_aug_seed_020|hsk1_sent_zh_en_040
hsk26-v00046,多,多,duō,形、动、代、（数、副）,3,3,0,3,0,0,0,0,True,True,True,0,,hsk1_sent_en_zh_031|hsk1_sent_en_zh_052|hsk1_sent_zh_en_063,hsk1_sent_en_zh_031|hsk1_sent_en_zh_052|hsk1_sent_zh_en_063
hsk26-v00047,多少,多少,duōshao,代,2,2,0,2,0,0,1,0,True,True,False,0,,hsk1_sent_en_zh_011|hsk1_sent_zh_en_050,hsk1_sent_en_zh_011|hsk1_sent_zh_en_050
hsk26-v00048,儿子,儿子,érzi,名,2,2,1,1,0,0,1,0,True,True,False,0,,hsk1_sent_aug_dense_0018|sent_4b7d565ec8c34a44b75070b7960217a7,hsk1_sent_aug_dense_0018|scard_fab0848118224e46996b553e08e7f937
hsk26-v00049,二,二,èr,数,5,5,1,4,0,0,0,2,True,True,True,0,,hsk1_sent_aug_dense_0020|hsk1_sent_aug_dense_0138|hsk1_sent_en_zh_068|hsk1_sent_zh_en_029|sent_9f38b94deeaf4000958519cea94ef95b,hsk1_sent_aug_dense_0020|hsk1_sent_aug_dense_0138|hsk1_sent_en_zh_068|hsk1_sent_zh_en_029|scard_efb13945bdc54c6d81e5b653b3eb32b4
hsk26-v00050,饭,饭,fàn,名,4,4,3,1,0,0,0,1,True,True,True,0,,hsk1_sent_aug_dense_0049|sent_1dbd1d4b62b8422d8c710c88943250e0|sent_5863ab8fa394403dbe00acb444e4b73b|sent_6ac43e56e9484e87bcde466994844080,hsk1_sent_aug_dense_0049|scard_8f4700f9f36b497e88b512515a00b915|scard_bde49f6ec4834f8e9322accf24d06ad9|scard_d8878a768e11496e8b1f248e80f0a12a
hsk26-v00051,饭店,饭店,fàndiàn,名,6,6,0,6,0,0,0,3,True,True,True,0,,hsk1_sent_aug_dense_0060|hsk1_sent_aug_dense_0134|hsk1_sent_aug_seed_038|hsk1_sent_en_zh_031|hsk1_sent_zh_en_033|hsk1_sent_zh_en_065,hsk1_sent_aug_dense_0060|hsk1_sent_aug_dense_0134|hsk1_sent_aug_seed_038|hsk1_sent_en_zh_031|hsk1_sent_zh_en_033|hsk1_sent_zh_en_065
hsk26-v00052,房间,房间,fángjiān,名,5,5,1,4,0,0,0,2,True,True,True,0,,hsk1_sent_en_zh_017|hsk1_sent_en_zh_043|hsk1_sent_zh_en_015|hsk1_sent_zh_en_067|sent_47f813781d694a2aa7f7c2db42ca7264,hsk1_sent_en_zh_017|hsk1_sent_en_zh_043|hsk1_sent_zh_en_015|hsk1_sent_zh_en_067|scard_b8486629a5824641ac146b2c9b6c6a35
hsk26-v00053,非常,非常,fēicháng,副,2,2,1,1,0,0,1,0,True,True,False,0,,hsk1_sent_aug_seed_038|sent_b4b7142bda1e418dbb826c23b162061e,hsk1_sent_aug_seed_038|scard_4a0cf7a1f4cc40528568835cfa68fc5e
hsk26-v00054,飞机,飞机,fēijī,名,2,2,1,1,0,0,1,0,True,True,False,0,,hsk1_sent_aug_seed_030|sent_271fb1996ff640cb9c03d570c458807c,hsk1_sent_aug_seed_030|scard_2481581a3ebd4f26b5e625ddb1f47ed6
hsk26-v00055,分,分,fēn,量、（动、名）,3,3,1,2,0,0,0,0,True,True,True,0,,hsk1_sent_aug_dense_0001|hsk1_sent_aug_dense_0013|sent_4c77126929fe49fcaeb5f503f1c5fd68,hsk1_sent_aug_dense_0001|hsk1_sent_aug_dense_0013|scard_b6e0f9af11e84e10b8b0757c8561ac3a
hsk26-v00056,分钟,分钟,fēnzhōng,量,2,2,0,2,0,0,1,0,True,True,False,0,,hsk1_sent_aug_dense_0001|hsk1_sent_aug_dense_0119,hsk1_sent_aug_dense_0001|hsk1_sent_aug_dense_0119
hsk26-v00057,高兴,高兴,gāoxìng,形,4,4,2,2,0,0,0,1,True,True,True,0,,hsk1_sent_en_zh_021|hsk1_sent_zh_en_054|sent_b4b7142bda1e418dbb826c23b162061e|sent_f41c7062720541a18d1d57000d5e7137,hsk1_sent_en_zh_021|hsk1_sent_zh_en_054|scard_4a0cf7a1f4cc40528568835cfa68fc5e|scard_f6ac9d3bc32d4915883cac82742af623
hsk26-v00058,歌,歌,gē,名,4,4,1,3,0,0,0,1,True,True,True,0,,hsk1_sent_aug_dense_0094|hsk1_sent_en_zh_029|hsk1_sent_zh_en_028|sent_18561d5478444e2c81d15f9f85e835e6,hsk1_sent_aug_dense_0094|hsk1_sent_en_zh_029|hsk1_sent_zh_en_028|scard_3dc65bd203244a21bcf6a11fde2e33a7
hsk26-v00059,哥哥,哥哥,gēge,名,3,3,1,2,0,0,0,0,True,True,True,0,,hsk1_sent_en_zh_063|hsk1_sent_zh_en_052|sent_11311a238e5d4272b40b6a0fdbea0b6b,hsk1_sent_en_zh_063|hsk1_sent_zh_en_052|scard_43e8ba2479284b1187fdefc8944e45ea
hsk26-v00060,个,个,gè,量,9,9,3,6,0,0,0,6,True,True,True,0,,hsk1_sent_aug_dense_0072|hsk1_sent_aug_dense_0138|hsk1_sent_en_zh_045|hsk1_sent_en_zh_057|hsk1_sent_zh_en_037|hsk1_sent_zh_en_041|sent_11311a238e5d4272b40b6a0fdbea0b6b|sent_1616132014a94024ba749c2070cc2deb|sent_d345335b423a49e79a45db26ac2f454e,hsk1_sent_aug_dense_0072|hsk1_sent_aug_dense_0138|hsk1_sent_en_zh_045|hsk1_sent_en_zh_057|hsk1_sent_zh_en_037|hsk1_sent_zh_en_041|scard_43e8ba2479284b1187fdefc8944e45ea|scard_6ea77f720a3b467dab6249b0d4d78ca7|scard_cf514817b5944f7781d1bfe3a34fc505
hsk26-v00061,给,给,gěi,动、（介）,3,3,1,2,0,0,0,0,True,True,True,0,,hsk1_sent_en_zh_026|hsk1_sent_zh_en_049|sent_1616132014a94024ba749c2070cc2deb,hsk1_sent_en_zh_026|hsk1_sent_zh_en_049|scard_cf514817b5944f7781d1bfe3a34fc505
hsk26-v00062,公司,公司,gōngsī,名,2,2,0,2,0,0,1,0,True,True,False,0,,hsk1_sent_aug_seed_012|hsk1_sent_en_zh_025,hsk1_sent_aug_seed_012|hsk1_sent_en_zh_025
hsk26-v00063,工作,工作,gōngzuò,动、名,4,4,1,3,0,0,0,1,True,True,True,0,,hsk1_sent_aug_seed_012|hsk1_sent_en_zh_025|hsk1_sent_zh_en_005|sent_818fba590e7f4339a94aa8aa4ee76840,hsk1_sent_aug_seed_012|hsk1_sent_en_zh_025|hsk1_sent_zh_en_005|scard_e10d64d05e4c4f02990ae4db3e21239f
hsk26-v00064,狗,狗,gǒu,名,3,3,0,3,0,0,0,0,True,True,True,0,,hsk1_sent_aug_dense_0101|hsk1_sent_en_zh_038|hsk1_sent_zh_en_046,hsk1_sent_aug_dense_0101|hsk1_sent_en_zh_038|hsk1_sent_zh_en_046
hsk26-v00065,贵,贵,guì,形,4,4,1,3,0,0,0,1,True,True,True,0,,hsk1_sent_aug_dense_0109|hsk1_sent_en_zh_019|hsk1_sent_zh_en_008|sent_c33c8ebc7c724a9491362f1e25783bd2,hsk1_sent_aug_dense_0109|hsk1_sent_en_zh_019|hsk1_sent_zh_en_008|scard_757ae2260a5a44998607ff53d0d939c0
hsk26-v00066,国,国,guó,名,2,2,1,1,0,0,1,0,True,True,False,0,,hsk1_sent_aug_dense_0039|sent_d6f18a0032f54d028b1a55e20f8ce91a,hsk1_sent_aug_dense_0039|scard_dc7fe4682c80437d906870030bae0912
hsk26-v00067,还,还,hái,副,3,3,1,2,0,0,0,0,True,True,True,0,,hsk1_sent_aug_dense_0001|hsk1_sent_aug_dense_0119|sent_0e067ef0aa1a4bdeaf168005996ba2ef,hsk1_sent_aug_dense_0001|hsk1_sent_aug_dense_0119|scard_c2b94ce3b61b4b1082c4ce01ab04bdfe
hsk26-v00068,孩子,孩子,háizi,名,3,3,0,3,0,0,0,0,True,True,True,0,,hsk1_sent_aug_dense_0025|hsk1_sent_aug_dense_0121|hsk1_sent_en_zh_021,hsk1_sent_aug_dense_0025|hsk1_sent_aug_dense_0121|hsk1_sent_en_zh_021
hsk26-v00069,汉语,汉语,Hànyǔ,名,5,5,3,2,0,0,0,2,True,True,True,0,,hsk1_sent_aug_seed_028|hsk1_sent_en_zh_007|sent_601de76421034373b2743abfa75858b2|sent_7f23ee9592e04a66bd55a816161ac1df|sent_811b9467098649ff95cd270dee7886fa,hsk1_sent_aug_seed_028|hsk1_sent_en_zh_007|scard_b1d94337f8234a789039a0148c1dbe0a|scard_d45a0f2c4b0e45979b983cc9c147a6ef|scard_f4b438d95d5d476084e20984505665b0
hsk26-v00070,汉字,汉字,Hànzì,名,3,3,0,3,0,0,0,0,True,True,True,0,,hsk1_sent_aug_dense_0044|hsk1_sent_en_zh_048|hsk1_sent_zh_en_026,hsk1_sent_aug_dense_0044|hsk1_sent_en_zh_048|hsk1_sent_zh_en_026
hsk26-v00071,好,好,hǎo,形、（副）、（动）,4,4,2,2,0,0,0,1,True,True,True,0,,hsk1_sent_aug_dense_0006|hsk1_sent_aug_dense_0027|sent_e489b1992acd4ca1baa290a9b4b38dc1|sent_ef5a3e52ec70478f9058173a01e5db39,hsk1_sent_aug_dense_0006|hsk1_sent_aug_dense_0027|scard_7827e4fc916747c8a0a12fa0e765e0a6|scard_a8e662d4086943f99cd00c68cbffffe2
hsk26-v00072,好吃,好吃,hǎochī,形,5,5,1,4,0,0,0,2,True,True,True,0,,hsk1_sent_aug_seed_038|hsk1_sent_en_zh_015|hsk1_sent_en_zh_055|hsk1_sent_zh_en_007|sent_6c12a04c271b484996e067171c53abe5,hsk1_sent_aug_seed_038|hsk1_sent_en_zh_015|hsk1_sent_en_zh_055|hsk1_sent_zh_en_007|scard_1360bff52a7840c68c54a73c45e7529d
hsk26-v00073,好看,好看,hǎokàn,形,3,3,1,2,0,0,0,0,True,True,True,0,,hsk1_sent_en_zh_055|hsk1_sent_zh_en_020|sent_713e7d9abace43bb8309a108e6fda6dc,hsk1_sent_en_zh_055|hsk1_sent_zh_en_020|scard_06dc84f9fe374c43a1d35545f145c47a
hsk26-v00074,好听,好听,hǎotīng,形,2,2,1,1,0,0,1,0,True,True,False,0,,hsk1_sent_aug_dense_0094|sent_18561d5478444e2c81d15f9f85e835e6,hsk1_sent_aug_dense_0094|scard_3dc65bd203244a21bcf6a11fde2e33a7
hsk26-v00075,好玩儿,好玩儿,hǎowánr,形,2,2,0,2,0,0,1,0,True,True,False,0,,hsk1_sent_aug_dense_0021|hsk1_sent_aug_dense_0057,hsk1_sent_aug_dense_0021|hsk1_sent_aug_dense_0057
hsk26-v00076,号,号,hào,名、量,2,2,1,1,0,0,1,0,True,True,False,0,,hsk1_sent_en_zh_011|sent_1fcb8582fbf548dd95313e5c3c97a53a,hsk1_sent_en_zh_011|scard_0ef742e8c318483ba27c323271f21cc2
hsk26-v00077,喝,喝,hē,动,6,6,0,6,0,0,0,3,True,True,True,0,,hsk1_sent_aug_dense_0052|hsk1_sent_aug_seed_003|hsk1_sent_en_zh_002|hsk1_sent_en_zh_052|hsk1_sent_zh_en_010|hsk1_sent_zh_en_068,hsk1_sent_aug_dense_0052|hsk1_sent_aug_seed_003|hsk1_sent_en_zh_002|hsk1_sent_en_zh_052|hsk1_sent_zh_en_010|hsk1_sent_zh_en_068
hsk26-v00078,和1,和,hé,介、连,8,8,3,5,0,0,0,5,True,True,True,0,,hsk1_sent_aug_dense_0016|hsk1_sent_aug_dense_0080|hsk1_sent_en_zh_041|hsk1_sent_zh_en_042|hsk1_sent_zh_en_065|sent_2475b659732a473fba021e60b58e835e|sent_49724b8b44de460e997938bf11815a72|sent_66e33a42f8444438a0498e19abeb7479,hsk1_sent_aug_dense_0016|hsk1_sent_aug_dense_0080|hsk1_sent_en_zh_041|hsk1_sent_zh_en_042|hsk1_sent_zh_en_065|scard_28eb3f8dd29a4a81bef0f1566823594d|scard_2e0ff88103bf4ff0b108249d4e40fb1b|scard_efff903469764399aa1c7ffdf74af904
hsk26-v00079,很,很,hěn,副,23,23,8,15,0,0,0,20,True,True,True,0,,hsk1_sent_aug_dense_0009|hsk1_sent_aug_dense_0029|hsk1_sent_aug_dense_0041|hsk1_sent_aug_dense_0057|hsk1_sent_aug_dense_0157|hsk1_sent_en_zh_015|hsk1_sent_en_zh_021|hsk1_sent_en_zh_031|hsk1_sent_en_zh_036|hsk1_sent_zh_en_007|hsk1_sent_zh_en_015|hsk1_sent_zh_en_020|hsk1_sent_zh_en_032|hsk1_sent_zh_en_044|hsk1_sent_zh_en_063|sent_18561d5478444e2c81d15f9f85e835e6|sent_65dd419a485047f184561cd99f4cc991|sent_8f78fa635603499ebf1a236b3a4646e1|sent_9d827b803dbe4235921190719e6f0407|sent_e489b1992acd4ca1baa290a9b4b38dc1|sent_e9e60ec94d954c9ebae4cc7a45b7a05a|sent_ef5a3e52ec70478f9058173a01e5db39|sent_f41c7062720541a18d1d57000d5e7137,hsk1_sent_aug_dense_0009|hsk1_sent_aug_dense_0029|hsk1_sent_aug_dense_0041|hsk1_sent_aug_dense_0057|hsk1_sent_aug_dense_0157|hsk1_sent_en_zh_015|hsk1_sent_en_zh_021|hsk1_sent_en_zh_031|hsk1_sent_en_zh_036|hsk1_sent_zh_en_007|hsk1_sent_zh_en_015|hsk1_sent_zh_en_020|hsk1_sent_zh_en_032|hsk1_sent_zh_en_044|hsk1_sent_zh_en_063|scard_008e69f9cf1848ab92121e66bc7f7b75|scard_121aaf3201934f809364dbb20798b8a7|scard_1b199f2124f14b11a5b3eea64215e4a1|scard_3dc65bd203244a21bcf6a11fde2e33a7|scard_7827e4fc916747c8a0a12fa0e765e0a6|scard_a8e662d4086943f99cd00c68cbffffe2|scard_d85763a190764aa593327f379c2a99eb|scard_f6ac9d3bc32d4915883cac82742af623
hsk26-v00080,后,后,hòu,名,6,6,0,6,0,0,0,3,True,True,True,0,,hsk1_sent_aug_dense_0003|hsk1_sent_aug_dense_0011|hsk1_sent_aug_dense_0097|hsk1_sent_aug_dense_0130|hsk1_sent_aug_dense_0160|hsk1_sent_en_zh_045,hsk1_sent_aug_dense_0003|hsk1_sent_aug_dense_0011|hsk1_sent_aug_dense_0097|hsk1_sent_aug_dense_0130|hsk1_sent_aug_dense_0160|hsk1_sent_en_zh_045
hsk26-v00081,回,回,huí,动、（量）,3,3,0,3,0,0,0,0,True,True,True,0,,hsk1_sent_aug_dense_0040|hsk1_sent_aug_dense_0058|hsk1_sent_aug_dense_0160,hsk1_sent_aug_dense_0040|hsk1_sent_aug_dense_0058|hsk1_sent_aug_dense_0160
hsk26-v00082,会1,会,huì,动,6,6,0,6,0,0,0,3,True,True,True,0,,hsk1_sent_en_zh_007|hsk1_sent_en_zh_033|hsk1_sent_en_zh_048|hsk1_sent_zh_en_012|hsk1_sent_zh_en_017|hsk1_sent_zh_en_026,hsk1_sent_en_zh_007|hsk1_sent_en_zh_033|hsk1_sent_en_zh_048|hsk1_sent_zh_en_012|hsk1_sent_zh_en_017|hsk1_sent_zh_en_026
hsk26-v00083,火车,火车,huǒchē,名,2,2,0,2,0,0,1,0,True,True,False,0,,hsk1_sent_aug_seed_029|hsk1_sent_zh_en_038,hsk1_sent_aug_seed_029|hsk1_sent_zh_en_038
hsk26-v00084,鸡蛋,鸡蛋,jīdàn,名,2,2,1,1,0,0,1,0,True,True,False,0,,hsk1_sent_zh_en_037|sent_49724b8b44de460e997938bf11815a72,hsk1_sent_zh_en_037|scard_28eb3f8dd29a4a81bef0f1566823594d
hsk26-v00085,几,几,jǐ,代、数,2,2,1,1,0,0,1,0,True,True,False,0,,hsk1_sent_aug_seed_029|sent_271fb1996ff640cb9c03d570c458807c,hsk1_sent_aug_seed_029|scard_2481581a3ebd4f26b5e625ddb1f47ed6
hsk26-v00086,家,家,jiā,名、量、（后缀）,10,10,1,9,0,0,0,7,True,True,True,0,,hsk1_sent_aug_dense_0007|hsk1_sent_aug_dense_0016|hsk1_sent_aug_dense_0096|hsk1_sent_aug_dense_0134|hsk1_sent_aug_dense_0160|hsk1_sent_aug_seed_001|hsk1_sent_en_zh_013|hsk1_sent_zh_en_001|hsk1_sent_zh_en_045|sent_e9e60ec94d954c9ebae4cc7a45b7a05a,hsk1_sent_aug_dense_0007|hsk1_sent_aug_dense_0016|hsk1_sent_aug_dense_0096|hsk1_sent_aug_dense_0134|hsk1_sent_aug_dense_0160|hsk1_sent_aug_seed_001|hsk1_sent_en_zh_013|hsk1_sent_zh_en_001|hsk1_sent_zh_en_045|scard_121aaf3201934f809364dbb20798b8a7
hsk26-v00087,家人,家人,jiārén,名,2,2,0,2,0,0,1,0,True,True,False,0,,hsk1_sent_aug_dense_0058|hsk1_sent_en_zh_041,hsk1_sent_aug_dense_0058|hsk1_sent_en_zh_041
hsk26-v00088,见,见,jiàn,动,2,2,0,2,0,0,1,0,True,True,False,0,,hsk1_sent_aug_dense_0058|hsk1_sent_zh_en_056,hsk1_sent_aug_dense_0058|hsk1_sent_zh_en_056
hsk26-v00089,件,件,jiàn,量,6,6,1,5,0,0,0,3,True,True,True,0,,hsk1_sent_aug_dense_0033|hsk1_sent_aug_dense_0067|hsk1_sent_en_zh_019|hsk1_sent_zh_en_020|hsk1_sent_zh_qa_058|sent_bb6b69c2a48c404caadcfb02e8ad8db0,hsk1_sent_aug_dense_0033|hsk1_sent_aug_dense_0067|hsk1_sent_en_zh_019|hsk1_sent_zh_en_020|hsk1_sent_zh_qa_058|scard_2dcfb54349d8442eb5a99ae080b14c41
hsk26-v00090,饺子,饺子,jiǎozi,名,2,2,0,2,0,0,1,0,True,True,False,0,,hsk1_sent_aug_dense_0007|hsk1_sent_aug_seed_039,hsk1_sent_aug_dense_0007|hsk1_sent_aug_seed_039
hsk26-v00091,叫,叫,jiào,动、（介）,2,2,0,2,0,0,1,0,True,True,False,0,,hsk1_sent_aug_seed_018|hsk1_sent_zh_en_051,hsk1_sent_aug_seed_018|hsk1_sent_zh_en_051
hsk26-v00092,姐姐,姐姐,jiějie,名,2,2,0,2,0,0,1,0,True,True,False,0,,hsk1_sent_aug_dense_0023|hsk1_sent_zh_en_029,hsk1_sent_aug_dense_0023|hsk1_sent_zh_en_029
hsk26-v00093,今年,今年,jīnnián,名,3,3,0,3,0,0,0,0,True,True,True,0,,hsk1_sent_aug_seed_026|hsk1_sent_en_zh_040|hsk1_sent_zh_en_029,hsk1_sent_aug_seed_026|hsk1_sent_en_zh_040|hsk1_sent_zh_en_029
hsk26-v00094,今天,今天,jīntiān,名,16,16,9,7,0,0,0,13,True,True,True,0,,hsk1_sent_en_zh_009|hsk1_sent_en_zh_024|hsk1_sent_zh_en_002|hsk1_sent_zh_en_013|hsk1_sent_zh_en_044|hsk1_sent_zh_en_054|hsk1_sent_zh_qa_058|sent_1fcb8582fbf548dd95313e5c3c97a53a|sent_50e19cc76c7b4c47abe89fbc437bf18e|sent_58bb873bba1348d390f114ad77aea2a7|sent_59cc508e7721483abe0192efa11ffc3f|sent_65dd419a485047f184561cd99f4cc991|sent_66e33a42f8444438a0498e19abeb7479|sent_9d827b803dbe4235921190719e6f0407|sent_a7399989ac3d4768ae8a647679432e4b|sent_be146d132dfc44ce80c7349e8eaf038d,hsk1_sent_en_zh_009|hsk1_sent_en_zh_024|hsk1_sent_zh_en_002|hsk1_sent_zh_en_013|hsk1_sent_zh_en_044|hsk1_sent_zh_en_054|hsk1_sent_zh_qa_058|scard_008e69f9cf1848ab92121e66bc7f7b75|scard_0ef742e8c318483ba27c323271f21cc2|scard_1b199f2124f14b11a5b3eea64215e4a1|scard_5bd7f86888c84417b9b7380f0b56f488|scard_97a758b7c562434da001fd017d8dd81d|scard_a64c066cdc034502ac944feb6eb69c96|scard_ac02cd9f550c44b9bba91e471245eaf2|scard_ea721f9acb5341e68344d3c001f231ea|scard_efff903469764399aa1c7ffdf74af904
hsk26-v00095,九,九,jiǔ,数,2,2,0,2,0,0,1,0,True,True,False,0,,hsk1_sent_aug_seed_026|hsk1_sent_en_zh_058,hsk1_sent_aug_seed_026|hsk1_sent_en_zh_058
hsk26-v00096,觉得,觉得,juéde,动,3,3,1,2,0,0,0,0,True,True,True,0,,hsk1_sent_aug_dense_0006|hsk1_sent_aug_dense_0060|sent_ef5a3e52ec70478f9058173a01e5db39,hsk1_sent_aug_dense_0006|hsk1_sent_aug_dense_0060|scard_a8e662d4086943f99cd00c68cbffffe2
hsk26-v00097,开,开,kāi,动,2,2,1,1,0,0,1,0,True,True,False,0,,hsk1_sent_aug_dense_0088|sent_65dd419a485047f184561cd99f4cc991,hsk1_sent_aug_dense_0088|scard_1b199f2124f14b11a5b3eea64215e4a1
hsk26-v00098,开车,开车,kāichē,动,2,2,0,2,0,0,1,0,True,True,False,0,,hsk1_sent_en_zh_033|hsk1_sent_zh_en_012,hsk1_sent_en_zh_033|hsk1_sent_zh_en_012
hsk26-v00099,看,看,kàn,动,9,9,4,5,0,0,0,6,True,True,True,0,,hsk1_sent_aug_dense_0150|hsk1_sent_en_zh_049|hsk1_sent_en_zh_063|hsk1_sent_zh_en_030|hsk1_sent_zh_en_036|sent_07add31485cd4813a7bb064070f8ce3e|sent_34f8ca673c91440c8809eab425c8d7cb|sent_70d7f96e1b724bde97fb8c756743f10e|sent_d4afaa25108e4a518c70eb8ed5919c1c,hsk1_sent_aug_dense_0150|hsk1_sent_en_zh_049|hsk1_sent_en_zh_063|hsk1_sent_zh_en_030|hsk1_sent_zh_en_036|scard_087e46fe1065491abf042fbd42f4eaad|scard_4839eb8b31cc4a2895fa425b8fff8c96|scard_bbabf078123c407c8991469701b3183e|scard_c00f46e51b17443dbf59a55e246db1f3
hsk26-v00100,看病,看病,kànbìng,动,3,3,1,2,0,0,0,0,True,True,True,0,,hsk1_sent_aug_dense_0104|hsk1_sent_zh_en_043|sent_8a01a89d5103418ebe49257b5df70916,hsk1_sent_aug_dense_0104|hsk1_sent_zh_en_043|scard_04975f1e887646188b0d67c07ed0218c
hsk26-v00101,看见,看见,kànjiàn,动,2,2,0,2,0,0,1,0,True,True,False,0,,hsk1_sent_en_zh_038|hsk1_sent_zh_en_018,hsk1_sent_en_zh_038|hsk1_sent_zh_en_018
hsk26-v00102,可以,可以,kěyǐ,动、形,5,5,1,4,0,0,0,2,True,True,True,0,,hsk1_sent_aug_dense_0005|hsk1_sent_aug_dense_0027|hsk1_sent_en_zh_057|hsk1_sent_zh_en_014|sent_e001ece4606c45f8b83391db76e464d5,hsk1_sent_aug_dense_0005|hsk1_sent_aug_dense_0027|hsk1_sent_en_zh_057|hsk1_sent_zh_en_014|scard_a3c22d2282ac4ba5addc016bf8b2ee7e
hsk26-v00103,课,课,kè,名,2,2,0,2,0,0,1,0,True,True,False,0,,hsk1_sent_aug_dense_0038|hsk1_sent_en_zh_012,hsk1_sent_aug_dense_0038|hsk1_sent_en_zh_012
hsk26-v00104,口,口,kǒu,名、量,2,2,0,2,0,0,1,0,True,True,False,0,,hsk1_sent_aug_dense_0096|hsk1_sent_zh_en_001,hsk1_sent_aug_dense_0096|hsk1_sent_zh_en_001
hsk26-v00105,块,块,kuài,量,2,2,1,1,0,0,1,0,True,True,False,0,,hsk1_sent_aug_dense_0033|sent_a926e0b8bd2d4e12b63bc363493b57c7,hsk1_sent_aug_dense_0033|scard_f6cfcb444e12434db9e58d7341ef24b9
hsk26-v00106,来,来,lái,动,6,6,2,4,0,0,0,3,True,True,True,0,,hsk1_sent_aug_dense_0003|hsk1_sent_aug_dense_0009|hsk1_sent_aug_dense_0030|hsk1_sent_aug_dense_0056|sent_50e19cc76c7b4c47abe89fbc437bf18e|sent_be146d132dfc44ce80c7349e8eaf038d,hsk1_sent_aug_dense_0003|hsk1_sent_aug_dense_0009|hsk1_sent_aug_dense_0030|hsk1_sent_aug_dense_0056|scard_ac02cd9f550c44b9bba91e471245eaf2|scard_ea721f9acb5341e68344d3c001f231ea
hsk26-v00107,老师,老师,lǎoshī,名,11,11,5,6,0,0,0,8,True,True,True,0,,hsk1_sent_aug_dense_0044|hsk1_sent_aug_dense_0090|hsk1_sent_aug_seed_017|hsk1_sent_aug_seed_051|hsk1_sent_en_zh_020|hsk1_sent_zh_en_018|sent_171537a9c2644dedac6b191be2df3508|sent_32ae23282e394ff19bef5f1bcbefb2c2|sent_4fa8dac770994cbebe4b9e3841a9e133|sent_b0f254fc48e840da841f36dbd0615651|sent_d7d00eafcb964916843aed6118cadcc8,hsk1_sent_aug_dense_0044|hsk1_sent_aug_dense_0090|hsk1_sent_aug_seed_017|hsk1_sent_aug_seed_051|hsk1_sent_en_zh_020|hsk1_sent_zh_en_018|scard_1fed6c3b51b14f4d92ebc6aeeca094f9|scard_2ebf014040974680a39f43bbe646c68e|scard_44a506c4da014e4b8ea2cba82a96a9c3|scard_4b79cc53afce4854b3e1a774454ba0da|scard_a9bd4598da874f438e1ddf6155ee9107
hsk26-v00108,了,了,le,助,23,23,10,13,0,0,0,20,True,True,True,0,,hsk1_sent_aug_dense_0009|hsk1_sent_aug_dense_0027|hsk1_sent_aug_dense_0037|hsk1_sent_aug_dense_0056|hsk1_sent_aug_dense_0066|hsk1_sent_aug_dense_0109|hsk1_sent_aug_seed_054|hsk1_sent_en_zh_009|hsk1_sent_en_zh_014|hsk1_sent_en_zh_034|hsk1_sent_zh_en_016|hsk1_sent_zh_en_018|hsk1_sent_zh_en_043|sent_0888cfc8091d493090249a7bf708f791|sent_0e067ef0aa1a4bdeaf168005996ba2ef|sent_162d4ce3f2e94c6cb306dec6502b17e2|sent_34f8ca673c91440c8809eab425c8d7cb|sent_49724b8b44de460e997938bf11815a72|sent_59cc508e7721483abe0192efa11ffc3f|sent_5c6ba6a91f3846df9a91bc494d0288a7|sent_9346069f800947deba977982c1f84fc5|sent_982128db504f42bab4a9368dca099385|sent_bb6b69c2a48c404caadcfb02e8ad8db0,hsk1_sent_aug_dense_0009|hsk1_sent_aug_dense_0027|hsk1_sent_aug_dense_0037|hsk1_sent_aug_dense_0056|hsk1_sent_aug_dense_0066|hsk1_sent_aug_dense_0109|hsk1_sent_aug_seed_054|hsk1_sent_en_zh_009|hsk1_sent_en_zh_014|hsk1_sent_en_zh_034|hsk1_sent_zh_en_016|hsk1_sent_zh_en_018|hsk1_sent_zh_en_043|scard_28eb3f8dd29a4a81bef0f1566823594d|scard_2dcfb54349d8442eb5a99ae080b14c41|scard_5bd7f86888c84417b9b7380f0b56f488|scard_634ffb595e194c45857e7c553f5263ff|scard_8671487747e6400c85ea0bae8fcaeca5|scard_8cee5399bf43469e8b2da1d4576f49ab|scard_9180f8a65df84ee087263a03678b776c|scard_c00f46e51b17443dbf59a55e246db1f3|scard_c2b94ce3b61b4b1082c4ce01ab04bdfe|scard_d9b17b3aba874e70b710d43804e4b30f
hsk26-v00109,冷,冷,lěng,形,5,5,1,4,0,0,0,2,True,True,True,0,,hsk1_sent_aug_dense_0157|hsk1_sent_en_zh_036|hsk1_sent_zh_en_032|hsk1_sent_zh_en_068|sent_0888cfc8091d493090249a7bf708f791,hsk1_sent_aug_dense_0157|hsk1_sent_en_zh_036|hsk1_sent_zh_en_032|hsk1_sent_zh_en_068|scard_8cee5399bf43469e8b2da1d4576f49ab
hsk26-v00110,里,里,lǐ,名,7,7,2,5,0,0,0,4,True,True,True,0,,hsk1_sent_en_zh_017|hsk1_sent_en_zh_031|hsk1_sent_zh_en_034|hsk1_sent_zh_en_042|hsk1_sent_zh_en_067|sent_47f813781d694a2aa7f7c2db42ca7264|sent_9d827b803dbe4235921190719e6f0407,hsk1_sent_en_zh_017|hsk1_sent_en_zh_031|hsk1_sent_zh_en_034|hsk1_sent_zh_en_042|hsk1_sent_zh_en_067|scard_008e69f9cf1848ab92121e66bc7f7b75|scard_b8486629a5824641ac146b2c9b6c6a35
hsk26-v00111,两1,两,liǎng,数,7,7,5,2,0,0,0,4,True,True,True,0,,hsk1_sent_aug_dense_0005|hsk1_sent_zh_en_009|sent_11311a238e5d4272b40b6a0fdbea0b6b|sent_4fabc5753fd441578059dd18a369fd50|sent_82fb2bd8c74742a29d0483a66e641d4e|sent_8f78fa635603499ebf1a236b3a4646e1|sent_bb6b69c2a48c404caadcfb02e8ad8db0,hsk1_sent_aug_dense_0005|hsk1_sent_zh_en_009|scard_2dcfb54349d8442eb5a99ae080b14c41|scard_43e8ba2479284b1187fdefc8944e45ea|scard_997895700c1846b4b034f11be376bf16|scard_d85763a190764aa593327f379c2a99eb|scard_f4e8d16a656d41268c15b8553e7fe202
hsk26-v00112,零,零,líng,数,2,2,0,2,0,0,1,0,True,True,False,0,,hsk1_sent_aug_dense_0013|hsk1_sent_aug_dense_0097,hsk1_sent_aug_dense_0013|hsk1_sent_aug_dense_0097
hsk26-v00113,六,六,liù,数,4,4,0,4,0,0,0,1,True,True,True,0,,hsk1_sent_aug_dense_0013|hsk1_sent_aug_dense_0130|hsk1_sent_aug_dense_0143|hsk1_sent_zh_en_004,hsk1_sent_aug_dense_0013|hsk1_sent_aug_dense_0130|hsk1_sent_aug_dense_0143|hsk1_sent_zh_en_004
hsk26-v00114,妈妈,妈妈,māma,名,6,6,3,3,0,0,0,3,True,True,True,0,,hsk1_sent_en_zh_033|hsk1_sent_zh_en_011|hsk1_sent_zh_en_034|sent_171537a9c2644dedac6b191be2df3508|sent_18561d5478444e2c81d15f9f85e835e6|sent_8ededb83e61e4d1e9d0d7c9dbc2e46d7,hsk1_sent_en_zh_033|hsk1_sent_zh_en_011|hsk1_sent_zh_en_034|scard_3dc65bd203244a21bcf6a11fde2e33a7|scard_44a506c4da014e4b8ea2cba82a96a9c3|scard_62d34e82f41044b7a2dff120fdf19234
hsk26-v00115,吗,吗,ma,助,14,14,2,12,0,0,0,11,True,True,True,0,,hsk1_sent_aug_seed_045|hsk1_sent_en_zh_047|hsk1_sent_en_zh_057|hsk1_sent_zh_en_017|hsk1_sent_zh_en_022|hsk1_sent_zh_en_035|hsk1_sent_zh_en_069|hsk1_sent_zh_qa_014|hsk1_sent_zh_qa_015|hsk1_sent_zh_qa_019|hsk1_sent_zh_qa_030|hsk1_sent_zh_qa_058|sent_50e19cc76c7b4c47abe89fbc437bf18e|sent_e001ece4606c45f8b83391db76e464d5,hsk1_sent_aug_seed_045|hsk1_sent_en_zh_047|hsk1_sent_en_zh_057|hsk1_sent_zh_en_017|hsk1_sent_zh_en_022|hsk1_sent_zh_en_035|hsk1_sent_zh_en_069|hsk1_sent_zh_qa_014|hsk1_sent_zh_qa_015|hsk1_sent_zh_qa_019|hsk1_sent_zh_qa_030|hsk1_sent_zh_qa_058|scard_a3c22d2282ac4ba5addc016bf8b2ee7e|scard_ea721f9acb5341e68344d3c001f231ea
hsk26-v00116,买,买,mǎi,动,13,13,5,8,0,0,0,10,True,True,True,0,,hsk1_sent_aug_dense_0076|hsk1_sent_aug_dense_0164|hsk1_sent_aug_seed_036|hsk1_sent_en_zh_009|hsk1_sent_en_zh_037|hsk1_sent_en_zh_053|hsk1_sent_en_zh_070|hsk1_sent_zh_en_006|sent_0e067ef0aa1a4bdeaf168005996ba2ef|sent_49724b8b44de460e997938bf11815a72|sent_982128db504f42bab4a9368dca099385|sent_a93625ea74b0463e99208b34d8e82689|sent_bb6b69c2a48c404caadcfb02e8ad8db0,hsk1_sent_aug_dense_0076|hsk1_sent_aug_dense_0164|hsk1_sent_aug_seed_036|hsk1_sent_en_zh_009|hsk1_sent_en_zh_037|hsk1_sent_en_zh_053|hsk1_sent_en_zh_070|hsk1_sent_zh_en_006|scard_28eb3f8dd29a4a81bef0f1566823594d|scard_2dcfb54349d8442eb5a99ae080b14c41|scard_856e9eb024874d7e9c3ff3f26455b9e2|scard_9180f8a65df84ee087263a03678b776c|scard_c2b94ce3b61b4b1082c4ce01ab04bdfe
hsk26-v00117,卖,卖,mài,动,3,3,0,3,0,0,0,0,True,True,True,0,,hsk1_sent_aug_dense_0007|hsk1_sent_aug_dense_0016|hsk1_sent_zh_en_042,hsk1_sent_aug_dense_0007|hsk1_sent_aug_dense_0016|hsk1_sent_zh_en_042
hsk26-v00118,忙,忙,máng,形、动,3,3,0,3,0,0,0,0,True,True,True,0,,hsk1_sent_aug_seed_045|hsk1_sent_en_zh_047|hsk1_sent_zh_en_044,hsk1_sent_aug_seed_045|hsk1_sent_en_zh_047|hsk1_sent_zh_en_044
hsk26-v00119,猫,猫,māo,名,6,6,3,3,0,0,0,3,True,True,True,0,,hsk1_sent_aug_dense_0154|hsk1_sent_en_zh_003|hsk1_sent_zh_en_045|sent_47f813781d694a2aa7f7c2db42ca7264|sent_8f78fa635603499ebf1a236b3a4646e1|sent_ebe2a019121d4f41a55d48d467c8d770,hsk1_sent_aug_dense_0154|hsk1_sent_en_zh_003|hsk1_sent_zh_en_045|scard_b8486629a5824641ac146b2c9b6c6a35|scard_d85763a190764aa593327f379c2a99eb|scard_e40c79c844984940aee072b6dbce1116
hsk26-v00120,没关系,没关系,méiguānxi,,2,2,0,2,0,0,1,0,True,True,False,0,,hsk1_sent_aug_dense_0131|hsk1_sent_aug_seed_020,hsk1_sent_aug_dense_0131|hsk1_sent_aug_seed_020
hsk26-v00121,没事,没事,méishì,动,3,3,0,3,0,0,0,0,True,True,True,0,,hsk1_sent_aug_dense_0061|hsk1_sent_aug_dense_0131|hsk1_sent_zh_en_039,hsk1_sent_aug_dense_0061|hsk1_sent_aug_dense_0131|hsk1_sent_zh_en_039
hsk26-v00122,没有,没有,méiyǒu,动、副,9,9,2,7,0,0,0,6,True,True,True,0,,hsk1_sent_aug_dense_0030|hsk1_sent_aug_dense_0061|hsk1_sent_aug_dense_0150|hsk1_sent_en_zh_004|hsk1_sent_en_zh_044|hsk1_sent_zh_en_019|hsk1_sent_zh_qa_014|sent_6309a43a347d4f56ae3e965cd3296de6|sent_65dd419a485047f184561cd99f4cc991,hsk1_sent_aug_dense_0030|hsk1_sent_aug_dense_0061|hsk1_sent_aug_dense_0150|hsk1_sent_en_zh_004|hsk1_sent_en_zh_044|hsk1_sent_zh_en_019|hsk1_sent_zh_qa_014|scard_1b199f2124f14b11a5b3eea64215e4a1|scard_55f812f790004f5c8e41ecfa6bb260df
hsk26-v00123,妹妹,妹妹,mèimei,名,2,2,1,1,0,0,1,0,True,True,False,0,,hsk1_sent_en_zh_017|sent_7f23ee9592e04a66bd55a816161ac1df,hsk1_sent_en_zh_017|scard_b1d94337f8234a789039a0148c1dbe0a
hsk26-v00124,们,们,men,后缀,17,17,0,17,0,0,0,14,True,True,True,0,,hsk1_sent_aug_dense_0025|hsk1_sent_aug_dense_0091|hsk1_sent_aug_dense_0154|hsk1_sent_aug_dense_0160|hsk1_sent_aug_seed_004|hsk1_sent_aug_seed_044|hsk1_sent_aug_seed_045|hsk1_sent_en_zh_005|hsk1_sent_en_zh_013|hsk1_sent_en_zh_045|hsk1_sent_zh_en_013|hsk1_sent_zh_en_021|hsk1_sent_zh_en_030|hsk1_sent_zh_en_045|hsk1_sent_zh_en_056|hsk1_sent_zh_en_058|hsk1_sent_zh_qa_019,hsk1_sent_aug_dense_0025|hsk1_sent_aug_dense_0091|hsk1_sent_aug_dense_0154|hsk1_sent_aug_dense_0160|hsk1_sent_aug_seed_004|hsk1_sent_aug_seed_044|hsk1_sent_aug_seed_045|hsk1_sent_en_zh_005|hsk1_sent_en_zh_013|hsk1_sent_en_zh_045|hsk1_sent_zh_en_013|hsk1_sent_zh_en_021|hsk1_sent_zh_en_030|hsk1_sent_zh_en_045|hsk1_sent_zh_en_056|hsk1_sent_zh_en_058|hsk1_sent_zh_qa_019
hsk26-v00125,米饭,米饭,mǐfàn,名,2,2,0,2,0,0,1,0,True,True,False,0,,hsk1_sent_aug_dense_0080|hsk1_sent_zh_en_021,hsk1_sent_aug_dense_0080|hsk1_sent_zh_en_021
hsk26-v00126,面包,面包,miànbāo,名,2,2,0,2,0,0,1,0,True,True,False,0,,hsk1_sent_aug_seed_015|hsk1_sent_zh_en_060,hsk1_sent_aug_seed_015|hsk1_sent_zh_en_060
hsk26-v00127,面条儿,面条儿,miàntiáor,名,2,2,0,2,0,0,1,0,True,True,False,0,,hsk1_sent_aug_dense_0016|hsk1_sent_en_zh_046,hsk1_sent_aug_dense_0016|hsk1_sent_en_zh_046
hsk26-v00128,明年,明年,míngnián,名,3,3,0,3,0,0,0,0,True,True,True,0,,hsk1_sent_aug_seed_028|hsk1_sent_en_zh_018|hsk1_sent_en_zh_068,hsk1_sent_aug_seed_028|hsk1_sent_en_zh_018|hsk1_sent_en_zh_068
hsk26-v00129,明天,明天,míngtiān,名,7,7,2,5,0,0,0,4,True,True,True,0,,hsk1_sent_aug_seed_024|hsk1_sent_en_zh_050|hsk1_sent_zh_en_017|hsk1_sent_zh_en_056|hsk1_sent_zh_qa_019|sent_1616132014a94024ba749c2070cc2deb|sent_9e4054bbb2f54a52b6abbd9f65d21566,hsk1_sent_aug_seed_024|hsk1_sent_en_zh_050|hsk1_sent_zh_en_017|hsk1_sent_zh_en_056|hsk1_sent_zh_qa_019|scard_05f592ae411b4affbdb4079d4dbcaf72|scard_cf514817b5944f7781d1bfe3a34fc505
hsk26-v00130,名字,名字,míngzi,名,3,3,1,2,0,0,0,0,True,True,True,0,,hsk1_sent_aug_seed_018|hsk1_sent_zh_en_051|sent_f6c4e9273f674f5f9a9f10bbf2c5b631,hsk1_sent_aug_seed_018|hsk1_sent_zh_en_051|scard_b0e3de0dc0ff4fac822c906b37016b71
hsk26-v00131,哪,哪,nǎ,代,2,2,1,1,0,0,1,0,True,True,False,0,,hsk1_sent_aug_dense_0039|sent_d6f18a0032f54d028b1a55e20f8ce91a,hsk1_sent_aug_dense_0039|scard_dc7fe4682c80437d906870030bae0912
hsk26-v00132,哪个,哪个,nǎge,代,2,2,1,1,0,0,1,0,True,True,False,0,,hsk1_sent_aug_dense_0133|sent_11311a238e5d4272b40b6a0fdbea0b6b,hsk1_sent_aug_dense_0133|scard_43e8ba2479284b1187fdefc8944e45ea
hsk26-v00133,哪里,哪里,nǎlǐ,代,2,2,1,1,0,0,1,0,True,True,False,0,,hsk1_sent_aug_seed_062|sent_bf91994c98aa4fc08e3cf05a1b3562e8,hsk1_sent_aug_seed_062|scard_ac129e812d0d429493f54204cf0aa4b5
hsk26-v00134,哪儿,哪儿,nǎr,代,3,3,1,2,0,0,0,0,True,True,True,0,,hsk1_sent_aug_dense_0099|hsk1_sent_zh_en_033|sent_421901955a8e4de89cd2ec44415425f2,hsk1_sent_aug_dense_0099|hsk1_sent_zh_en_033|scard_c279ceffaac942d7bc31af2c0d5e8a89
hsk26-v00135,哪些,哪些,nǎxiē,代,2,2,0,2,0,0,1,0,True,True,False,0,,hsk1_sent_aug_dense_0030|hsk1_sent_aug_seed_061,hsk1_sent_aug_dense_0030|hsk1_sent_aug_seed_061
hsk26-v00136,那,那,nà,代、（连）,3,3,1,2,0,0,0,0,True,True,True,0,,hsk1_sent_aug_dense_0007|hsk1_sent_aug_dense_0033|sent_ebe2a019121d4f41a55d48d467c8d770,hsk1_sent_aug_dense_0007|hsk1_sent_aug_dense_0033|scard_e40c79c844984940aee072b6dbce1116
hsk26-v00137,那边,那边,nàbiān,代,3,3,1,2,0,0,0,0,True,True,True,0,,hsk1_sent_aug_dense_0057|hsk1_sent_zh_en_047|sent_f5c17325afcd45ae9a4f63aca6550280,hsk1_sent_aug_dense_0057|hsk1_sent_zh_en_047|scard_3e07d60608cf446bb48ee2edd1af9dc2
hsk26-v00138,那个,那个,nàge,代,4,4,1,3,0,0,0,1,True,True,True,0,,hsk1_sent_en_zh_028|hsk1_sent_zh_en_028|hsk1_sent_zh_qa_015|sent_bf91994c98aa4fc08e3cf05a1b3562e8,hsk1_sent_en_zh_028|hsk1_sent_zh_en_028|hsk1_sent_zh_qa_015|scard_ac129e812d0d429493f54204cf0aa4b5
hsk26-v00139,那里,那里,nàlǐ,代,2,2,1,1,0,0,1,0,True,True,False,0,,hsk1_sent_aug_dense_0134|sent_11311a238e5d4272b40b6a0fdbea0b6b,hsk1_sent_aug_dense_0134|scard_43e8ba2479284b1187fdefc8944e45ea
hsk26-v00140,那儿,那儿,nàr,代,2,2,0,2,0,0,1,0,True,True,False,0,,hsk1_sent_aug_dense_0063|hsk1_sent_zh_en_041,hsk1_sent_aug_dense_0063|hsk1_sent_zh_en_041
hsk26-v00141,那些,那些,nàxiē,代,4,4,1,3,0,0,0,1,True,True,True,0,,hsk1_sent_en_zh_021|hsk1_sent_zh_en_059|hsk1_sent_zh_en_064|sent_83682ea952f645d386b536dfd9a54b73,hsk1_sent_en_zh_021|hsk1_sent_zh_en_059|hsk1_sent_zh_en_064|scard_c135a7bf0fb847b7a53f9b8889466e83
hsk26-v00142,男,男,nán,形,2,2,2,0,0,0,1,0,True,True,False,0,,sent_11311a238e5d4272b40b6a0fdbea0b6b|sent_d4afaa25108e4a518c70eb8ed5919c1c,scard_087e46fe1065491abf042fbd42f4eaad|scard_43e8ba2479284b1187fdefc8944e45ea
hsk26-v00143,男朋友,男朋友,nánpéngyou,名,2,2,0,2,0,0,1,0,True,True,False,0,,hsk1_sent_aug_dense_0072|hsk1_sent_en_zh_004,hsk1_sent_aug_dense_0072|hsk1_sent_en_zh_004
hsk26-v00144,呢,呢,ne,助,3,3,3,0,0,0,0,0,True,True,True,0,,sent_1dbd1d4b62b8422d8c710c88943250e0|sent_8ededb83e61e4d1e9d0d7c9dbc2e46d7|sent_e75b96c09c314974be594dc8e65b14c4,scard_5f64931045cf4a478bfe3ac9f0fea399|scard_62d34e82f41044b7a2dff120fdf19234|scard_d8878a768e11496e8b1f248e80f0a12a
hsk26-v00145,能,能,néng,动,2,2,1,1,0,0,1,0,True,True,False,0,,hsk1_sent_zh_en_069|sent_be146d132dfc44ce80c7349e8eaf038d,hsk1_sent_zh_en_069|scard_ac02cd9f550c44b9bba91e471245eaf2
hsk26-v00146,你,你,nǐ,代,25,25,8,17,0,0,0,22,True,True,True,0,,hsk1_sent_aug_dense_0039|hsk1_sent_aug_dense_0040|hsk1_sent_aug_dense_0060|hsk1_sent_aug_dense_0133|hsk1_sent_aug_seed_019|hsk1_sent_aug_seed_061|hsk1_sent_en_zh_027|hsk1_sent_en_zh_047|hsk1_sent_zh_en_014|hsk1_sent_zh_en_022|hsk1_sent_zh_en_039|hsk1_sent_zh_en_051|hsk1_sent_zh_en_069|hsk1_sent_zh_qa_014|hsk1_sent_zh_qa_015|hsk1_sent_zh_qa_030|hsk1_sent_zh_qa_058|sent_030467c180204224a0b239d79f2747a3|sent_11311a238e5d4272b40b6a0fdbea0b6b|sent_421901955a8e4de89cd2ec44415425f2|sent_7f751624bf42464d8fb1f42aaee4dbe9|sent_818fba590e7f4339a94aa8aa4ee76840|sent_848cda24621d41019eb233c2be11cc19|sent_e75b96c09c314974be594dc8e65b14c4|sent_f6c4e9273f674f5f9a9f10bbf2c5b631,hsk1_sent_aug_dense_0039|hsk1_sent_aug_dense_0040|hsk1_sent_aug_dense_0060|hsk1_sent_aug_dense_0133|hsk1_sent_aug_seed_019|hsk1_sent_aug_seed_061|hsk1_sent_en_zh_027|hsk1_sent_en_zh_047|hsk1_sent_zh_en_014|hsk1_sent_zh_en_022|hsk1_sent_zh_en_039|hsk1_sent_zh_en_051|hsk1_sent_zh_en_069|hsk1_sent_zh_qa_014|hsk1_sent_zh_qa_015|hsk1_sent_zh_qa_030|hsk1_sent_zh_qa_058|scard_00afde74ed6e4caba5f97c859c4d1164|scard_43e8ba2479284b1187fdefc8944e45ea|scard_5f64931045cf4a478bfe3ac9f0fea399|scard_5fa756027b90489d8615195d7e6d34ed|scard_b0e3de0dc0ff4fac822c906b37016b71|scard_c279ceffaac942d7bc31af2c0d5e8a89|scard_cc79883d22e2488cb038fde6386af4a9|scard_e10d64d05e4c4f02990ae4db3e21239f
hsk26-v00147,你好,你好,nǐhǎo,,2,2,0,2,0,0,1,0,True,True,False,0,,hsk1_sent_aug_dense_0137|hsk1_sent_aug_seed_018,hsk1_sent_aug_dense_0137|hsk1_sent_aug_seed_018
hsk26-v00148,你们,你们,nǐmen,代,2,2,0,2,0,0,1,0,True,True,False,0,,hsk1_sent_aug_seed_045|hsk1_sent_zh_qa_019,hsk1_sent_aug_seed_045|hsk1_sent_zh_qa_019
hsk26-v00149,年,年,nián,名、量,2,2,1,1,0,0,1,0,True,True,False,0,,hsk1_sent_aug_dense_0138|sent_162d4ce3f2e94c6cb306dec6502b17e2,hsk1_sent_aug_dense_0138|scard_634ffb595e194c45857e7c553f5263ff
hsk26-v00150,您,您,nín,代,3,3,0,3,0,0,0,0,True,True,True,0,,hsk1_sent_aug_dense_0008|hsk1_sent_aug_dense_0099|hsk1_sent_aug_seed_018,hsk1_sent_aug_dense_0008|hsk1_sent_aug_dense_0099|hsk1_sent_aug_seed_018
hsk26-v00151,牛奶,牛奶,niúnǎi,名,3,3,0,3,0,0,0,0,True,True,True,0,,hsk1_sent_aug_seed_003|hsk1_sent_en_zh_070|hsk1_sent_zh_en_010,hsk1_sent_aug_seed_003|hsk1_sent_en_zh_070|hsk1_sent_zh_en_010
hsk26-v00152,女,女,nǚ,形,2,2,2,0,0,0,1,0,True,True,False,0,,sent_bf91994c98aa4fc08e3cf05a1b3562e8|sent_d4afaa25108e4a518c70eb8ed5919c1c,scard_087e46fe1065491abf042fbd42f4eaad|scard_ac129e812d0d429493f54204cf0aa4b5
hsk26-v00153,女儿,女儿,nǚ’ér,名,3,3,0,3,0,0,0,0,True,True,True,0,,hsk1_sent_aug_dense_0072|hsk1_sent_aug_seed_010|hsk1_sent_en_zh_040,hsk1_sent_aug_dense_0072|hsk1_sent_aug_seed_010|hsk1_sent_en_zh_040
hsk26-v00154,女朋友,女朋友,nǚpéngyou,名,2,2,0,2,0,0,1,0,True,True,False,0,,hsk1_sent_zh_en_023|hsk1_sent_zh_qa_014,hsk1_sent_zh_en_023|hsk1_sent_zh_qa_014
hsk26-v00155,女士,女士,nǚshì,名,2,2,0,2,0,0,1,0,True,True,False,0,,hsk1_sent_aug_dense_0041|hsk1_sent_aug_dense_0099,hsk1_sent_aug_dense_0041|hsk1_sent_aug_dense_0099
hsk26-v00156,朋友,朋友,péngyou,名,4,4,1,3,0,0,0,1,True,True,True,0,,hsk1_sent_aug_dense_0177|hsk1_sent_aug_seed_044|hsk1_sent_zh_en_065|sent_66e33a42f8444438a0498e19abeb7479,hsk1_sent_aug_dense_0177|hsk1_sent_aug_seed_044|hsk1_sent_zh_en_065|scard_efff903469764399aa1c7ffdf74af904
hsk26-v00157,便宜,便宜,piányi,形,2,2,1,1,0,0,1,0,True,True,False,0,,hsk1_sent_aug_dense_0029|sent_e9e60ec94d954c9ebae4cc7a45b7a05a,hsk1_sent_aug_dense_0029|scard_121aaf3201934f809364dbb20798b8a7
hsk26-v00158,漂亮,漂亮,piàoliang,形,2,2,0,2,0,0,1,0,True,True,False,0,,hsk1_sent_aug_dense_0023|hsk1_sent_aug_dense_0041,hsk1_sent_aug_dense_0023|hsk1_sent_aug_dense_0041
hsk26-v00159,苹果,苹果,píngguǒ,名,8,8,4,4,0,0,0,5,True,True,True,0,,hsk1_sent_aug_dense_0164|hsk1_sent_en_zh_055|hsk1_sent_zh_en_007|hsk1_sent_zh_en_042|sent_1616132014a94024ba749c2070cc2deb|sent_49724b8b44de460e997938bf11815a72|sent_6c12a04c271b484996e067171c53abe5|sent_a926e0b8bd2d4e12b63bc363493b57c7,hsk1_sent_aug_dense_0164|hsk1_sent_en_zh_055|hsk1_sent_zh_en_007|hsk1_sent_zh_en_042|scard_1360bff52a7840c68c54a73c45e7529d|scard_28eb3f8dd29a4a81bef0f1566823594d|scard_cf514817b5944f7781d1bfe3a34fc505|scard_f6cfcb444e12434db9e58d7341ef24b9
hsk26-v00160,七,七,qī,数,2,2,0,2,0,0,1,0,True,True,False,0,,hsk1_sent_aug_dense_0003|hsk1_sent_en_zh_040,hsk1_sent_aug_dense_0003|hsk1_sent_en_zh_040
hsk26-v00161,起床,起床,qǐchuáng,动,2,2,0,2,0,0,1,0,True,True,False,0,,hsk1_sent_aug_dense_0143|hsk1_sent_zh_en_004,hsk1_sent_aug_dense_0143|hsk1_sent_zh_en_004
hsk26-v00162,千,千,qiān,数,2,2,1,1,0,0,1,0,True,True,False,0,,hsk1_sent_aug_dense_0109|sent_e9e60ec94d954c9ebae4cc7a45b7a05a,hsk1_sent_aug_dense_0109|scard_121aaf3201934f809364dbb20798b8a7
hsk26-v00163,前,前,qián,名,2,2,1,1,0,0,1,0,True,True,False,0,,hsk1_sent_aug_seed_031|sent_47b5f4878e474a33960398d6fd7ba005,hsk1_sent_aug_seed_031|scard_8580bb4d36824181a2b446d4668d7e01
hsk26-v00164,钱,钱,qián,名,2,2,0,2,0,0,1,0,True,True,False,0,,hsk1_sent_zh_en_050|hsk1_sent_zh_en_062,hsk1_sent_zh_en_050|hsk1_sent_zh_en_062
hsk26-v00165,请,请,qǐng,动,9,9,2,7,0,0,0,6,True,True,True,0,,hsk1_sent_aug_dense_0088|hsk1_sent_aug_dense_0137|hsk1_sent_en_zh_008|hsk1_sent_en_zh_026|hsk1_sent_en_zh_052|hsk1_sent_zh_en_049|hsk1_sent_zh_en_057|sent_be42931f34fe45a5a7a60499b69b4312|sent_f6c4e9273f674f5f9a9f10bbf2c5b631,hsk1_sent_aug_dense_0088|hsk1_sent_aug_dense_0137|hsk1_sent_en_zh_008|hsk1_sent_en_zh_026|hsk1_sent_en_zh_052|hsk1_sent_zh_en_049|hsk1_sent_zh_en_057|scard_b0e3de0dc0ff4fac822c906b37016b71|scard_ff9d4d60dc7b45eab5eac4458e780b07
hsk26-v00166,请问,请问,qǐngwèn,动,6,6,1,5,0,0,0,3,True,True,True,0,,hsk1_sent_aug_dense_0008|hsk1_sent_aug_dense_0099|hsk1_sent_aug_seed_018|hsk1_sent_aug_seed_051|hsk1_sent_zh_en_033|sent_848cda24621d41019eb233c2be11cc19,hsk1_sent_aug_dense_0008|hsk1_sent_aug_dense_0099|hsk1_sent_aug_seed_018|hsk1_sent_aug_seed_051|hsk1_sent_zh_en_033|scard_5fa756027b90489d8615195d7e6d34ed
hsk26-v00167,去,去,qù,动,14,14,5,9,0,0,0,11,True,True,True,0,,hsk1_sent_aug_dense_0074|hsk1_sent_aug_dense_0099|hsk1_sent_aug_seed_030|hsk1_sent_en_zh_005|hsk1_sent_en_zh_018|hsk1_sent_en_zh_053|hsk1_sent_zh_en_013|hsk1_sent_zh_en_065|hsk1_sent_zh_qa_019|sent_34f8ca673c91440c8809eab425c8d7cb|sent_5156211469c0422d97f94e18773c751f|sent_601de76421034373b2743abfa75858b2|sent_66e33a42f8444438a0498e19abeb7479|sent_8a01a89d5103418ebe49257b5df70916,hsk1_sent_aug_dense_0074|hsk1_sent_aug_dense_0099|hsk1_sent_aug_seed_030|hsk1_sent_en_zh_005|hsk1_sent_en_zh_018|hsk1_sent_en_zh_053|hsk1_sent_zh_en_013|hsk1_sent_zh_en_065|hsk1_sent_zh_qa_019|scard_04975f1e887646188b0d67c07ed0218c|scard_279454f376f2425b9256b9efab1db5ac|scard_c00f46e51b17443dbf59a55e246db1f3|scard_d45a0f2c4b0e45979b983cc9c147a6ef|scard_efff903469764399aa1c7ffdf74af904
hsk26-v00168,去年,去年,qùnián,名,2,2,0,2,0,0,1,0,True,True,False,0,,hsk1_sent_aug_dense_0145|hsk1_sent_aug_seed_027,hsk1_sent_aug_dense_0145|hsk1_sent_aug_seed_027
hsk26-v00169,热,热,rè,形,2,2,1,1,0,0,1,0,True,True,False,0,,hsk1_sent_zh_en_016|sent_59cc508e7721483abe0192efa11ffc3f,hsk1_sent_zh_en_016|scard_5bd7f86888c84417b9b7380f0b56f488
hsk26-v00170,人,人,rén,名,9,9,2,7,0,0,0,6,True,True,True,0,,hsk1_sent_aug_dense_0039|hsk1_sent_aug_dense_0052|hsk1_sent_aug_dense_0091|hsk1_sent_aug_dense_0096|hsk1_sent_aug_dense_0100|hsk1_sent_en_zh_031|hsk1_sent_zh_en_001|sent_9d827b803dbe4235921190719e6f0407|sent_d6f18a0032f54d028b1a55e20f8ce91a,hsk1_sent_aug_dense_0039|hsk1_sent_aug_dense_0052|hsk1_sent_aug_dense_0091|hsk1_sent_aug_dense_0096|hsk1_sent_aug_dense_0100|hsk1_sent_en_zh_031|hsk1_sent_zh_en_001|scard_008e69f9cf1848ab92121e66bc7f7b75|scard_dc7fe4682c80437d906870030bae0912
hsk26-v00171,认识,认识,rènshi,动,4,4,1,3,0,0,0,1,True,True,True,0,,hsk1_sent_aug_seed_017|hsk1_sent_en_zh_028|hsk1_sent_zh_qa_015|sent_b0f254fc48e840da841f36dbd0615651,hsk1_sent_aug_seed_017|hsk1_sent_en_zh_028|hsk1_sent_zh_qa_015|scard_4b79cc53afce4854b3e1a774454ba0da
hsk26-v00172,日,日,rì,量、（名）,2,2,1,1,0,0,1,0,True,True,False,0,,hsk1_sent_aug_dense_0065|sent_a7399989ac3d4768ae8a647679432e4b,hsk1_sent_aug_dense_0065|scard_97a758b7c562434da001fd017d8dd81d
hsk26-v00173,三,三,sān,数,7,7,3,4,0,0,0,4,True,True,True,0,,hsk1_sent_aug_dense_0033|hsk1_sent_en_zh_003|hsk1_sent_zh_en_002|hsk1_sent_zh_en_058|sent_24976a1023f74aa1904b98829654609c|sent_a926e0b8bd2d4e12b63bc363493b57c7|sent_d345335b423a49e79a45db26ac2f454e,hsk1_sent_aug_dense_0033|hsk1_sent_en_zh_003|hsk1_sent_zh_en_002|hsk1_sent_zh_en_058|scard_6ea77f720a3b467dab6249b0d4d78ca7|scard_b0cdcfabdc8641cdbb8474e84850e66e|scard_f6cfcb444e12434db9e58d7341ef24b9
hsk26-v00174,商店,商店,shāngdiàn,名,6,6,3,3,0,0,0,3,True,True,True,0,,hsk1_sent_en_zh_045|hsk1_sent_zh_en_006|hsk1_sent_zh_en_042|sent_65dd419a485047f184561cd99f4cc991|sent_9d827b803dbe4235921190719e6f0407|sent_e9e60ec94d954c9ebae4cc7a45b7a05a,hsk1_sent_en_zh_045|hsk1_sent_zh_en_006|hsk1_sent_zh_en_042|scard_008e69f9cf1848ab92121e66bc7f7b75|scard_121aaf3201934f809364dbb20798b8a7|scard_1b199f2124f14b11a5b3eea64215e4a1
hsk26-v00175,上,上,shàng,名、动,5,5,2,3,0,0,0,2,True,True,True,0,,hsk1_sent_aug_dense_0145|hsk1_sent_aug_seed_026|hsk1_sent_zh_en_009|sent_16a6cfa6200a421dbfa2e3b5aa491c81|sent_9386ffe143b24d46b2a376dcbbdea719,hsk1_sent_aug_dense_0145|hsk1_sent_aug_seed_026|hsk1_sent_zh_en_009|scard_b3502c10d5094e4bba14c2bbca6103b4|scard_cbfa664785ff443e89cec95ac23a9270
hsk26-v00176,上班,上班,shàngbān,动,5,5,2,3,0,0,0,2,True,True,True,0,,hsk1_sent_aug_dense_0028|hsk1_sent_aug_dense_0106|hsk1_sent_en_zh_054|sent_6309a43a347d4f56ae3e965cd3296de6|sent_bf91994c98aa4fc08e3cf05a1b3562e8,hsk1_sent_aug_dense_0028|hsk1_sent_aug_dense_0106|hsk1_sent_en_zh_054|scard_55f812f790004f5c8e41ecfa6bb260df|scard_ac129e812d0d429493f54204cf0aa4b5
hsk26-v00177,上课,上课,shàngkè,动,6,6,2,4,0,0,0,3,True,True,True,0,,hsk1_sent_aug_seed_053|hsk1_sent_en_zh_044|hsk1_sent_zh_en_005|hsk1_sent_zh_en_058|sent_24976a1023f74aa1904b98829654609c|sent_4c77126929fe49fcaeb5f503f1c5fd68,hsk1_sent_aug_seed_053|hsk1_sent_en_zh_044|hsk1_sent_zh_en_005|hsk1_sent_zh_en_058|scard_b0cdcfabdc8641cdbb8474e84850e66e|scard_b6e0f9af11e84e10b8b0757c8561ac3a
hsk26-v00178,上午,上午,shàngwǔ,名,3,3,0,3,0,0,0,0,True,True,True,0,,hsk1_sent_en_zh_012|hsk1_sent_en_zh_058|hsk1_sent_zh_en_005,hsk1_sent_en_zh_012|hsk1_sent_en_zh_058|hsk1_sent_zh_en_005
hsk26-v00179,上学,上学,shàngxué,动,2,2,0,2,0,0,1,0,True,True,False,0,,hsk1_sent_aug_dense_0018|hsk1_sent_aug_dense_0027,hsk1_sent_aug_dense_0018|hsk1_sent_aug_dense_0027
hsk26-v00180,少,少,shǎo,形、动,2,2,1,1,0,0,1,0,True,True,False,0,,hsk1_sent_aug_dense_0100|sent_9d827b803dbe4235921190719e6f0407,hsk1_sent_aug_dense_0100|scard_008e69f9cf1848ab92121e66bc7f7b75
hsk26-v00181,谁,谁,shéi,代,4,4,2,2,0,0,0,1,True,True,True,0,,hsk1_sent_aug_dense_0008|hsk1_sent_en_zh_051|sent_32ae23282e394ff19bef5f1bcbefb2c2|sent_848cda24621d41019eb233c2be11cc19,hsk1_sent_aug_dense_0008|hsk1_sent_en_zh_051|scard_2ebf014040974680a39f43bbe646c68e|scard_5fa756027b90489d8615195d7e6d34ed
hsk26-v00182,什么,什么,shénme,代,5,5,1,4,0,0,0,2,True,True,True,0,,hsk1_sent_aug_dense_0040|hsk1_sent_aug_seed_018|hsk1_sent_en_zh_024|hsk1_sent_zh_en_051|sent_e75b96c09c314974be594dc8e65b14c4,hsk1_sent_aug_dense_0040|hsk1_sent_aug_seed_018|hsk1_sent_en_zh_024|hsk1_sent_zh_en_051|scard_5f64931045cf4a478bfe3ac9f0fea399
hsk26-v00183,生病,生病,shēngbìng,动,2,2,1,1,0,0,1,0,True,True,False,0,,hsk1_sent_aug_dense_0037|sent_34f8ca673c91440c8809eab425c8d7cb,hsk1_sent_aug_dense_0037|scard_c00f46e51b17443dbf59a55e246db1f3
hsk26-v00184,十,十,shí,数,10,10,3,7,0,0,0,7,True,True,True,0,,hsk1_sent_aug_dense_0001|hsk1_sent_aug_dense_0020|hsk1_sent_aug_dense_0065|hsk1_sent_aug_dense_0138|hsk1_sent_en_zh_032|hsk1_sent_en_zh_068|hsk1_sent_zh_en_029|sent_4b7d565ec8c34a44b75070b7960217a7|sent_4c77126929fe49fcaeb5f503f1c5fd68|sent_9f38b94deeaf4000958519cea94ef95b,hsk1_sent_aug_dense_0001|hsk1_sent_aug_dense_0020|hsk1_sent_aug_dense_0065|hsk1_sent_aug_dense_0138|hsk1_sent_en_zh_032|hsk1_sent_en_zh_068|hsk1_sent_zh_en_029|scard_b6e0f9af11e84e10b8b0757c8561ac3a|scard_efb13945bdc54c6d81e5b653b3eb32b4|scard_fab0848118224e46996b553e08e7f937
hsk26-v00185,时候,时候,shíhou,名,2,2,0,2,0,0,1,0,True,True,False,0,,hsk1_sent_aug_dense_0040|hsk1_sent_aug_dense_0049,hsk1_sent_aug_dense_0040|hsk1_sent_aug_dense_0049
hsk26-v00186,时间,时间,shíjiān,名,2,2,0,2,0,0,1,0,True,True,False,0,,hsk1_sent_aug_dense_0066|hsk1_sent_aug_dense_0150,hsk1_sent_aug_dense_0066|hsk1_sent_aug_dense_0150
hsk26-v00187,事,事,shì,名,2,2,0,2,0,0,1,0,True,True,False,0,,hsk1_sent_aug_dense_0067|hsk1_sent_en_zh_050,hsk1_sent_aug_dense_0067|hsk1_sent_en_zh_050
hsk26-v00188,是,是,shì,动,36,36,17,19,0,0,0,33,True,True,True,0,,hsk1_sent_aug_dense_0013|hsk1_sent_aug_dense_0039|hsk1_sent_aug_dense_0065|hsk1_sent_aug_dense_0101|hsk1_sent_aug_dense_0133|hsk1_sent_aug_dense_0154|hsk1_sent_aug_seed_010|hsk1_sent_aug_seed_044|hsk1_sent_aug_seed_061|hsk1_sent_en_zh_011|hsk1_sent_en_zh_027|hsk1_sent_en_zh_051|hsk1_sent_en_zh_058|hsk1_sent_zh_en_022|hsk1_sent_zh_en_031|hsk1_sent_zh_en_035|hsk1_sent_zh_en_047|hsk1_sent_zh_en_053|hsk1_sent_zh_en_059|sent_030467c180204224a0b239d79f2747a3|sent_11311a238e5d4272b40b6a0fdbea0b6b|sent_171537a9c2644dedac6b191be2df3508|sent_21e4b7552883442b9a491fa3fa4d36a2|sent_32ae23282e394ff19bef5f1bcbefb2c2|sent_47b5f4878e474a33960398d6fd7ba005|sent_4fa8dac770994cbebe4b9e3841a9e133|sent_7c0ca4ce42004046b81ac9cb28f2b5aa|sent_81deeb4dad3c4e1592bf71de2b42919a|sent_83682ea952f645d386b536dfd9a54b73|sent_848cda24621d41019eb233c2be11cc19|sent_955d4777a10f44b4a4df800fd57b2b12|sent_a7399989ac3d4768ae8a647679432e4b|sent_d345335b423a49e79a45db26ac2f454e|sent_d6f18a0032f54d028b1a55e20f8ce91a|sent_d7d00eafcb964916843aed6118cadcc8|sent_ebe2a019121d4f41a55d48d467c8d770,hsk1_sent_aug_dense_0013|hsk1_sent_aug_dense_0039|hsk1_sent_aug_dense_0065|hsk1_sent_aug_dense_0101|hsk1_sent_aug_dense_0133|hsk1_sent_aug_dense_0154|hsk1_sent_aug_seed_010|hsk1_sent_aug_seed_044|hsk1_sent_aug_seed_061|hsk1_sent_en_zh_011|hsk1_sent_en_zh_027|hsk1_sent_en_zh_051|hsk1_sent_en_zh_058|hsk1_sent_zh_en_022|hsk1_sent_zh_en_031|hsk1_sent_zh_en_035|hsk1_sent_zh_en_047|hsk1_sent_zh_en_053|hsk1_sent_zh_en_059|scard_00afde74ed6e4caba5f97c859c4d1164|scard_028eb26325034ffe8f26a33f0d473a45|scard_049880a9d27c4f20b6230d8e3106607e|scard_1fed6c3b51b14f4d92ebc6aeeca094f9|scard_2ebf014040974680a39f43bbe646c68e|scard_43e8ba2479284b1187fdefc8944e45ea|scard_44a506c4da014e4b8ea2cba82a96a9c3|scard_4c21df8176754a5a98057a676a4cb559|scard_5fa756027b90489d8615195d7e6d34ed|scard_6ea77f720a3b467dab6249b0d4d78ca7|scard_8580bb4d36824181a2b446d4668d7e01|scard_97a758b7c562434da001fd017d8dd81d|scard_a9bd4598da874f438e1ddf6155ee9107|scard_af6df558c1b74827a6cecc877935ef24|scard_c135a7bf0fb847b7a53f9b8889466e83|scard_dc7fe4682c80437d906870030bae0912|scard_e40c79c844984940aee072b6dbce1116
hsk26-v00189,手机,手机,shǒujī,名,3,3,0,3,0,0,0,0,True,True,True,0,,hsk1_sent_en_zh_027|hsk1_sent_zh_en_019|hsk1_sent_zh_en_067,hsk1_sent_en_zh_027|hsk1_sent_zh_en_019|hsk1_sent_zh_en_067
hsk26-v00190,书,书,shū,名,20,20,14,6,0,0,0,17,True,True,True,0,,hsk1_sent_aug_seed_061|hsk1_sent_en_zh_063|hsk1_sent_zh_en_009|hsk1_sent_zh_en_031|hsk1_sent_zh_en_050|hsk1_sent_zh_en_063|sent_0e067ef0aa1a4bdeaf168005996ba2ef|sent_16a6cfa6200a421dbfa2e3b5aa491c81|sent_70d7f96e1b724bde97fb8c756743f10e|sent_82fb2bd8c74742a29d0483a66e641d4e|sent_83682ea952f645d386b536dfd9a54b73|sent_9386ffe143b24d46b2a376dcbbdea719|sent_955d4777a10f44b4a4df800fd57b2b12|sent_9f38b94deeaf4000958519cea94ef95b|sent_a93625ea74b0463e99208b34d8e82689|sent_c33c8ebc7c724a9491362f1e25783bd2|sent_d4afaa25108e4a518c70eb8ed5919c1c|sent_d7d00eafcb964916843aed6118cadcc8|sent_e489b1992acd4ca1baa290a9b4b38dc1|sent_f5c17325afcd45ae9a4f63aca6550280,hsk1_sent_aug_seed_061|hsk1_sent_en_zh_063|hsk1_sent_zh_en_009|hsk1_sent_zh_en_031|hsk1_sent_zh_en_050|hsk1_sent_zh_en_063|scard_049880a9d27c4f20b6230d8e3106607e|scard_087e46fe1065491abf042fbd42f4eaad|scard_3e07d60608cf446bb48ee2edd1af9dc2|scard_4839eb8b31cc4a2895fa425b8fff8c96|scard_757ae2260a5a44998607ff53d0d939c0|scard_7827e4fc916747c8a0a12fa0e765e0a6|scard_856e9eb024874d7e9c3ff3f26455b9e2|scard_997895700c1846b4b034f11be376bf16|scard_a9bd4598da874f438e1ddf6155ee9107|scard_b3502c10d5094e4bba14c2bbca6103b4|scard_c135a7bf0fb847b7a53f9b8889466e83|scard_c2b94ce3b61b4b1082c4ce01ab04bdfe|scard_cbfa664785ff443e89cec95ac23a9270|scard_efb13945bdc54c6d81e5b653b3eb32b4
hsk26-v00191,书店,书店,shūdiàn,名,3,3,1,2,0,0,0,0,True,True,True,0,,hsk1_sent_en_zh_005|hsk1_sent_zh_en_047|sent_47b5f4878e474a33960398d6fd7ba005,hsk1_sent_en_zh_005|hsk1_sent_zh_en_047|scard_8580bb4d36824181a2b446d4668d7e01
hsk26-v00192,水,水,shuǐ,名,6,6,1,5,0,0,0,3,True,True,True,0,,hsk1_sent_aug_dense_0052|hsk1_sent_aug_seed_062|hsk1_sent_en_zh_052|hsk1_sent_zh_en_049|hsk1_sent_zh_en_068|sent_4fabc5753fd441578059dd18a369fd50,hsk1_sent_aug_dense_0052|hsk1_sent_aug_seed_062|hsk1_sent_en_zh_052|hsk1_sent_zh_en_049|hsk1_sent_zh_en_068|scard_f4e8d16a656d41268c15b8553e7fe202
hsk26-v00193,水果,水果,shuǐguǒ,名,3,3,1,2,0,0,0,0,True,True,True,0,,hsk1_sent_aug_seed_036|hsk1_sent_en_zh_009|sent_0e067ef0aa1a4bdeaf168005996ba2ef,hsk1_sent_aug_seed_036|hsk1_sent_en_zh_009|scard_c2b94ce3b61b4b1082c4ce01ab04bdfe
hsk26-v00194,睡,睡,shuì,动,2,2,0,2,0,0,1,0,True,True,False,0,,hsk1_sent_aug_dense_0037|hsk1_sent_aug_dense_0068,hsk1_sent_aug_dense_0037|hsk1_sent_aug_dense_0068
hsk26-v00195,睡觉,睡觉,shuìjiào,动,3,3,0,3,0,0,0,0,True,True,True,0,,hsk1_sent_en_zh_017|hsk1_sent_en_zh_032|hsk1_sent_zh_qa_030,hsk1_sent_en_zh_017|hsk1_sent_en_zh_032|hsk1_sent_zh_qa_030
hsk26-v00196,说,说,shuō,动,4,4,3,1,0,0,0,1,True,True,True,0,,hsk1_sent_en_zh_007|sent_7f751624bf42464d8fb1f42aaee4dbe9|sent_be42931f34fe45a5a7a60499b69b4312|sent_f6c4e9273f674f5f9a9f10bbf2c5b631,hsk1_sent_en_zh_007|scard_b0e3de0dc0ff4fac822c906b37016b71|scard_cc79883d22e2488cb038fde6386af4a9|scard_ff9d4d60dc7b45eab5eac4458e780b07
hsk26-v00197,说话,说话,shuōhuà,动,4,4,2,2,0,0,0,1,True,True,True,0,,hsk1_sent_aug_dense_0049|hsk1_sent_zh_en_034|sent_49a397ac4790417ea1188e33c417fb48|sent_cf4cbc7f9e1847178411e459e6de2fc2,hsk1_sent_aug_dense_0049|hsk1_sent_zh_en_034|scard_4e3dc4d465194354b57fc65e45765480|scard_7fb4b2280aa74d64a958f2fdca88d604
hsk26-v00198,四,四,sì,数,2,2,0,2,0,0,1,0,True,True,False,0,,hsk1_sent_aug_dense_0020|hsk1_sent_zh_en_001,hsk1_sent_aug_dense_0020|hsk1_sent_zh_en_001
hsk26-v00199,岁,岁,suì,量,4,4,1,3,0,0,0,1,True,True,True,0,,hsk1_sent_en_zh_040|hsk1_sent_en_zh_068|hsk1_sent_zh_en_029|sent_4b7d565ec8c34a44b75070b7960217a7,hsk1_sent_en_zh_040|hsk1_sent_en_zh_068|hsk1_sent_zh_en_029|scard_fab0848118224e46996b553e08e7f937
hsk26-v00200,他,他,tā,代,23,23,12,11,0,0,0,20,True,True,True,0,,hsk1_sent_aug_dense_0037|hsk1_sent_aug_seed_027|hsk1_sent_en_zh_007|hsk1_sent_en_zh_025|hsk1_sent_en_zh_037|hsk1_sent_en_zh_044|hsk1_sent_zh_en_005|hsk1_sent_zh_en_019|hsk1_sent_zh_en_026|hsk1_sent_zh_en_038|hsk1_sent_zh_en_044|sent_1616132014a94024ba749c2070cc2deb|sent_34f8ca673c91440c8809eab425c8d7cb|sent_49724b8b44de460e997938bf11815a72|sent_49a397ac4790417ea1188e33c417fb48|sent_4fa8dac770994cbebe4b9e3841a9e133|sent_50e19cc76c7b4c47abe89fbc437bf18e|sent_6309a43a347d4f56ae3e965cd3296de6|sent_7c0ca4ce42004046b81ac9cb28f2b5aa|sent_982128db504f42bab4a9368dca099385|sent_be146d132dfc44ce80c7349e8eaf038d|sent_d345335b423a49e79a45db26ac2f454e|sent_d6f18a0032f54d028b1a55e20f8ce91a,hsk1_sent_aug_dense_0037|hsk1_sent_aug_seed_027|hsk1_sent_en_zh_007|hsk1_sent_en_zh_025|hsk1_sent_en_zh_037|hsk1_sent_en_zh_044|hsk1_sent_zh_en_005|hsk1_sent_zh_en_019|hsk1_sent_zh_en_026|hsk1_sent_zh_en_038|hsk1_sent_zh_en_044|scard_1fed6c3b51b14f4d92ebc6aeeca094f9|scard_28eb3f8dd29a4a81bef0f1566823594d|scard_4c21df8176754a5a98057a676a4cb559|scard_4e3dc4d465194354b57fc65e45765480|scard_55f812f790004f5c8e41ecfa6bb260df|scard_6ea77f720a3b467dab6249b0d4d78ca7|scard_9180f8a65df84ee087263a03678b776c|scard_ac02cd9f550c44b9bba91e471245eaf2|scard_c00f46e51b17443dbf59a55e246db1f3|scard_cf514817b5944f7781d1bfe3a34fc505|scard_dc7fe4682c80437d906870030bae0912|scard_ea721f9acb5341e68344d3c001f231ea
hsk26-v00201,它,它,tā,代,2,2,0,2,0,0,1,0,True,True,False,0,,hsk1_sent_aug_dense_0101|hsk1_sent_aug_dense_0152,hsk1_sent_aug_dense_0101|hsk1_sent_aug_dense_0152
hsk26-v00202,她,她,tā,代,17,17,11,6,0,0,0,14,True,True,True,0,,hsk1_sent_en_zh_002|hsk1_sent_en_zh_011|hsk1_sent_en_zh_029|hsk1_sent_en_zh_053|hsk1_sent_zh_en_006|hsk1_sent_zh_en_053|sent_18561d5478444e2c81d15f9f85e835e6|sent_1dbd1d4b62b8422d8c710c88943250e0|sent_4fabc5753fd441578059dd18a369fd50|sent_5863ab8fa394403dbe00acb444e4b73b|sent_5c6ba6a91f3846df9a91bc494d0288a7|sent_601de76421034373b2743abfa75858b2|sent_6ac43e56e9484e87bcde466994844080|sent_81deeb4dad3c4e1592bf71de2b42919a|sent_b4b7142bda1e418dbb826c23b162061e|sent_bb6b69c2a48c404caadcfb02e8ad8db0|sent_d6f18a0032f54d028b1a55e20f8ce91a,hsk1_sent_en_zh_002|hsk1_sent_en_zh_011|hsk1_sent_en_zh_029|hsk1_sent_en_zh_053|hsk1_sent_zh_en_006|hsk1_sent_zh_en_053|scard_028eb26325034ffe8f26a33f0d473a45|scard_2dcfb54349d8442eb5a99ae080b14c41|scard_3dc65bd203244a21bcf6a11fde2e33a7|scard_4a0cf7a1f4cc40528568835cfa68fc5e|scard_8671487747e6400c85ea0bae8fcaeca5|scard_8f4700f9f36b497e88b512515a00b915|scard_bde49f6ec4834f8e9322accf24d06ad9|scard_d45a0f2c4b0e45979b983cc9c147a6ef|scard_d8878a768e11496e8b1f248e80f0a12a|scard_dc7fe4682c80437d906870030bae0912|scard_f4e8d16a656d41268c15b8553e7fe202
hsk26-v00203,他们,他们,tāmen,代,3,3,2,1,0,0,0,0,True,True,True,0,,hsk1_sent_en_zh_013|sent_b0f254fc48e840da841f36dbd0615651|sent_f41c7062720541a18d1d57000d5e7137,hsk1_sent_en_zh_013|scard_4b79cc53afce4854b3e1a774454ba0da|scard_f6ac9d3bc32d4915883cac82742af623
hsk26-v00204,它们,它们,tāmen,代,2,2,1,1,0,0,1,0,True,True,False,0,,hsk1_sent_aug_dense_0154|sent_8f78fa635603499ebf1a236b3a4646e1,hsk1_sent_aug_dense_0154|scard_d85763a190764aa593327f379c2a99eb
hsk26-v00205,她们,她们,tāmen,代,2,2,1,1,0,0,1,0,True,True,False,0,,hsk1_sent_aug_seed_044|sent_07add31485cd4813a7bb064070f8ce3e,hsk1_sent_aug_seed_044|scard_bbabf078123c407c8991469701b3183e
hsk26-v00206,太,太,tài,副,6,6,1,5,0,0,0,3,True,True,True,0,,hsk1_sent_aug_dense_0109|hsk1_sent_en_zh_034|hsk1_sent_en_zh_052|hsk1_sent_zh_en_016|hsk1_sent_zh_en_054|sent_59cc508e7721483abe0192efa11ffc3f,hsk1_sent_aug_dense_0109|hsk1_sent_en_zh_034|hsk1_sent_en_zh_052|hsk1_sent_zh_en_016|hsk1_sent_zh_en_054|scard_5bd7f86888c84417b9b7380f0b56f488
hsk26-v00207,天,天,tiān,名、量,2,2,0,2,0,0,1,0,True,True,False,0,,hsk1_sent_aug_dense_0005|hsk1_sent_aug_dense_0020,hsk1_sent_aug_dense_0005|hsk1_sent_aug_dense_0020
hsk26-v00208,天气,天气,tiānqì,名,4,4,2,2,0,0,0,1,True,True,True,0,,hsk1_sent_en_zh_036|hsk1_sent_zh_en_016|sent_0888cfc8091d493090249a7bf708f791|sent_ef5a3e52ec70478f9058173a01e5db39,hsk1_sent_en_zh_036|hsk1_sent_zh_en_016|scard_8cee5399bf43469e8b2da1d4576f49ab|scard_a8e662d4086943f99cd00c68cbffffe2
hsk26-v00209,听,听,tīng,动,2,2,1,1,0,0,1,0,True,True,False,0,,hsk1_sent_en_zh_029|sent_18561d5478444e2c81d15f9f85e835e6,hsk1_sent_en_zh_029|scard_3dc65bd203244a21bcf6a11fde2e33a7
hsk26-v00210,听见,听见,tīngjiàn,动,2,2,0,2,0,0,1,0,True,True,False,0,,hsk1_sent_zh_en_034|hsk1_sent_zh_en_069,hsk1_sent_zh_en_034|hsk1_sent_zh_en_069
hsk26-v00211,同学,同学,tóngxué,名,2,2,0,2,0,0,1,0,True,True,False,0,,hsk1_sent_aug_dense_0030|hsk1_sent_aug_seed_054,hsk1_sent_aug_dense_0030|hsk1_sent_aug_seed_054
hsk26-v00212,外,外,wài,名,2,2,0,2,0,0,1,0,True,True,False,0,,hsk1_sent_aug_dense_0025|hsk1_sent_aug_dense_0157,hsk1_sent_aug_dense_0025|hsk1_sent_aug_dense_0157
hsk26-v00213,外边,外边,wàibian,名,5,5,0,5,0,0,0,2,True,True,True,0,,hsk1_sent_aug_dense_0121|hsk1_sent_aug_seed_040|hsk1_sent_en_zh_014|hsk1_sent_zh_en_032|hsk1_sent_zh_en_061,hsk1_sent_aug_dense_0121|hsk1_sent_aug_seed_040|hsk1_sent_en_zh_014|hsk1_sent_zh_en_032|hsk1_sent_zh_en_061
hsk26-v00214,玩,玩,wán,动,3,3,0,3,0,0,0,0,True,True,True,0,,hsk1_sent_aug_dense_0025|hsk1_sent_aug_dense_0121|hsk1_sent_aug_seed_040,hsk1_sent_aug_dense_0025|hsk1_sent_aug_dense_0121|hsk1_sent_aug_seed_040
hsk26-v00215,晚,晚,wǎn,形,2,2,0,2,0,0,1,0,True,True,False,0,,hsk1_sent_aug_dense_0009|hsk1_sent_aug_dense_0056,hsk1_sent_aug_dense_0009|hsk1_sent_aug_dense_0056
hsk26-v00216,晚饭,晚饭,wǎnfàn,名,3,3,1,2,0,0,0,0,True,True,True,0,,hsk1_sent_aug_dense_0080|hsk1_sent_en_zh_041|sent_5c6ba6a91f3846df9a91bc494d0288a7,hsk1_sent_aug_dense_0080|hsk1_sent_en_zh_041|scard_8671487747e6400c85ea0bae8fcaeca5
hsk26-v00217,晚上,晚上,wǎnshang,名,6,6,0,6,0,0,0,3,True,True,True,0,,hsk1_sent_aug_dense_0028|hsk1_sent_en_zh_032|hsk1_sent_en_zh_063|hsk1_sent_zh_en_030|hsk1_sent_zh_en_036|hsk1_sent_zh_qa_030,hsk1_sent_aug_dense_0028|hsk1_sent_en_zh_032|hsk1_sent_en_zh_063|hsk1_sent_zh_en_030|hsk1_sent_zh_en_036|hsk1_sent_zh_qa_030
hsk26-v00218,喂1,喂,wèi,叹,2,2,1,1,0,0,1,0,True,True,False,0,,hsk1_sent_aug_dense_0008|sent_848cda24621d41019eb233c2be11cc19,hsk1_sent_aug_dense_0008|scard_5fa756027b90489d8615195d7e6d34ed
hsk26-v00219,问,问,wèn,动,2,2,0,2,0,0,1,0,True,True,False,0,,hsk1_sent_aug_dense_0035|hsk1_sent_en_zh_057,hsk1_sent_aug_dense_0035|hsk1_sent_en_zh_057
hsk26-v00220,问题,问题,wèntí,名,2,2,0,2,0,0,1,0,True,True,False,0,,hsk1_sent_aug_dense_0044|hsk1_sent_en_zh_057,hsk1_sent_aug_dense_0044|hsk1_sent_en_zh_057
hsk26-v00221,我,我,wǒ,代,104,104,29,75,0,0,0,101,True,True,True,0,,hsk1_sent_aug_dense_0003|hsk1_sent_aug_dense_0006|hsk1_sent_aug_dense_0027|hsk1_sent_aug_dense_0028|hsk1_sent_aug_dense_0035|hsk1_sent_aug_dense_0038|hsk1_sent_aug_dense_0056|hsk1_sent_aug_dense_0058|hsk1_sent_aug_dense_0061|hsk1_sent_aug_dense_0067|hsk1_sent_aug_dense_0068|hsk1_sent_aug_dense_0072|hsk1_sent_aug_dense_0074|hsk1_sent_aug_dense_0096|hsk1_sent_aug_dense_0101|hsk1_sent_aug_dense_0104|hsk1_sent_aug_dense_0106|hsk1_sent_aug_dense_0130|hsk1_sent_aug_dense_0131|hsk1_sent_aug_dense_0143|hsk1_sent_aug_dense_0145|hsk1_sent_aug_dense_0150|hsk1_sent_aug_dense_0164|hsk1_sent_aug_seed_001|hsk1_sent_aug_seed_003|hsk1_sent_aug_seed_010|hsk1_sent_aug_seed_012|hsk1_sent_aug_seed_025|hsk1_sent_aug_seed_026|hsk1_sent_aug_seed_028|hsk1_sent_aug_seed_030|hsk1_sent_aug_seed_036|hsk1_sent_aug_seed_039|hsk1_sent_aug_seed_044|hsk1_sent_en_zh_004|hsk1_sent_en_zh_009|hsk1_sent_en_zh_012|hsk1_sent_en_zh_018|hsk1_sent_en_zh_026|hsk1_sent_en_zh_028|hsk1_sent_en_zh_032|hsk1_sent_en_zh_038|hsk1_sent_en_zh_041|hsk1_sent_en_zh_046|hsk1_sent_en_zh_050|hsk1_sent_en_zh_054|hsk1_sent_en_zh_057|hsk1_sent_en_zh_068|hsk1_sent_en_zh_070|hsk1_sent_zh_en_001|hsk1_sent_zh_en_004|hsk1_sent_zh_en_010|hsk1_sent_zh_en_015|hsk1_sent_zh_en_018|hsk1_sent_zh_en_023|hsk1_sent_zh_en_027|hsk1_sent_zh_en_031|hsk1_sent_zh_en_034|hsk1_sent_zh_en_036|hsk1_sent_zh_en_037|hsk1_sent_zh_en_039|hsk1_sent_zh_en_040|hsk1_sent_zh_en_043|hsk1_sent_zh_en_049|hsk1_sent_zh_en_052|hsk1_sent_zh_en_054|hsk1_sent_zh_en_059|hsk1_sent_zh_en_062|hsk1_sent_zh_en_065|hsk1_sent_zh_en_069|hsk1_sent_zh_en_070|hsk1_sent_zh_qa_014|hsk1_sent_zh_qa_015|hsk1_sent_zh_qa_030|hsk1_sent_zh_qa_058|sent_0e067ef0aa1a4bdeaf168005996ba2ef|sent_1616132014a94024ba749c2070cc2deb|sent_162d4ce3f2e94c6cb306dec6502b17e2|sent_18561d5478444e2c81d15f9f85e835e6|sent_21e4b7552883442b9a491fa3fa4d36a2|sent_2475b659732a473fba021e60b58e835e|sent_24976a1023f74aa1904b98829654609c|sent_34f8ca673c91440c8809eab425c8d7cb|sent_49a397ac4790417ea1188e33c417fb48|sent_4b7d565ec8c34a44b75070b7960217a7|sent_4c77126929fe49fcaeb5f503f1c5fd68|sent_5156211469c0422d97f94e18773c751f|sent_66e33a42f8444438a0498e19abeb7479|sent_70d7f96e1b724bde97fb8c756743f10e|sent_713e7d9abace43bb8309a108e6fda6dc|sent_7c0ca4ce42004046b81ac9cb28f2b5aa|sent_7f23ee9592e04a66bd55a816161ac1df|sent_7f751624bf42464d8fb1f42aaee4dbe9|sent_811b9467098649ff95cd270dee7886fa|sent_818fba590e7f4339a94aa8aa4ee76840|sent_82fb2bd8c74742a29d0483a66e641d4e|sent_83682ea952f645d386b536dfd9a54b73|sent_8a01a89d5103418ebe49257b5df70916|sent_955d4777a10f44b4a4df800fd57b2b12|sent_9f38b94deeaf4000958519cea94ef95b|sent_a93625ea74b0463e99208b34d8e82689|sent_bf91994c98aa4fc08e3cf05a1b3562e8|sent_e001ece4606c45f8b83391db76e464d5|sent_ef5a3e52ec70478f9058173a01e5db39,hsk1_sent_aug_dense_0003|hsk1_sent_aug_dense_0006|hsk1_sent_aug_dense_0027|hsk1_sent_aug_dense_0028|hsk1_sent_aug_dense_0035|hsk1_sent_aug_dense_0038|hsk1_sent_aug_dense_0056|hsk1_sent_aug_dense_0058|hsk1_sent_aug_dense_0061|hsk1_sent_aug_dense_0067|hsk1_sent_aug_dense_0068|hsk1_sent_aug_dense_0072|hsk1_sent_aug_dense_0074|hsk1_sent_aug_dense_0096|hsk1_sent_aug_dense_0101|hsk1_sent_aug_dense_0104|hsk1_sent_aug_dense_0106|hsk1_sent_aug_dense_0130|hsk1_sent_aug_dense_0131|hsk1_sent_aug_dense_0143|hsk1_sent_aug_dense_0145|hsk1_sent_aug_dense_0150|hsk1_sent_aug_dense_0164|hsk1_sent_aug_seed_001|hsk1_sent_aug_seed_003|hsk1_sent_aug_seed_010|hsk1_sent_aug_seed_012|hsk1_sent_aug_seed_025|hsk1_sent_aug_seed_026|hsk1_sent_aug_seed_028|hsk1_sent_aug_seed_030|hsk1_sent_aug_seed_036|hsk1_sent_aug_seed_039|hsk1_sent_aug_seed_044|hsk1_sent_en_zh_004|hsk1_sent_en_zh_009|hsk1_sent_en_zh_012|hsk1_sent_en_zh_018|hsk1_sent_en_zh_026|hsk1_sent_en_zh_028|hsk1_sent_en_zh_032|hsk1_sent_en_zh_038|hsk1_sent_en_zh_041|hsk1_sent_en_zh_046|hsk1_sent_en_zh_050|hsk1_sent_en_zh_054|hsk1_sent_en_zh_057|hsk1_sent_en_zh_068|hsk1_sent_en_zh_070|hsk1_sent_zh_en_001|hsk1_sent_zh_en_004|hsk1_sent_zh_en_010|hsk1_sent_zh_en_015|hsk1_sent_zh_en_018|hsk1_sent_zh_en_023|hsk1_sent_zh_en_027|hsk1_sent_zh_en_031|hsk1_sent_zh_en_034|hsk1_sent_zh_en_036|hsk1_sent_zh_en_037|hsk1_sent_zh_en_039|hsk1_sent_zh_en_040|hsk1_sent_zh_en_043|hsk1_sent_zh_en_049|hsk1_sent_zh_en_052|hsk1_sent_zh_en_054|hsk1_sent_zh_en_059|hsk1_sent_zh_en_062|hsk1_sent_zh_en_065|hsk1_sent_zh_en_069|hsk1_sent_zh_en_070|hsk1_sent_zh_qa_014|hsk1_sent_zh_qa_015|hsk1_sent_zh_qa_030|hsk1_sent_zh_qa_058|scard_04975f1e887646188b0d67c07ed0218c|scard_049880a9d27c4f20b6230d8e3106607e|scard_06dc84f9fe374c43a1d35545f145c47a|scard_279454f376f2425b9256b9efab1db5ac|scard_2e0ff88103bf4ff0b108249d4e40fb1b|scard_3dc65bd203244a21bcf6a11fde2e33a7|scard_4839eb8b31cc4a2895fa425b8fff8c96|scard_4c21df8176754a5a98057a676a4cb559|scard_4e3dc4d465194354b57fc65e45765480|scard_634ffb595e194c45857e7c553f5263ff|scard_856e9eb024874d7e9c3ff3f26455b9e2|scard_997895700c1846b4b034f11be376bf16|scard_a3c22d2282ac4ba5addc016bf8b2ee7e|scard_a8e662d4086943f99cd00c68cbffffe2|scard_ac129e812d0d429493f54204cf0aa4b5|scard_af6df558c1b74827a6cecc877935ef24|scard_b0cdcfabdc8641cdbb8474e84850e66e|scard_b1d94337f8234a789039a0148c1dbe0a|scard_b6e0f9af11e84e10b8b0757c8561ac3a|scard_c00f46e51b17443dbf59a55e246db1f3|scard_c135a7bf0fb847b7a53f9b8889466e83|scard_c2b94ce3b61b4b1082c4ce01ab04bdfe|scard_cc79883d22e2488cb038fde6386af4a9|scard_cf514817b5944f7781d1bfe3a34fc505|scard_e10d64d05e4c4f02990ae4db3e21239f|scard_efb13945bdc54c6d81e5b653b3eb32b4|scard_efff903469764399aa1c7ffdf74af904|scard_f4b438d95d5d476084e20984505665b0|scard_fab0848118224e46996b553e08e7f937
hsk26-v00222,我们,我们,wǒmen,代,12,12,0,12,0,0,0,9,True,True,True,0,,hsk1_sent_aug_dense_0091|hsk1_sent_aug_dense_0160|hsk1_sent_aug_seed_004|hsk1_sent_en_zh_005|hsk1_sent_en_zh_045|hsk1_sent_zh_en_013|hsk1_sent_zh_en_021|hsk1_sent_zh_en_030|hsk1_sent_zh_en_045|hsk1_sent_zh_en_056|hsk1_sent_zh_en_058|hsk1_sent_zh_qa_019,hsk1_sent_aug_dense_0091|hsk1_sent_aug_dense_0160|hsk1_sent_aug_seed_004|hsk1_sent_en_zh_005|hsk1_sent_en_zh_045|hsk1_sent_zh_en_013|hsk1_sent_zh_en_021|hsk1_sent_zh_en_030|hsk1_sent_zh_en_045|hsk1_sent_zh_en_056|hsk1_sent_zh_en_058|hsk1_sent_zh_qa_019
hsk26-v00223,五,五,wǔ,数,5,5,2,3,0,0,0,2,True,True,True,0,,hsk1_sent_aug_dense_0013|hsk1_sent_aug_dense_0096|hsk1_sent_aug_dense_0119|sent_1fcb8582fbf548dd95313e5c3c97a53a|sent_a7399989ac3d4768ae8a647679432e4b,hsk1_sent_aug_dense_0013|hsk1_sent_aug_dense_0096|hsk1_sent_aug_dense_0119|scard_0ef742e8c318483ba27c323271f21cc2|scard_97a758b7c562434da001fd017d8dd81d
hsk26-v00224,午饭,午饭,wǔfàn,名,2,2,0,2,0,0,1,0,True,True,False,0,,hsk1_sent_aug_dense_0024|hsk1_sent_aug_seed_004,hsk1_sent_aug_dense_0024|hsk1_sent_aug_seed_004
hsk26-v00225,喜欢,喜欢,xǐhuan,动,6,6,2,4,0,0,0,3,True,True,True,0,,hsk1_sent_aug_seed_039|hsk1_sent_en_zh_029|hsk1_sent_zh_en_028|hsk1_sent_zh_en_060|sent_2475b659732a473fba021e60b58e835e|sent_713e7d9abace43bb8309a108e6fda6dc,hsk1_sent_aug_seed_039|hsk1_sent_en_zh_029|hsk1_sent_zh_en_028|hsk1_sent_zh_en_060|scard_06dc84f9fe374c43a1d35545f145c47a|scard_2e0ff88103bf4ff0b108249d4e40fb1b
hsk26-v00226,下,下,xià,名、动、量,3,3,1,2,0,0,0,0,True,True,True,0,,hsk1_sent_aug_dense_0152|hsk1_sent_zh_en_046|sent_8f78fa635603499ebf1a236b3a4646e1,hsk1_sent_aug_dense_0152|hsk1_sent_zh_en_046|scard_d85763a190764aa593327f379c2a99eb
hsk26-v00227,下雨,下雨,xiàyǔ,,3,3,1,2,0,0,0,0,True,True,True,0,,hsk1_sent_en_zh_014|hsk1_sent_zh_en_017|sent_9346069f800947deba977982c1f84fc5,hsk1_sent_en_zh_014|hsk1_sent_zh_en_017|scard_d9b17b3aba874e70b710d43804e4b30f
hsk26-v00228,下班,下班,xiàbān,动,2,2,0,2,0,0,1,0,True,True,False,0,,hsk1_sent_aug_dense_0001|hsk1_sent_aug_dense_0130,hsk1_sent_aug_dense_0001|hsk1_sent_aug_dense_0130
hsk26-v00229,下课,下课,xiàkè,动,2,2,0,2,0,0,1,0,True,True,False,0,,hsk1_sent_aug_dense_0160|hsk1_sent_aug_seed_054,hsk1_sent_aug_dense_0160|hsk1_sent_aug_seed_054
hsk26-v00230,下午,下午,xiàwǔ,名,3,3,0,3,0,0,0,0,True,True,True,0,,hsk1_sent_en_zh_005|hsk1_sent_zh_en_005|hsk1_sent_zh_en_058,hsk1_sent_en_zh_005|hsk1_sent_zh_en_005|hsk1_sent_zh_en_058
hsk26-v00231,先生,先生,xiānsheng,名,2,2,0,2,0,0,1,0,True,True,False,0,,hsk1_sent_en_zh_028|hsk1_sent_zh_qa_015,hsk1_sent_en_zh_028|hsk1_sent_zh_qa_015
hsk26-v00232,现在,现在,xiànzài,名,6,6,0,6,0,0,0,3,True,True,True,0,,hsk1_sent_aug_dense_0001|hsk1_sent_aug_dense_0013|hsk1_sent_aug_seed_045|hsk1_sent_en_zh_047|hsk1_sent_en_zh_058|hsk1_sent_zh_en_003,hsk1_sent_aug_dense_0001|hsk1_sent_aug_dense_0013|hsk1_sent_aug_seed_045|hsk1_sent_en_zh_047|hsk1_sent_en_zh_058|hsk1_sent_zh_en_003
hsk26-v00233,想,想,xiǎng,动,10,10,0,10,0,0,0,7,True,True,True,0,,hsk1_sent_aug_dense_0037|hsk1_sent_aug_seed_036|hsk1_sent_en_zh_002|hsk1_sent_en_zh_037|hsk1_sent_en_zh_046|hsk1_sent_en_zh_070|hsk1_sent_zh_en_010|hsk1_sent_zh_en_027|hsk1_sent_zh_en_038|hsk1_sent_zh_en_065,hsk1_sent_aug_dense_0037|hsk1_sent_aug_seed_036|hsk1_sent_en_zh_002|hsk1_sent_en_zh_037|hsk1_sent_en_zh_046|hsk1_sent_en_zh_070|hsk1_sent_zh_en_010|hsk1_sent_zh_en_027|hsk1_sent_zh_en_038|hsk1_sent_zh_en_065
hsk26-v00234,小,小,xiǎo,形、前缀,3,3,1,2,0,0,0,0,True,True,True,0,,hsk1_sent_aug_dense_0154|hsk1_sent_en_zh_043|sent_8f78fa635603499ebf1a236b3a4646e1,hsk1_sent_aug_dense_0154|hsk1_sent_en_zh_043|scard_d85763a190764aa593327f379c2a99eb
hsk26-v00235,小朋友,小朋友,xiǎopéngyǒu,名,2,2,0,2,0,0,1,0,True,True,False,0,,hsk1_sent_aug_seed_040|hsk1_sent_zh_en_028,hsk1_sent_aug_seed_040|hsk1_sent_zh_en_028
hsk26-v00236,小时,小时,xiǎoshí,名,2,2,0,2,0,0,1,0,True,True,False,0,,hsk1_sent_aug_dense_0020|hsk1_sent_aug_dense_0068,hsk1_sent_aug_dense_0020|hsk1_sent_aug_dense_0068
hsk26-v00237,小学,小学,xiǎoxué,名,2,2,0,2,0,0,1,0,True,True,False,0,,hsk1_sent_aug_dense_0011|hsk1_sent_aug_dense_0018,hsk1_sent_aug_dense_0011|hsk1_sent_aug_dense_0018
hsk26-v00238,小学生,小学生,xiǎoxuéshēng,名,2,2,1,1,0,0,1,0,True,True,False,0,,hsk1_sent_zh_en_024|sent_81deeb4dad3c4e1592bf71de2b42919a,hsk1_sent_zh_en_024|scard_028eb26325034ffe8f26a33f0d473a45
hsk26-v00239,些,些,xiē,量,2,2,0,2,0,0,1,0,True,True,False,0,,hsk1_sent_aug_dense_0076|hsk1_sent_aug_dense_0175,hsk1_sent_aug_dense_0076|hsk1_sent_aug_dense_0175
hsk26-v00240,写,写,xiě,动,8,8,2,6,0,0,0,5,True,True,True,0,,hsk1_sent_aug_dense_0044|hsk1_sent_aug_seed_051|hsk1_sent_en_zh_048|hsk1_sent_zh_en_026|hsk1_sent_zh_en_055|hsk1_sent_zh_en_070|sent_2475b659732a473fba021e60b58e835e|sent_d4afaa25108e4a518c70eb8ed5919c1c,hsk1_sent_aug_dense_0044|hsk1_sent_aug_seed_051|hsk1_sent_en_zh_048|hsk1_sent_zh_en_026|hsk1_sent_zh_en_055|hsk1_sent_zh_en_070|scard_087e46fe1065491abf042fbd42f4eaad|scard_2e0ff88103bf4ff0b108249d4e40fb1b
hsk26-v00241,谢谢,谢谢,xièxie,动,3,3,1,2,0,0,0,0,True,True,True,0,,hsk1_sent_aug_seed_019|hsk1_sent_zh_en_039|sent_7f751624bf42464d8fb1f42aaee4dbe9,hsk1_sent_aug_seed_019|hsk1_sent_zh_en_039|scard_cc79883d22e2488cb038fde6386af4a9
hsk26-v00242,新,新,xīn,形,3,3,0,3,0,0,0,0,True,True,True,0,,hsk1_sent_aug_dense_0029|hsk1_sent_en_zh_037|hsk1_sent_zh_en_035,hsk1_sent_aug_dense_0029|hsk1_sent_en_zh_037|hsk1_sent_zh_en_035
hsk26-v00243,星期,星期,xīngqī,名,2,2,0,2,0,0,1,0,True,True,False,0,,hsk1_sent_aug_dense_0106|hsk1_sent_zh_en_002,hsk1_sent_aug_dense_0106|hsk1_sent_zh_en_002
hsk26-v00244,星期日,星期日,xīngqīrì,名,3,3,1,2,0,0,0,0,True,True,True,0,,hsk1_sent_aug_dense_0065|hsk1_sent_aug_seed_025|sent_9e4054bbb2f54a52b6abbd9f65d21566,hsk1_sent_aug_dense_0065|hsk1_sent_aug_seed_025|scard_05f592ae411b4affbdb4079d4dbcaf72
hsk26-v00245,星期天,星期天,xīngqītiān,名,2,2,0,2,0,0,1,0,True,True,False,0,,hsk1_sent_aug_dense_0074|hsk1_sent_aug_seed_024,hsk1_sent_aug_dense_0074|hsk1_sent_aug_seed_024
hsk26-v00246,休息,休息,xiūxi,动,2,2,0,2,0,0,1,0,True,True,False,0,,hsk1_sent_aug_dense_0028|hsk1_sent_aug_seed_025,hsk1_sent_aug_dense_0028|hsk1_sent_aug_seed_025
hsk26-v00247,学,学,xué,动,2,2,0,2,0,0,1,0,True,True,False,0,,hsk1_sent_aug_seed_028|hsk1_sent_zh_en_027,hsk1_sent_aug_seed_028|hsk1_sent_zh_en_027
hsk26-v00248,学生,学生,xuéshēng,名,9,9,5,4,0,0,0,6,True,True,True,0,,hsk1_sent_aug_dense_0044|hsk1_sent_aug_seed_053|hsk1_sent_en_zh_048|hsk1_sent_zh_en_064|sent_030467c180204224a0b239d79f2747a3|sent_11311a238e5d4272b40b6a0fdbea0b6b|sent_7c0ca4ce42004046b81ac9cb28f2b5aa|sent_d345335b423a49e79a45db26ac2f454e|sent_d4afaa25108e4a518c70eb8ed5919c1c,hsk1_sent_aug_dense_0044|hsk1_sent_aug_seed_053|hsk1_sent_en_zh_048|hsk1_sent_zh_en_064|scard_00afde74ed6e4caba5f97c859c4d1164|scard_087e46fe1065491abf042fbd42f4eaad|scard_43e8ba2479284b1187fdefc8944e45ea|scard_4c21df8176754a5a98057a676a4cb559|scard_6ea77f720a3b467dab6249b0d4d78ca7
hsk26-v00249,学习,学习,xuéxí,动,4,4,3,1,0,0,0,1,True,True,True,0,,hsk1_sent_zh_en_023|sent_601de76421034373b2743abfa75858b2|sent_7f23ee9592e04a66bd55a816161ac1df|sent_811b9467098649ff95cd270dee7886fa,hsk1_sent_zh_en_023|scard_b1d94337f8234a789039a0148c1dbe0a|scard_d45a0f2c4b0e45979b983cc9c147a6ef|scard_f4b438d95d5d476084e20984505665b0
hsk26-v00250,学校,学校,xuéxiào,名,9,9,4,5,0,0,0,6,True,True,True,0,,hsk1_sent_aug_dense_0040|hsk1_sent_aug_dense_0057|hsk1_sent_zh_en_024|hsk1_sent_zh_en_061|hsk1_sent_zh_qa_019|sent_47b5f4878e474a33960398d6fd7ba005|sent_5156211469c0422d97f94e18773c751f|sent_601de76421034373b2743abfa75858b2|sent_66e33a42f8444438a0498e19abeb7479,hsk1_sent_aug_dense_0040|hsk1_sent_aug_dense_0057|hsk1_sent_zh_en_024|hsk1_sent_zh_en_061|hsk1_sent_zh_qa_019|scard_279454f376f2425b9256b9efab1db5ac|scard_8580bb4d36824181a2b446d4668d7e01|scard_d45a0f2c4b0e45979b983cc9c147a6ef|scard_efff903469764399aa1c7ffdf74af904
hsk26-v00251,雪,雪,xuě,名,2,2,1,1,0,0,1,0,True,True,False,0,,hsk1_sent_aug_dense_0009|sent_58bb873bba1348d390f114ad77aea2a7,hsk1_sent_aug_dense_0009|scard_a64c066cdc034502ac944feb6eb69c96
hsk26-v00252,要,要,yào,动,3,3,2,1,0,0,0,0,True,True,True,0,,hsk1_sent_aug_dense_0068|sent_4fabc5753fd441578059dd18a369fd50|sent_a93625ea74b0463e99208b34d8e82689,hsk1_sent_aug_dense_0068|scard_856e9eb024874d7e9c3ff3f26455b9e2|scard_f4e8d16a656d41268c15b8553e7fe202
hsk26-v00253,也,也,yě,副,6,6,3,3,0,0,0,3,True,True,True,0,,hsk1_sent_aug_dense_0006|hsk1_sent_aug_dense_0029|hsk1_sent_aug_dense_0100|sent_171537a9c2644dedac6b191be2df3508|sent_58bb873bba1348d390f114ad77aea2a7|sent_7c0ca4ce42004046b81ac9cb28f2b5aa,hsk1_sent_aug_dense_0006|hsk1_sent_aug_dense_0029|hsk1_sent_aug_dense_0100|scard_44a506c4da014e4b8ea2cba82a96a9c3|scard_4c21df8176754a5a98057a676a4cb559|scard_a64c066cdc034502ac944feb6eb69c96
hsk26-v00254,一,一,yī,数,24,24,7,17,0,0,0,21,True,True,True,0,,hsk1_sent_aug_dense_0020|hsk1_sent_aug_dense_0038|hsk1_sent_aug_dense_0065|hsk1_sent_aug_dense_0068|hsk1_sent_aug_dense_0072|hsk1_sent_aug_dense_0091|hsk1_sent_aug_dense_0106|hsk1_sent_aug_dense_0109|hsk1_sent_aug_dense_0134|hsk1_sent_aug_dense_0138|hsk1_sent_en_zh_038|hsk1_sent_en_zh_045|hsk1_sent_en_zh_057|hsk1_sent_en_zh_068|hsk1_sent_zh_en_037|hsk1_sent_zh_en_041|hsk1_sent_zh_en_045|sent_1616132014a94024ba749c2070cc2deb|sent_162d4ce3f2e94c6cb306dec6502b17e2|sent_1fcb8582fbf548dd95313e5c3c97a53a|sent_9386ffe143b24d46b2a376dcbbdea719|sent_a7399989ac3d4768ae8a647679432e4b|sent_e9e60ec94d954c9ebae4cc7a45b7a05a|sent_ebe2a019121d4f41a55d48d467c8d770,hsk1_sent_aug_dense_0020|hsk1_sent_aug_dense_0038|hsk1_sent_aug_dense_0065|hsk1_sent_aug_dense_0068|hsk1_sent_aug_dense_0072|hsk1_sent_aug_dense_0091|hsk1_sent_aug_dense_0106|hsk1_sent_aug_dense_0109|hsk1_sent_aug_dense_0134|hsk1_sent_aug_dense_0138|hsk1_sent_en_zh_038|hsk1_sent_en_zh_045|hsk1_sent_en_zh_057|hsk1_sent_en_zh_068|hsk1_sent_zh_en_037|hsk1_sent_zh_en_041|hsk1_sent_zh_en_045|scard_0ef742e8c318483ba27c323271f21cc2|scard_121aaf3201934f809364dbb20798b8a7|scard_634ffb595e194c45857e7c553f5263ff|scard_97a758b7c562434da001fd017d8dd81d|scard_cbfa664785ff443e89cec95ac23a9270|scard_cf514817b5944f7781d1bfe3a34fc505|scard_e40c79c844984940aee072b6dbce1116
hsk26-v00255,衣服,衣服,yīfu,名,7,7,1,6,0,0,0,4,True,True,True,0,,hsk1_sent_aug_dense_0023|hsk1_sent_aug_dense_0033|hsk1_sent_en_zh_019|hsk1_sent_zh_en_006|hsk1_sent_zh_en_020|hsk1_sent_zh_qa_058|sent_bb6b69c2a48c404caadcfb02e8ad8db0,hsk1_sent_aug_dense_0023|hsk1_sent_aug_dense_0033|hsk1_sent_en_zh_019|hsk1_sent_zh_en_006|hsk1_sent_zh_en_020|hsk1_sent_zh_qa_058|scard_2dcfb54349d8442eb5a99ae080b14c41
hsk26-v00256,医生,医生,yīshēng,名,3,3,1,2,0,0,0,0,True,True,True,0,,hsk1_sent_aug_dense_0104|hsk1_sent_zh_en_022|sent_bf91994c98aa4fc08e3cf05a1b3562e8,hsk1_sent_aug_dense_0104|hsk1_sent_zh_en_022|scard_ac129e812d0d429493f54204cf0aa4b5
hsk26-v00257,医院,医院,yīyuàn,名,4,4,2,2,0,0,0,1,True,True,True,0,,hsk1_sent_zh_en_047|hsk1_sent_zh_en_061|sent_34f8ca673c91440c8809eab425c8d7cb|sent_8a01a89d5103418ebe49257b5df70916,hsk1_sent_zh_en_047|hsk1_sent_zh_en_061|scard_04975f1e887646188b0d67c07ed0218c|scard_c00f46e51b17443dbf59a55e246db1f3
hsk26-v00258,一半,一半,yíbàn,数,2,2,1,1,0,0,1,0,True,True,False,0,,hsk1_sent_aug_dense_0091|sent_818fba590e7f4339a94aa8aa4ee76840,hsk1_sent_aug_dense_0091|scard_e10d64d05e4c4f02990ae4db3e21239f
hsk26-v00259,一下,一下,yíxià,数量、（副）,3,3,2,1,0,0,0,0,True,True,True,0,,hsk1_sent_aug_dense_0035|sent_be42931f34fe45a5a7a60499b69b4312|sent_f6c4e9273f674f5f9a9f10bbf2c5b631,hsk1_sent_aug_dense_0035|scard_b0e3de0dc0ff4fac822c906b37016b71|scard_ff9d4d60dc7b45eab5eac4458e780b07
hsk26-v00260,椅子,椅子,yǐzi,名,3,3,1,2,0,0,0,0,True,True,True,0,,hsk1_sent_aug_dense_0152|hsk1_sent_zh_en_046|sent_8f78fa635603499ebf1a236b3a4646e1,hsk1_sent_aug_dense_0152|hsk1_sent_zh_en_046|scard_d85763a190764aa593327f379c2a99eb
hsk26-v00261,一点儿,一点儿,yìdiǎnr,数量,2,2,1,1,0,0,1,0,True,True,False,0,,hsk1_sent_zh_en_062|sent_c33c8ebc7c724a9491362f1e25783bd2,hsk1_sent_zh_en_062|scard_757ae2260a5a44998607ff53d0d939c0
hsk26-v00262,一些,一些,yìxiē,数量,2,2,0,2,0,0,1,0,True,True,False,0,,hsk1_sent_aug_dense_0164|hsk1_sent_aug_seed_036,hsk1_sent_aug_dense_0164|hsk1_sent_aug_seed_036
hsk26-v00263,有,有,yǒu,动,28,28,6,22,0,0,0,25,True,True,True,0,,hsk1_sent_aug_dense_0001|hsk1_sent_aug_dense_0020|hsk1_sent_aug_dense_0063|hsk1_sent_aug_dense_0072|hsk1_sent_aug_dense_0080|hsk1_sent_aug_dense_0096|hsk1_sent_aug_dense_0119|hsk1_sent_aug_dense_0134|hsk1_sent_aug_dense_0138|hsk1_sent_aug_seed_062|hsk1_sent_en_zh_003|hsk1_sent_en_zh_012|hsk1_sent_en_zh_031|hsk1_sent_en_zh_045|hsk1_sent_en_zh_050|hsk1_sent_zh_en_001|hsk1_sent_zh_en_009|hsk1_sent_zh_en_041|hsk1_sent_zh_en_045|hsk1_sent_zh_en_062|hsk1_sent_zh_en_063|hsk1_sent_zh_qa_014|sent_11311a238e5d4272b40b6a0fdbea0b6b|sent_58bb873bba1348d390f114ad77aea2a7|sent_82fb2bd8c74742a29d0483a66e641d4e|sent_9386ffe143b24d46b2a376dcbbdea719|sent_9f38b94deeaf4000958519cea94ef95b|sent_c33c8ebc7c724a9491362f1e25783bd2,hsk1_sent_aug_dense_0001|hsk1_sent_aug_dense_0020|hsk1_sent_aug_dense_0063|hsk1_sent_aug_dense_0072|hsk1_sent_aug_dense_0080|hsk1_sent_aug_dense_0096|hsk1_sent_aug_dense_0119|hsk1_sent_aug_dense_0134|hsk1_sent_aug_dense_0138|hsk1_sent_aug_seed_062|hsk1_sent_en_zh_003|hsk1_sent_en_zh_012|hsk1_sent_en_zh_031|hsk1_sent_en_zh_045|hsk1_sent_en_zh_050|hsk1_sent_zh_en_001|hsk1_sent_zh_en_009|hsk1_sent_zh_en_041|hsk1_sent_zh_en_045|hsk1_sent_zh_en_062|hsk1_sent_zh_en_063|hsk1_sent_zh_qa_014|scard_43e8ba2479284b1187fdefc8944e45ea|scard_757ae2260a5a44998607ff53d0d939c0|scard_997895700c1846b4b034f11be376bf16|scard_a64c066cdc034502ac944feb6eb69c96|scard_cbfa664785ff443e89cec95ac23a9270|scard_efb13945bdc54c6d81e5b653b3eb32b4
hsk26-v00264,有的,有的,yǒude,代,2,2,0,2,0,0,1,0,True,True,False,0,,hsk1_sent_aug_dense_0052|hsk1_sent_aug_seed_054,hsk1_sent_aug_dense_0052|hsk1_sent_aug_seed_054
hsk26-v00265,有点儿,有点儿,yǒudiǎnr,副,2,2,0,2,0,0,1,0,True,True,False,0,,hsk1_sent_en_zh_019|hsk1_sent_en_zh_043,hsk1_sent_en_zh_019|hsk1_sent_en_zh_043
hsk26-v00266,有些,有些,yǒuxiē,代、（副）,2,2,0,2,0,0,1,0,True,True,False,0,,hsk1_sent_aug_dense_0052|hsk1_sent_aug_seed_053,hsk1_sent_aug_dense_0052|hsk1_sent_aug_seed_053
hsk26-v00267,雨,雨,yǔ,名,2,2,2,0,0,0,1,0,True,True,False,0,,sent_58bb873bba1348d390f114ad77aea2a7|sent_65dd419a485047f184561cd99f4cc991,scard_1b199f2124f14b11a5b3eea64215e4a1|scard_a64c066cdc034502ac944feb6eb69c96
hsk26-v00268,元,元,yuán,量,3,3,1,2,0,0,0,0,True,True,True,0,,hsk1_sent_aug_dense_0005|hsk1_sent_aug_dense_0109|sent_e9e60ec94d954c9ebae4cc7a45b7a05a,hsk1_sent_aug_dense_0005|hsk1_sent_aug_dense_0109|scard_121aaf3201934f809364dbb20798b8a7
hsk26-v00269,月,月,yuè,名,5,5,2,3,0,0,0,2,True,True,True,0,,hsk1_sent_aug_dense_0065|hsk1_sent_aug_dense_0138|hsk1_sent_aug_seed_026|sent_1fcb8582fbf548dd95313e5c3c97a53a|sent_a7399989ac3d4768ae8a647679432e4b,hsk1_sent_aug_dense_0065|hsk1_sent_aug_dense_0138|hsk1_sent_aug_seed_026|scard_0ef742e8c318483ba27c323271f21cc2|scard_97a758b7c562434da001fd017d8dd81d
hsk26-v00270,再,再,zài,副,3,3,1,2,0,0,0,0,True,True,True,0,,hsk1_sent_aug_dense_0003|hsk1_sent_aug_dense_0035|sent_be42931f34fe45a5a7a60499b69b4312,hsk1_sent_aug_dense_0003|hsk1_sent_aug_dense_0035|scard_ff9d4d60dc7b45eab5eac4458e780b07
hsk26-v00271,在,在,zài,动、介、副,37,37,12,25,0,0,0,34,True,True,True,0,,hsk1_sent_aug_dense_0011|hsk1_sent_aug_dense_0018|hsk1_sent_aug_dense_0025|hsk1_sent_aug_dense_0121|hsk1_sent_aug_dense_0152|hsk1_sent_aug_seed_001|hsk1_sent_aug_seed_012|hsk1_sent_aug_seed_027|hsk1_sent_aug_seed_031|hsk1_sent_aug_seed_040|hsk1_sent_aug_seed_053|hsk1_sent_en_zh_008|hsk1_sent_en_zh_013|hsk1_sent_en_zh_017|hsk1_sent_en_zh_025|hsk1_sent_zh_en_006|hsk1_sent_zh_en_023|hsk1_sent_zh_en_024|hsk1_sent_zh_en_033|hsk1_sent_zh_en_034|hsk1_sent_zh_en_046|hsk1_sent_zh_en_052|hsk1_sent_zh_en_061|hsk1_sent_zh_en_064|hsk1_sent_zh_en_067|sent_07add31485cd4813a7bb064070f8ce3e|sent_162d4ce3f2e94c6cb306dec6502b17e2|sent_16a6cfa6200a421dbfa2e3b5aa491c81|sent_24976a1023f74aa1904b98829654609c|sent_47f813781d694a2aa7f7c2db42ca7264|sent_5863ab8fa394403dbe00acb444e4b73b|sent_70d7f96e1b724bde97fb8c756743f10e|sent_8f78fa635603499ebf1a236b3a4646e1|sent_bf91994c98aa4fc08e3cf05a1b3562e8|sent_d4afaa25108e4a518c70eb8ed5919c1c|sent_e75b96c09c314974be594dc8e65b14c4|sent_f5c17325afcd45ae9a4f63aca6550280,hsk1_sent_aug_dense_0011|hsk1_sent_aug_dense_0018|hsk1_sent_aug_dense_0025|hsk1_sent_aug_dense_0121|hsk1_sent_aug_dense_0152|hsk1_sent_aug_seed_001|hsk1_sent_aug_seed_012|hsk1_sent_aug_seed_027|hsk1_sent_aug_seed_031|hsk1_sent_aug_seed_040|hsk1_sent_aug_seed_053|hsk1_sent_en_zh_008|hsk1_sent_en_zh_013|hsk1_sent_en_zh_017|hsk1_sent_en_zh_025|hsk1_sent_zh_en_006|hsk1_sent_zh_en_023|hsk1_sent_zh_en_024|hsk1_sent_zh_en_033|hsk1_sent_zh_en_034|hsk1_sent_zh_en_046|hsk1_sent_zh_en_052|hsk1_sent_zh_en_061|hsk1_sent_zh_en_064|hsk1_sent_zh_en_067|scard_087e46fe1065491abf042fbd42f4eaad|scard_3e07d60608cf446bb48ee2edd1af9dc2|scard_4839eb8b31cc4a2895fa425b8fff8c96|scard_5f64931045cf4a478bfe3ac9f0fea399|scard_634ffb595e194c45857e7c553f5263ff|scard_ac129e812d0d429493f54204cf0aa4b5|scard_b0cdcfabdc8641cdbb8474e84850e66e|scard_b3502c10d5094e4bba14c2bbca6103b4|scard_b8486629a5824641ac146b2c9b6c6a35|scard_bbabf078123c407c8991469701b3183e|scard_bde49f6ec4834f8e9322accf24d06ad9|scard_d85763a190764aa593327f379c2a99eb
hsk26-v00272,再见,再见,zàijiàn,动,2,2,0,2,0,0,1,0,True,True,False,0,,hsk1_sent_aug_dense_0090|hsk1_sent_aug_dense_0177,hsk1_sent_aug_dense_0090|hsk1_sent_aug_dense_0177
hsk26-v00273,早,早,zǎo,形,2,2,0,2,0,0,1,0,True,True,False,0,,hsk1_sent_aug_dense_0066|hsk1_sent_zh_qa_030,hsk1_sent_aug_dense_0066|hsk1_sent_zh_qa_030
hsk26-v00274,早饭,早饭,zǎofàn,名,2,2,0,2,0,0,1,0,True,True,False,0,,hsk1_sent_aug_seed_003|hsk1_sent_zh_en_037,hsk1_sent_aug_seed_003|hsk1_sent_zh_en_037
hsk26-v00275,早上,早上,zǎoshang,名,4,4,0,4,0,0,0,1,True,True,True,0,,hsk1_sent_aug_seed_003|hsk1_sent_en_zh_036|hsk1_sent_en_zh_050|hsk1_sent_zh_en_004,hsk1_sent_aug_seed_003|hsk1_sent_en_zh_036|hsk1_sent_en_zh_050|hsk1_sent_zh_en_004
hsk26-v00276,怎么,怎么,zěnme,代,2,2,0,2,0,0,1,0,True,True,False,0,,hsk1_sent_aug_seed_051|hsk1_sent_zh_en_055,hsk1_sent_aug_seed_051|hsk1_sent_zh_en_055
hsk26-v00277,怎么样,怎么样,zěnmeyàng,代,2,2,0,2,0,0,1,0,True,True,False,0,,hsk1_sent_aug_dense_0060|hsk1_sent_aug_dense_0168,hsk1_sent_aug_dense_0060|hsk1_sent_aug_dense_0168
hsk26-v00278,找,找,zhǎo,动,2,2,0,2,0,0,1,0,True,True,False,0,,hsk1_sent_aug_dense_0008|hsk1_sent_aug_dense_0104,hsk1_sent_aug_dense_0008|hsk1_sent_aug_dense_0104
hsk26-v00279,这,这,zhè,代,16,16,6,10,0,0,0,13,True,True,True,0,,hsk1_sent_aug_dense_0016|hsk1_sent_aug_dense_0029|hsk1_sent_aug_dense_0067|hsk1_sent_aug_dense_0094|hsk1_sent_en_zh_019|hsk1_sent_en_zh_027|hsk1_sent_zh_en_020|hsk1_sent_zh_en_031|hsk1_sent_zh_en_050|hsk1_sent_zh_qa_058|sent_8f78fa635603499ebf1a236b3a4646e1|sent_955d4777a10f44b4a4df800fd57b2b12|sent_a93625ea74b0463e99208b34d8e82689|sent_c33c8ebc7c724a9491362f1e25783bd2|sent_d7d00eafcb964916843aed6118cadcc8|sent_e9e60ec94d954c9ebae4cc7a45b7a05a,hsk1_sent_aug_dense_0016|hsk1_sent_aug_dense_0029|hsk1_sent_aug_dense_0067|hsk1_sent_aug_dense_0094|hsk1_sent_en_zh_019|hsk1_sent_en_zh_027|hsk1_sent_zh_en_020|hsk1_sent_zh_en_031|hsk1_sent_zh_en_050|hsk1_sent_zh_qa_058|scard_049880a9d27c4f20b6230d8e3106607e|scard_121aaf3201934f809364dbb20798b8a7|scard_757ae2260a5a44998607ff53d0d939c0|scard_856e9eb024874d7e9c3ff3f26455b9e2|scard_a9bd4598da874f438e1ddf6155ee9107|scard_d85763a190764aa593327f379c2a99eb
hsk26-v00280,这边,这边,zhèbiān,代,2,2,0,2,0,0,1,0,True,True,False,0,,hsk1_sent_en_zh_008|hsk1_sent_zh_en_047,hsk1_sent_en_zh_008|hsk1_sent_zh_en_047
hsk26-v00281,这个,这个,zhège,代,14,14,3,11,0,0,0,11,True,True,True,0,,hsk1_sent_aug_dense_0041|hsk1_sent_aug_dense_0074|hsk1_sent_aug_dense_0168|hsk1_sent_aug_seed_051|hsk1_sent_en_zh_015|hsk1_sent_en_zh_034|hsk1_sent_en_zh_043|hsk1_sent_en_zh_051|hsk1_sent_zh_en_007|hsk1_sent_zh_en_035|hsk1_sent_zh_en_055|sent_6c12a04c271b484996e067171c53abe5|sent_818fba590e7f4339a94aa8aa4ee76840|sent_a926e0b8bd2d4e12b63bc363493b57c7,hsk1_sent_aug_dense_0041|hsk1_sent_aug_dense_0074|hsk1_sent_aug_dense_0168|hsk1_sent_aug_seed_051|hsk1_sent_en_zh_015|hsk1_sent_en_zh_034|hsk1_sent_en_zh_043|hsk1_sent_en_zh_051|hsk1_sent_zh_en_007|hsk1_sent_zh_en_035|hsk1_sent_zh_en_055|scard_1360bff52a7840c68c54a73c45e7529d|scard_e10d64d05e4c4f02990ae4db3e21239f|scard_f6cfcb444e12434db9e58d7341ef24b9
hsk26-v00282,这里,这里,zhèlǐ,代,4,4,1,3,0,0,0,1,True,True,True,0,,hsk1_sent_en_zh_055|hsk1_sent_zh_en_014|hsk1_sent_zh_en_063|sent_e001ece4606c45f8b83391db76e464d5,hsk1_sent_en_zh_055|hsk1_sent_zh_en_014|hsk1_sent_zh_en_063|scard_a3c22d2282ac4ba5addc016bf8b2ee7e
hsk26-v00283,这儿,这儿,zhèr,代,2,2,0,2,0,0,1,0,True,True,False,0,,hsk1_sent_aug_dense_0021|hsk1_sent_en_zh_003,hsk1_sent_aug_dense_0021|hsk1_sent_en_zh_003
hsk26-v00284,这些,这些,zhèxiē,代,3,3,1,2,0,0,0,0,True,True,True,0,,hsk1_sent_en_zh_048|hsk1_sent_zh_en_008|sent_e489b1992acd4ca1baa290a9b4b38dc1,hsk1_sent_en_zh_048|hsk1_sent_zh_en_008|scard_7827e4fc916747c8a0a12fa0e765e0a6
hsk26-v00285,真,真,zhēn,副、（形）,2,2,1,1,0,0,1,0,True,True,False,0,,hsk1_sent_aug_dense_0021|sent_6c12a04c271b484996e067171c53abe5,hsk1_sent_aug_dense_0021|scard_1360bff52a7840c68c54a73c45e7529d
hsk26-v00286,正在,正在,zhèngzài,副,6,6,2,4,0,0,0,3,True,True,True,0,,hsk1_sent_en_zh_020|hsk1_sent_en_zh_049|hsk1_sent_zh_en_011|hsk1_sent_zh_en_070|sent_1dbd1d4b62b8422d8c710c88943250e0|sent_6ac43e56e9484e87bcde466994844080,hsk1_sent_en_zh_020|hsk1_sent_en_zh_049|hsk1_sent_zh_en_011|hsk1_sent_zh_en_070|scard_8f4700f9f36b497e88b512515a00b915|scard_d8878a768e11496e8b1f248e80f0a12a
hsk26-v00287,只,只,zhī,量,5,5,2,3,0,0,0,2,True,True,True,0,,hsk1_sent_en_zh_003|hsk1_sent_en_zh_038|hsk1_sent_zh_en_045|sent_8f78fa635603499ebf1a236b3a4646e1|sent_ebe2a019121d4f41a55d48d467c8d770,hsk1_sent_en_zh_003|hsk1_sent_en_zh_038|hsk1_sent_zh_en_045|scard_d85763a190764aa593327f379c2a99eb|scard_e40c79c844984940aee072b6dbce1116
hsk26-v00288,知道,知道,zhīdào,动,4,4,2,2,0,0,0,1,True,True,True,0,,hsk1_sent_aug_dense_0067|hsk1_sent_zh_en_040|sent_bf91994c98aa4fc08e3cf05a1b3562e8|sent_d6f18a0032f54d028b1a55e20f8ce91a,hsk1_sent_aug_dense_0067|hsk1_sent_zh_en_040|scard_ac129e812d0d429493f54204cf0aa4b5|scard_dc7fe4682c80437d906870030bae0912
hsk26-v00289,中国,中国,Zhōngguó,名,6,6,1,5,0,0,0,3,True,True,True,0,,hsk1_sent_aug_dense_0058|hsk1_sent_aug_seed_027|hsk1_sent_aug_seed_030|hsk1_sent_en_zh_018|hsk1_sent_zh_en_052|sent_162d4ce3f2e94c6cb306dec6502b17e2,hsk1_sent_aug_dense_0058|hsk1_sent_aug_seed_027|hsk1_sent_aug_seed_030|hsk1_sent_en_zh_018|hsk1_sent_zh_en_052|scard_634ffb595e194c45857e7c553f5263ff
hsk26-v00290,中文,中文,Zhōngwén,名,3,3,0,3,0,0,0,0,True,True,True,0,,hsk1_sent_en_zh_012|hsk1_sent_zh_en_027|hsk1_sent_zh_en_070,hsk1_sent_en_zh_012|hsk1_sent_zh_en_027|hsk1_sent_zh_en_070
hsk26-v00291,中午,中午,zhōngwǔ,名,3,3,0,3,0,0,0,0,True,True,True,0,,hsk1_sent_aug_seed_004|hsk1_sent_en_zh_024|hsk1_sent_zh_en_021,hsk1_sent_aug_seed_004|hsk1_sent_en_zh_024|hsk1_sent_zh_en_021
hsk26-v00292,中学,中学,zhōngxué,名,2,2,0,2,0,0,1,0,True,True,False,0,,hsk1_sent_aug_dense_0011|hsk1_sent_aug_dense_0074,hsk1_sent_aug_dense_0011|hsk1_sent_aug_dense_0074
hsk26-v00293,中学生,中学生,zhōngxuéshēng,名,2,2,0,2,0,0,1,0,True,True,False,0,,hsk1_sent_aug_seed_010|hsk1_sent_zh_en_053,hsk1_sent_aug_seed_010|hsk1_sent_zh_en_053
hsk26-v00294,住,住,zhù,动,4,4,2,2,0,0,0,1,True,True,True,0,,hsk1_sent_aug_dense_0005|hsk1_sent_zh_en_052|sent_162d4ce3f2e94c6cb306dec6502b17e2|sent_421901955a8e4de89cd2ec44415425f2,hsk1_sent_aug_dense_0005|hsk1_sent_zh_en_052|scard_634ffb595e194c45857e7c553f5263ff|scard_c279ceffaac942d7bc31af2c0d5e8a89
hsk26-v00295,桌子,桌子,zhuōzi,名,3,3,2,1,0,0,0,0,True,True,True,0,,hsk1_sent_zh_en_009|sent_16a6cfa6200a421dbfa2e3b5aa491c81|sent_9386ffe143b24d46b2a376dcbbdea719,hsk1_sent_zh_en_009|scard_b3502c10d5094e4bba14c2bbca6103b4|scard_cbfa664785ff443e89cec95ac23a9270
hsk26-v00296,字,字,zì,名,4,4,2,2,0,0,0,1,True,True,True,0,,hsk1_sent_aug_seed_051|hsk1_sent_zh_en_055|sent_2475b659732a473fba021e60b58e835e|sent_d4afaa25108e4a518c70eb8ed5919c1c,hsk1_sent_aug_seed_051|hsk1_sent_zh_en_055|scard_087e46fe1065491abf042fbd42f4eaad|scard_2e0ff88103bf4ff0b108249d4e40fb1b
hsk26-v00297,昨天,昨天,zuótiān,名,3,3,1,2,0,0,0,0,True,True,True,0,,hsk1_sent_en_zh_044|hsk1_sent_zh_en_043|sent_6309a43a347d4f56ae3e965cd3296de6,hsk1_sent_en_zh_044|hsk1_sent_zh_en_043|scard_55f812f790004f5c8e41ecfa6bb260df
hsk26-v00298,坐,坐,zuò,动,8,8,2,6,0,0,0,5,True,True,True,0,,hsk1_sent_aug_dense_0137|hsk1_sent_aug_seed_030|hsk1_sent_en_zh_008|hsk1_sent_en_zh_054|hsk1_sent_zh_en_014|hsk1_sent_zh_en_038|sent_5156211469c0422d97f94e18773c751f|sent_e001ece4606c45f8b83391db76e464d5,hsk1_sent_aug_dense_0137|hsk1_sent_aug_seed_030|hsk1_sent_en_zh_008|hsk1_sent_en_zh_054|hsk1_sent_zh_en_014|hsk1_sent_zh_en_038|scard_279454f376f2425b9256b9efab1db5ac|scard_a3c22d2282ac4ba5addc016bf8b2ee7e
hsk26-v00299,做,做,zuò,动,2,2,2,0,0,0,1,0,True,True,False,0,,sent_818fba590e7f4339a94aa8aa4ee76840|sent_e75b96c09c314974be594dc8e65b14c4,scard_5f64931045cf4a478bfe3ac9f0fea399|scard_e10d64d05e4c4f02990ae4db3e21239f
hsk26-v00300,做饭,做饭,zuòfàn,,2,2,1,1,0,0,1,0,True,True,False,0,,hsk1_sent_zh_en_011|sent_8ededb83e61e4d1e9d0d7c9dbc2e46d7,hsk1_sent_zh_en_011|scard_62d34e82f41044b7a2dff120fdf19234
